
Packet number: 1  Packet Len: 86

	Ethernet Header
		Dest MAC: 34:c9:3d:d:55:9d
		Source MAC: a0:7f:8a:2f:ab:cf
		Type: IPv6

	IP Header
		IP PDU Len: 0
		Header Len (bytes): 0
		TTL: 254
		Protocol: Unknown
		Checksum: Incorrect (0x0000)
		Sender IP: 0.0.0.0
		Dest IP: 162.127.138.255

Packet number: 2  Packet Len: 78

	Ethernet Header
		Dest MAC: a0:7f:8a:2f:ab:cf
		Source MAC: 34:c9:3d:d:55:9d
		Type: IPv6

	IP Header
		IP PDU Len: 0
		Header Len (bytes): 0
		TTL: 38
		Protocol: Unknown
		Checksum: Incorrect (0x6c52)
		Sender IP: 125.240.137.160
		Dest IP: 173.18.185.215

Packet number: 3  Packet Len: 91

	Ethernet Header
		Dest MAC: a0:7f:8a:2f:ab:cf
		Source MAC: 34:c9:3d:d:55:9d
		Type: IPv6

	IP Header
		IP PDU Len: 40975
		Header Len (bytes): 0
		TTL: 38
		Protocol: Unknown
		Checksum: Incorrect (0x6c52)
		Sender IP: 125.240.137.160
		Dest IP: 173.18.185.215

Packet number: 4  Packet Len: 89

	Ethernet Header
		Dest MAC: 34:c9:3d:d:55:9d
		Source MAC: a0:7f:8a:2f:ab:cf
		Type: IPv6

	IP Header
		IP PDU Len: 0
		Header Len (bytes): 0
		TTL: 38
		Protocol: Unknown
		Checksum: Incorrect (0xf8b0)
		Sender IP: 64.7.8.1
		Dest IP: 0.0.0.0

Packet number: 5  Packet Len: 1294

	Ethernet Header
		Dest MAC: a0:7f:8a:2f:ab:cf
		Source MAC: 34:c9:3d:d:55:9d
		Type: IPv6

	IP Header
		IP PDU Len: 10831
		Header Len (bytes): 0
		TTL: 38
		Protocol: Unknown
		Checksum: Incorrect (0x6c52)
		Sender IP: 125.240.137.160
		Dest IP: 173.18.185.215

Packet number: 6  Packet Len: 1294

	Ethernet Header
		Dest MAC: a0:7f:8a:2f:ab:cf
		Source MAC: 34:c9:3d:d:55:9d
		Type: IPv6

	IP Header
		IP PDU Len: 10831
		Header Len (bytes): 0
		TTL: 38
		Protocol: Unknown
		Checksum: Incorrect (0x6c52)
		Sender IP: 125.240.137.160
		Dest IP: 173.18.185.215

Packet number: 7  Packet Len: 787

	Ethernet Header
		Dest MAC: a0:7f:8a:2f:ab:cf
		Source MAC: 34:c9:3d:d:55:9d
		Type: IPv6

	IP Header
		IP PDU Len: 10831
		Header Len (bytes): 0
		TTL: 38
		Protocol: Unknown
		Checksum: Incorrect (0x6c52)
		Sender IP: 125.240.137.160
		Dest IP: 173.18.185.215

Packet number: 8  Packet Len: 223

	Ethernet Header
		Dest MAC: 34:c9:3d:d:55:9d
		Source MAC: a0:7f:8a:2f:ab:cf
		Type: IPv6

	IP Header
		IP PDU Len: 0
		Header Len (bytes): 0
		TTL: 38
		Protocol: Unknown
		Checksum: Incorrect (0xf8b0)
		Sender IP: 64.7.8.20
		Dest IP: 0.0.0.0

Packet number: 9  Packet Len: 93

	Ethernet Header
		Dest MAC: a0:7f:8a:2f:ab:cf
		Source MAC: 34:c9:3d:d:55:9d
		Type: IPv6

	IP Header
		IP PDU Len: 30727
		Header Len (bytes): 0
		TTL: 38
		Protocol: Unknown
		Checksum: Incorrect (0x6c52)
		Sender IP: 125.240.137.160
		Dest IP: 173.18.185.215

Packet number: 10  Packet Len: 191

	Ethernet Header
		Dest MAC: 34:c9:3d:d:55:9d
		Source MAC: a0:7f:8a:2f:ab:cf
		Type: IPv6

	IP Header
		IP PDU Len: 0
		Header Len (bytes): 0
		TTL: 38
		Protocol: Unknown
		Checksum: Incorrect (0xf8b0)
		Sender IP: 64.5.0.16
		Dest IP: 0.0.0.0

Packet number: 11  Packet Len: 100

	Ethernet Header
		Dest MAC: a0:7f:8a:2f:ab:cf
		Source MAC: 34:c9:3d:d:55:9d
		Type: IPv6

	IP Header
		IP PDU Len: 10831
		Header Len (bytes): 0
		TTL: 38
		Protocol: Unknown
		Checksum: Incorrect (0x6c52)
		Sender IP: 125.240.137.160
		Dest IP: 173.18.185.215

Packet number: 12  Packet Len: 1290

	Ethernet Header
		Dest MAC: 34:c9:3d:d:55:9d
		Source MAC: a0:7f:8a:2f:ab:cf
		Type: IPv6

	IP Header
		IP PDU Len: 0
		Header Len (bytes): 0
		TTL: 38
		Protocol: Unknown
		Checksum: Incorrect (0xf8b0)
		Sender IP: 64.5.0.16
		Dest IP: 0.0.0.0

Packet number: 13  Packet Len: 1294

	Ethernet Header
		Dest MAC: 34:c9:3d:d:55:9d
		Source MAC: a0:7f:8a:2f:ab:cf
		Type: IPv6

	IP Header
		IP PDU Len: 0
		Header Len (bytes): 0
		TTL: 38
		Protocol: Unknown
		Checksum: Incorrect (0xf8b0)
		Sender IP: 64.5.0.16
		Dest IP: 0.0.0.0

Packet number: 14  Packet Len: 1294

	Ethernet Header
		Dest MAC: 34:c9:3d:d:55:9d
		Source MAC: a0:7f:8a:2f:ab:cf
		Type: IPv6

	IP Header
		IP PDU Len: 0
		Header Len (bytes): 0
		TTL: 38
		Protocol: Unknown
		Checksum: Incorrect (0xf8b0)
		Sender IP: 64.5.0.16
		Dest IP: 0.0.0.0

Packet number: 15  Packet Len: 1294

	Ethernet Header
		Dest MAC: 34:c9:3d:d:55:9d
		Source MAC: a0:7f:8a:2f:ab:cf
		Type: IPv6

	IP Header
		IP PDU Len: 0
		Header Len (bytes): 0
		TTL: 38
		Protocol: Unknown
		Checksum: Incorrect (0xf8b0)
		Sender IP: 64.5.0.16
		Dest IP: 0.0.0.0

Packet number: 16  Packet Len: 1294

	Ethernet Header
		Dest MAC: 34:c9:3d:d:55:9d
		Source MAC: a0:7f:8a:2f:ab:cf
		Type: IPv6

	IP Header
		IP PDU Len: 0
		Header Len (bytes): 0
		TTL: 38
		Protocol: Unknown
		Checksum: Incorrect (0xf8b0)
		Sender IP: 64.5.0.16
		Dest IP: 0.0.0.0

Packet number: 17  Packet Len: 1294

	Ethernet Header
		Dest MAC: 34:c9:3d:d:55:9d
		Source MAC: a0:7f:8a:2f:ab:cf
		Type: IPv6

	IP Header
		IP PDU Len: 0
		Header Len (bytes): 0
		TTL: 38
		Protocol: Unknown
		Checksum: Incorrect (0xf8b0)
		Sender IP: 64.5.0.16
		Dest IP: 0.0.0.0

Packet number: 18  Packet Len: 1294

	Ethernet Header
		Dest MAC: 34:c9:3d:d:55:9d
		Source MAC: a0:7f:8a:2f:ab:cf
		Type: IPv6

	IP Header
		IP PDU Len: 0
		Header Len (bytes): 0
		TTL: 38
		Protocol: Unknown
		Checksum: Incorrect (0xf8b0)
		Sender IP: 64.5.0.16
		Dest IP: 0.0.0.0

Packet number: 19  Packet Len: 1294

	Ethernet Header
		Dest MAC: 34:c9:3d:d:55:9d
		Source MAC: a0:7f:8a:2f:ab:cf
		Type: IPv6

	IP Header
		IP PDU Len: 0
		Header Len (bytes): 0
		TTL: 38
		Protocol: Unknown
		Checksum: Incorrect (0xf8b0)
		Sender IP: 64.5.0.16
		Dest IP: 0.0.0.0

Packet number: 20  Packet Len: 1294

	Ethernet Header
		Dest MAC: 34:c9:3d:d:55:9d
		Source MAC: a0:7f:8a:2f:ab:cf
		Type: IPv6

	IP Header
		IP PDU Len: 0
		Header Len (bytes): 0
		TTL: 38
		Protocol: Unknown
		Checksum: Incorrect (0xf8b0)
		Sender IP: 64.5.0.16
		Dest IP: 0.0.0.0

Packet number: 21  Packet Len: 1294

	Ethernet Header
		Dest MAC: 34:c9:3d:d:55:9d
		Source MAC: a0:7f:8a:2f:ab:cf
		Type: IPv6

	IP Header
		IP PDU Len: 0
		Header Len (bytes): 0
		TTL: 38
		Protocol: Unknown
		Checksum: Incorrect (0xf8b0)
		Sender IP: 64.5.0.16
		Dest IP: 0.0.0.0

Packet number: 22  Packet Len: 1294

	Ethernet Header
		Dest MAC: 34:c9:3d:d:55:9d
		Source MAC: a0:7f:8a:2f:ab:cf
		Type: IPv6

	IP Header
		IP PDU Len: 0
		Header Len (bytes): 0
		TTL: 38
		Protocol: Unknown
		Checksum: Incorrect (0xf8b0)
		Sender IP: 64.5.0.16
		Dest IP: 0.0.0.0

Packet number: 23  Packet Len: 1294

	Ethernet Header
		Dest MAC: 34:c9:3d:d:55:9d
		Source MAC: a0:7f:8a:2f:ab:cf
		Type: IPv6

	IP Header
		IP PDU Len: 0
		Header Len (bytes): 0
		TTL: 38
		Protocol: Unknown
		Checksum: Incorrect (0xf8b0)
		Sender IP: 64.5.0.16
		Dest IP: 0.0.0.0

Packet number: 24  Packet Len: 95

	Ethernet Header
		Dest MAC: a0:7f:8a:2f:ab:cf
		Source MAC: 34:c9:3d:d:55:9d
		Type: IPv6

	IP Header
		IP PDU Len: 10831
		Header Len (bytes): 0
		TTL: 38
		Protocol: Unknown
		Checksum: Incorrect (0x6c52)
		Sender IP: 125.240.137.160
		Dest IP: 173.18.185.215

Packet number: 25  Packet Len: 86

	Ethernet Header
		Dest MAC: a0:7f:8a:2f:ab:cf
		Source MAC: 34:c9:3d:d:55:9d
		Type: IPv6

	IP Header
		IP PDU Len: 20256
		Header Len (bytes): 0
		TTL: 38
		Protocol: Unknown
		Checksum: Incorrect (0x6c52)
		Sender IP: 125.240.137.160
		Dest IP: 173.18.185.215

Packet number: 26  Packet Len: 66

	Ethernet Header
		Dest MAC: a0:7f:8a:2f:ab:cf
		Source MAC: 34:c9:3d:d:55:9d
		Type: IP

	IP Header
		IP PDU Len: 52
		Header Len (bytes): 20
		TTL: 64
		Protocol: TCP
		Checksum: Correct (0x1dcb)
		Sender IP: 192.168.1.20
		Dest IP: 34.107.221.82

	TCP Header
		Segment Length: 32
		Source Port:  53894
		Dest Port:  HTTP
		Sequence Number: 3758107000
		ACK Number: 2649838975
		Data Offset (bytes): 32
		SYN Flag: No
		RST Flag: No
		FIN Flag: No
		ACK Flag: Yes
		Window Size: 501
		Checksum: Incorrect (0xc1a0)

Packet number: 27  Packet Len: 1294

	Ethernet Header
		Dest MAC: 34:c9:3d:d:55:9d
		Source MAC: a0:7f:8a:2f:ab:cf
		Type: IPv6

	IP Header
		IP PDU Len: 0
		Header Len (bytes): 0
		TTL: 38
		Protocol: Unknown
		Checksum: Incorrect (0xf8b0)
		Sender IP: 64.5.0.16
		Dest IP: 0.0.0.0

Packet number: 28  Packet Len: 1294

	Ethernet Header
		Dest MAC: 34:c9:3d:d:55:9d
		Source MAC: a0:7f:8a:2f:ab:cf
		Type: IPv6

	IP Header
		IP PDU Len: 0
		Header Len (bytes): 0
		TTL: 38
		Protocol: Unknown
		Checksum: Incorrect (0xf8b0)
		Sender IP: 64.5.0.16
		Dest IP: 0.0.0.0

Packet number: 29  Packet Len: 1294

	Ethernet Header
		Dest MAC: 34:c9:3d:d:55:9d
		Source MAC: a0:7f:8a:2f:ab:cf
		Type: IPv6

	IP Header
		IP PDU Len: 0
		Header Len (bytes): 0
		TTL: 38
		Protocol: Unknown
		Checksum: Incorrect (0xf8b0)
		Sender IP: 64.5.0.16
		Dest IP: 0.0.0.0

Packet number: 30  Packet Len: 1294

	Ethernet Header
		Dest MAC: 34:c9:3d:d:55:9d
		Source MAC: a0:7f:8a:2f:ab:cf
		Type: IPv6

	IP Header
		IP PDU Len: 0
		Header Len (bytes): 0
		TTL: 38
		Protocol: Unknown
		Checksum: Incorrect (0xf8b0)
		Sender IP: 64.5.0.16
		Dest IP: 0.0.0.0

Packet number: 31  Packet Len: 1294

	Ethernet Header
		Dest MAC: 34:c9:3d:d:55:9d
		Source MAC: a0:7f:8a:2f:ab:cf
		Type: IPv6

	IP Header
		IP PDU Len: 0
		Header Len (bytes): 0
		TTL: 38
		Protocol: Unknown
		Checksum: Incorrect (0xf8b0)
		Sender IP: 64.5.0.16
		Dest IP: 0.0.0.0

Packet number: 32  Packet Len: 1294

	Ethernet Header
		Dest MAC: 34:c9:3d:d:55:9d
		Source MAC: a0:7f:8a:2f:ab:cf
		Type: IPv6

	IP Header
		IP PDU Len: 0
		Header Len (bytes): 0
		TTL: 38
		Protocol: Unknown
		Checksum: Incorrect (0xf8b0)
		Sender IP: 64.5.0.16
		Dest IP: 0.0.0.0

Packet number: 33  Packet Len: 1294

	Ethernet Header
		Dest MAC: 34:c9:3d:d:55:9d
		Source MAC: a0:7f:8a:2f:ab:cf
		Type: IPv6

	IP Header
		IP PDU Len: 0
		Header Len (bytes): 0
		TTL: 38
		Protocol: Unknown
		Checksum: Incorrect (0xf8b0)
		Sender IP: 64.5.0.16
		Dest IP: 0.0.0.0

Packet number: 34  Packet Len: 1294

	Ethernet Header
		Dest MAC: 34:c9:3d:d:55:9d
		Source MAC: a0:7f:8a:2f:ab:cf
		Type: IPv6

	IP Header
		IP PDU Len: 0
		Header Len (bytes): 0
		TTL: 38
		Protocol: Unknown
		Checksum: Incorrect (0xf8b0)
		Sender IP: 64.5.0.16
		Dest IP: 0.0.0.0

Packet number: 35  Packet Len: 1294

	Ethernet Header
		Dest MAC: 34:c9:3d:d:55:9d
		Source MAC: a0:7f:8a:2f:ab:cf
		Type: IPv6

	IP Header
		IP PDU Len: 0
		Header Len (bytes): 0
		TTL: 38
		Protocol: Unknown
		Checksum: Incorrect (0xf8b0)
		Sender IP: 64.5.0.16
		Dest IP: 0.0.0.0

Packet number: 36  Packet Len: 1294

	Ethernet Header
		Dest MAC: 34:c9:3d:d:55:9d
		Source MAC: a0:7f:8a:2f:ab:cf
		Type: IPv6

	IP Header
		IP PDU Len: 0
		Header Len (bytes): 0
		TTL: 38
		Protocol: Unknown
		Checksum: Incorrect (0xf8b0)
		Sender IP: 64.5.0.16
		Dest IP: 0.0.0.0

Packet number: 37  Packet Len: 1294

	Ethernet Header
		Dest MAC: 34:c9:3d:d:55:9d
		Source MAC: a0:7f:8a:2f:ab:cf
		Type: IPv6

	IP Header
		IP PDU Len: 0
		Header Len (bytes): 0
		TTL: 38
		Protocol: Unknown
		Checksum: Incorrect (0xf8b0)
		Sender IP: 64.5.0.16
		Dest IP: 0.0.0.0

Packet number: 38  Packet Len: 1294

	Ethernet Header
		Dest MAC: 34:c9:3d:d:55:9d
		Source MAC: a0:7f:8a:2f:ab:cf
		Type: IPv6

	IP Header
		IP PDU Len: 0
		Header Len (bytes): 0
		TTL: 38
		Protocol: Unknown
		Checksum: Incorrect (0xf8b0)
		Sender IP: 64.5.0.16
		Dest IP: 0.0.0.0

Packet number: 39  Packet Len: 1294

	Ethernet Header
		Dest MAC: 34:c9:3d:d:55:9d
		Source MAC: a0:7f:8a:2f:ab:cf
		Type: IPv6

	IP Header
		IP PDU Len: 0
		Header Len (bytes): 0
		TTL: 38
		Protocol: Unknown
		Checksum: Incorrect (0xf8b0)
		Sender IP: 64.5.0.16
		Dest IP: 0.0.0.0

Packet number: 40  Packet Len: 1294

	Ethernet Header
		Dest MAC: 34:c9:3d:d:55:9d
		Source MAC: a0:7f:8a:2f:ab:cf
		Type: IPv6

	IP Header
		IP PDU Len: 0
		Header Len (bytes): 0
		TTL: 38
		Protocol: Unknown
		Checksum: Incorrect (0xf8b0)
		Sender IP: 64.5.0.16
		Dest IP: 0.0.0.0

Packet number: 41  Packet Len: 1294

	Ethernet Header
		Dest MAC: 34:c9:3d:d:55:9d
		Source MAC: a0:7f:8a:2f:ab:cf
		Type: IPv6

	IP Header
		IP PDU Len: 0
		Header Len (bytes): 0
		TTL: 38
		Protocol: Unknown
		Checksum: Incorrect (0xf8b0)
		Sender IP: 64.5.0.16
		Dest IP: 0.0.0.0

Packet number: 42  Packet Len: 1294

	Ethernet Header
		Dest MAC: 34:c9:3d:d:55:9d
		Source MAC: a0:7f:8a:2f:ab:cf
		Type: IPv6

	IP Header
		IP PDU Len: 0
		Header Len (bytes): 0
		TTL: 38
		Protocol: Unknown
		Checksum: Incorrect (0xf8b0)
		Sender IP: 64.5.0.16
		Dest IP: 0.0.0.0

Packet number: 43  Packet Len: 95

	Ethernet Header
		Dest MAC: a0:7f:8a:2f:ab:cf
		Source MAC: 34:c9:3d:d:55:9d
		Type: IPv6

	IP Header
		IP PDU Len: 10831
		Header Len (bytes): 0
		TTL: 38
		Protocol: Unknown
		Checksum: Incorrect (0x6c52)
		Sender IP: 125.240.137.160
		Dest IP: 173.18.185.215

Packet number: 44  Packet Len: 1294

	Ethernet Header
		Dest MAC: 34:c9:3d:d:55:9d
		Source MAC: a0:7f:8a:2f:ab:cf
		Type: IPv6

	IP Header
		IP PDU Len: 0
		Header Len (bytes): 0
		TTL: 38
		Protocol: Unknown
		Checksum: Incorrect (0xf8b0)
		Sender IP: 64.5.0.16
		Dest IP: 0.0.0.0

Packet number: 45  Packet Len: 1294

	Ethernet Header
		Dest MAC: 34:c9:3d:d:55:9d
		Source MAC: a0:7f:8a:2f:ab:cf
		Type: IPv6

	IP Header
		IP PDU Len: 0
		Header Len (bytes): 0
		TTL: 38
		Protocol: Unknown
		Checksum: Incorrect (0xf8b0)
		Sender IP: 64.5.0.16
		Dest IP: 0.0.0.0

Packet number: 46  Packet Len: 1294

	Ethernet Header
		Dest MAC: 34:c9:3d:d:55:9d
		Source MAC: a0:7f:8a:2f:ab:cf
		Type: IPv6

	IP Header
		IP PDU Len: 0
		Header Len (bytes): 0
		TTL: 38
		Protocol: Unknown
		Checksum: Incorrect (0xf8b0)
		Sender IP: 64.5.0.16
		Dest IP: 0.0.0.0

Packet number: 47  Packet Len: 1294

	Ethernet Header
		Dest MAC: 34:c9:3d:d:55:9d
		Source MAC: a0:7f:8a:2f:ab:cf
		Type: IPv6

	IP Header
		IP PDU Len: 0
		Header Len (bytes): 0
		TTL: 38
		Protocol: Unknown
		Checksum: Incorrect (0xf8b0)
		Sender IP: 64.5.0.16
		Dest IP: 0.0.0.0

Packet number: 48  Packet Len: 1294

	Ethernet Header
		Dest MAC: 34:c9:3d:d:55:9d
		Source MAC: a0:7f:8a:2f:ab:cf
		Type: IPv6

	IP Header
		IP PDU Len: 0
		Header Len (bytes): 0
		TTL: 38
		Protocol: Unknown
		Checksum: Incorrect (0xf8b0)
		Sender IP: 64.5.0.16
		Dest IP: 0.0.0.0

Packet number: 49  Packet Len: 1294

	Ethernet Header
		Dest MAC: 34:c9:3d:d:55:9d
		Source MAC: a0:7f:8a:2f:ab:cf
		Type: IPv6

	IP Header
		IP PDU Len: 0
		Header Len (bytes): 0
		TTL: 38
		Protocol: Unknown
		Checksum: Incorrect (0xf8b0)
		Sender IP: 64.5.0.16
		Dest IP: 0.0.0.0

Packet number: 50  Packet Len: 1294

	Ethernet Header
		Dest MAC: 34:c9:3d:d:55:9d
		Source MAC: a0:7f:8a:2f:ab:cf
		Type: IPv6

	IP Header
		IP PDU Len: 0
		Header Len (bytes): 0
		TTL: 38
		Protocol: Unknown
		Checksum: Incorrect (0xf8b0)
		Sender IP: 64.5.0.16
		Dest IP: 0.0.0.0

Packet number: 51  Packet Len: 1294

	Ethernet Header
		Dest MAC: 34:c9:3d:d:55:9d
		Source MAC: a0:7f:8a:2f:ab:cf
		Type: IPv6

	IP Header
		IP PDU Len: 0
		Header Len (bytes): 0
		TTL: 38
		Protocol: Unknown
		Checksum: Incorrect (0xf8b0)
		Sender IP: 64.5.0.16
		Dest IP: 0.0.0.0

Packet number: 52  Packet Len: 1294

	Ethernet Header
		Dest MAC: 34:c9:3d:d:55:9d
		Source MAC: a0:7f:8a:2f:ab:cf
		Type: IPv6

	IP Header
		IP PDU Len: 0
		Header Len (bytes): 0
		TTL: 38
		Protocol: Unknown
		Checksum: Incorrect (0xf8b0)
		Sender IP: 64.5.0.16
		Dest IP: 0.0.0.0

Packet number: 53  Packet Len: 1294

	Ethernet Header
		Dest MAC: 34:c9:3d:d:55:9d
		Source MAC: a0:7f:8a:2f:ab:cf
		Type: IPv6

	IP Header
		IP PDU Len: 0
		Header Len (bytes): 0
		TTL: 38
		Protocol: Unknown
		Checksum: Incorrect (0xf8b0)
		Sender IP: 64.5.0.16
		Dest IP: 0.0.0.0

Packet number: 54  Packet Len: 1294

	Ethernet Header
		Dest MAC: 34:c9:3d:d:55:9d
		Source MAC: a0:7f:8a:2f:ab:cf
		Type: IPv6

	IP Header
		IP PDU Len: 0
		Header Len (bytes): 0
		TTL: 38
		Protocol: Unknown
		Checksum: Incorrect (0xf8b0)
		Sender IP: 64.5.0.16
		Dest IP: 0.0.0.0

Packet number: 55  Packet Len: 1294

	Ethernet Header
		Dest MAC: 34:c9:3d:d:55:9d
		Source MAC: a0:7f:8a:2f:ab:cf
		Type: IPv6

	IP Header
		IP PDU Len: 0
		Header Len (bytes): 0
		TTL: 38
		Protocol: Unknown
		Checksum: Incorrect (0xf8b0)
		Sender IP: 64.5.0.16
		Dest IP: 0.0.0.0

Packet number: 56  Packet Len: 1294

	Ethernet Header
		Dest MAC: 34:c9:3d:d:55:9d
		Source MAC: a0:7f:8a:2f:ab:cf
		Type: IPv6

	IP Header
		IP PDU Len: 0
		Header Len (bytes): 0
		TTL: 38
		Protocol: Unknown
		Checksum: Incorrect (0xf8b0)
		Sender IP: 64.5.0.16
		Dest IP: 0.0.0.0

Packet number: 57  Packet Len: 1294

	Ethernet Header
		Dest MAC: 34:c9:3d:d:55:9d
		Source MAC: a0:7f:8a:2f:ab:cf
		Type: IPv6

	IP Header
		IP PDU Len: 0
		Header Len (bytes): 0
		TTL: 38
		Protocol: Unknown
		Checksum: Incorrect (0xf8b0)
		Sender IP: 64.5.0.16
		Dest IP: 0.0.0.0

Packet number: 58  Packet Len: 1294

	Ethernet Header
		Dest MAC: 34:c9:3d:d:55:9d
		Source MAC: a0:7f:8a:2f:ab:cf
		Type: IPv6

	IP Header
		IP PDU Len: 0
		Header Len (bytes): 0
		TTL: 38
		Protocol: Unknown
		Checksum: Incorrect (0xf8b0)
		Sender IP: 64.5.0.16
		Dest IP: 0.0.0.0

Packet number: 59  Packet Len: 95

	Ethernet Header
		Dest MAC: a0:7f:8a:2f:ab:cf
		Source MAC: 34:c9:3d:d:55:9d
		Type: IPv6

	IP Header
		IP PDU Len: 10831
		Header Len (bytes): 0
		TTL: 38
		Protocol: Unknown
		Checksum: Incorrect (0x6c52)
		Sender IP: 125.240.137.160
		Dest IP: 173.18.185.215

Packet number: 60  Packet Len: 1294

	Ethernet Header
		Dest MAC: 34:c9:3d:d:55:9d
		Source MAC: a0:7f:8a:2f:ab:cf
		Type: IPv6

	IP Header
		IP PDU Len: 0
		Header Len (bytes): 0
		TTL: 38
		Protocol: Unknown
		Checksum: Incorrect (0xf8b0)
		Sender IP: 64.5.0.16
		Dest IP: 0.0.0.0

Packet number: 61  Packet Len: 1294

	Ethernet Header
		Dest MAC: 34:c9:3d:d:55:9d
		Source MAC: a0:7f:8a:2f:ab:cf
		Type: IPv6

	IP Header
		IP PDU Len: 0
		Header Len (bytes): 0
		TTL: 38
		Protocol: Unknown
		Checksum: Incorrect (0xf8b0)
		Sender IP: 64.5.0.16
		Dest IP: 0.0.0.0

Packet number: 62  Packet Len: 1294

	Ethernet Header
		Dest MAC: 34:c9:3d:d:55:9d
		Source MAC: a0:7f:8a:2f:ab:cf
		Type: IPv6

	IP Header
		IP PDU Len: 0
		Header Len (bytes): 0
		TTL: 38
		Protocol: Unknown
		Checksum: Incorrect (0xf8b0)
		Sender IP: 64.5.0.16
		Dest IP: 0.0.0.0

Packet number: 63  Packet Len: 1294

	Ethernet Header
		Dest MAC: 34:c9:3d:d:55:9d
		Source MAC: a0:7f:8a:2f:ab:cf
		Type: IPv6

	IP Header
		IP PDU Len: 0
		Header Len (bytes): 0
		TTL: 38
		Protocol: Unknown
		Checksum: Incorrect (0xf8b0)
		Sender IP: 64.5.0.16
		Dest IP: 0.0.0.0

Packet number: 64  Packet Len: 1294

	Ethernet Header
		Dest MAC: 34:c9:3d:d:55:9d
		Source MAC: a0:7f:8a:2f:ab:cf
		Type: IPv6

	IP Header
		IP PDU Len: 0
		Header Len (bytes): 0
		TTL: 38
		Protocol: Unknown
		Checksum: Incorrect (0xf8b0)
		Sender IP: 64.5.0.16
		Dest IP: 0.0.0.0

Packet number: 65  Packet Len: 1294

	Ethernet Header
		Dest MAC: 34:c9:3d:d:55:9d
		Source MAC: a0:7f:8a:2f:ab:cf
		Type: IPv6

	IP Header
		IP PDU Len: 0
		Header Len (bytes): 0
		TTL: 38
		Protocol: Unknown
		Checksum: Incorrect (0xf8b0)
		Sender IP: 64.5.0.16
		Dest IP: 0.0.0.0

Packet number: 66  Packet Len: 1294

	Ethernet Header
		Dest MAC: 34:c9:3d:d:55:9d
		Source MAC: a0:7f:8a:2f:ab:cf
		Type: IPv6

	IP Header
		IP PDU Len: 0
		Header Len (bytes): 0
		TTL: 38
		Protocol: Unknown
		Checksum: Incorrect (0xf8b0)
		Sender IP: 64.5.0.16
		Dest IP: 0.0.0.0

Packet number: 67  Packet Len: 1294

	Ethernet Header
		Dest MAC: 34:c9:3d:d:55:9d
		Source MAC: a0:7f:8a:2f:ab:cf
		Type: IPv6

	IP Header
		IP PDU Len: 0
		Header Len (bytes): 0
		TTL: 38
		Protocol: Unknown
		Checksum: Incorrect (0xf8b0)
		Sender IP: 64.5.0.16
		Dest IP: 0.0.0.0

Packet number: 68  Packet Len: 1294

	Ethernet Header
		Dest MAC: 34:c9:3d:d:55:9d
		Source MAC: a0:7f:8a:2f:ab:cf
		Type: IPv6

	IP Header
		IP PDU Len: 0
		Header Len (bytes): 0
		TTL: 38
		Protocol: Unknown
		Checksum: Incorrect (0xf8b0)
		Sender IP: 64.5.0.16
		Dest IP: 0.0.0.0

Packet number: 69  Packet Len: 1294

	Ethernet Header
		Dest MAC: 34:c9:3d:d:55:9d
		Source MAC: a0:7f:8a:2f:ab:cf
		Type: IPv6

	IP Header
		IP PDU Len: 0
		Header Len (bytes): 0
		TTL: 38
		Protocol: Unknown
		Checksum: Incorrect (0xf8b0)
		Sender IP: 64.5.0.16
		Dest IP: 0.0.0.0

Packet number: 70  Packet Len: 1294

	Ethernet Header
		Dest MAC: 34:c9:3d:d:55:9d
		Source MAC: a0:7f:8a:2f:ab:cf
		Type: IPv6

	IP Header
		IP PDU Len: 0
		Header Len (bytes): 0
		TTL: 38
		Protocol: Unknown
		Checksum: Incorrect (0xf8b0)
		Sender IP: 64.5.0.16
		Dest IP: 0.0.0.0

Packet number: 71  Packet Len: 1294

	Ethernet Header
		Dest MAC: 34:c9:3d:d:55:9d
		Source MAC: a0:7f:8a:2f:ab:cf
		Type: IPv6

	IP Header
		IP PDU Len: 0
		Header Len (bytes): 0
		TTL: 38
		Protocol: Unknown
		Checksum: Incorrect (0xf8b0)
		Sender IP: 64.5.0.16
		Dest IP: 0.0.0.0

Packet number: 72  Packet Len: 1294

	Ethernet Header
		Dest MAC: 34:c9:3d:d:55:9d
		Source MAC: a0:7f:8a:2f:ab:cf
		Type: IPv6

	IP Header
		IP PDU Len: 0
		Header Len (bytes): 0
		TTL: 38
		Protocol: Unknown
		Checksum: Incorrect (0xf8b0)
		Sender IP: 64.5.0.16
		Dest IP: 0.0.0.0

Packet number: 73  Packet Len: 1294

	Ethernet Header
		Dest MAC: 34:c9:3d:d:55:9d
		Source MAC: a0:7f:8a:2f:ab:cf
		Type: IPv6

	IP Header
		IP PDU Len: 0
		Header Len (bytes): 0
		TTL: 38
		Protocol: Unknown
		Checksum: Incorrect (0xf8b0)
		Sender IP: 64.5.0.16
		Dest IP: 0.0.0.0

Packet number: 74  Packet Len: 1294

	Ethernet Header
		Dest MAC: 34:c9:3d:d:55:9d
		Source MAC: a0:7f:8a:2f:ab:cf
		Type: IPv6

	IP Header
		IP PDU Len: 0
		Header Len (bytes): 0
		TTL: 38
		Protocol: Unknown
		Checksum: Incorrect (0xf8b0)
		Sender IP: 64.5.0.16
		Dest IP: 0.0.0.0

Packet number: 75  Packet Len: 1294

	Ethernet Header
		Dest MAC: 34:c9:3d:d:55:9d
		Source MAC: a0:7f:8a:2f:ab:cf
		Type: IPv6

	IP Header
		IP PDU Len: 0
		Header Len (bytes): 0
		TTL: 38
		Protocol: Unknown
		Checksum: Incorrect (0xf8b0)
		Sender IP: 64.5.0.16
		Dest IP: 0.0.0.0

Packet number: 76  Packet Len: 1294

	Ethernet Header
		Dest MAC: 34:c9:3d:d:55:9d
		Source MAC: a0:7f:8a:2f:ab:cf
		Type: IPv6

	IP Header
		IP PDU Len: 0
		Header Len (bytes): 0
		TTL: 38
		Protocol: Unknown
		Checksum: Incorrect (0xf8b0)
		Sender IP: 64.5.0.16
		Dest IP: 0.0.0.0

Packet number: 77  Packet Len: 95

	Ethernet Header
		Dest MAC: a0:7f:8a:2f:ab:cf
		Source MAC: 34:c9:3d:d:55:9d
		Type: IPv6

	IP Header
		IP PDU Len: 10831
		Header Len (bytes): 0
		TTL: 38
		Protocol: Unknown
		Checksum: Incorrect (0x6c52)
		Sender IP: 125.240.137.160
		Dest IP: 173.18.185.215

Packet number: 78  Packet Len: 1294

	Ethernet Header
		Dest MAC: 34:c9:3d:d:55:9d
		Source MAC: a0:7f:8a:2f:ab:cf
		Type: IPv6

	IP Header
		IP PDU Len: 0
		Header Len (bytes): 0
		TTL: 38
		Protocol: Unknown
		Checksum: Incorrect (0xf8b0)
		Sender IP: 64.5.0.16
		Dest IP: 0.0.0.0

Packet number: 79  Packet Len: 1294

	Ethernet Header
		Dest MAC: 34:c9:3d:d:55:9d
		Source MAC: a0:7f:8a:2f:ab:cf
		Type: IPv6

	IP Header
		IP PDU Len: 0
		Header Len (bytes): 0
		TTL: 38
		Protocol: Unknown
		Checksum: Incorrect (0xf8b0)
		Sender IP: 64.5.0.16
		Dest IP: 0.0.0.0

Packet number: 80  Packet Len: 1294

	Ethernet Header
		Dest MAC: 34:c9:3d:d:55:9d
		Source MAC: a0:7f:8a:2f:ab:cf
		Type: IPv6

	IP Header
		IP PDU Len: 0
		Header Len (bytes): 0
		TTL: 38
		Protocol: Unknown
		Checksum: Incorrect (0xf8b0)
		Sender IP: 64.5.0.16
		Dest IP: 0.0.0.0

Packet number: 81  Packet Len: 1294

	Ethernet Header
		Dest MAC: 34:c9:3d:d:55:9d
		Source MAC: a0:7f:8a:2f:ab:cf
		Type: IPv6

	IP Header
		IP PDU Len: 0
		Header Len (bytes): 0
		TTL: 38
		Protocol: Unknown
		Checksum: Incorrect (0xf8b0)
		Sender IP: 64.5.0.16
		Dest IP: 0.0.0.0

Packet number: 82  Packet Len: 95

	Ethernet Header
		Dest MAC: a0:7f:8a:2f:ab:cf
		Source MAC: 34:c9:3d:d:55:9d
		Type: IPv6

	IP Header
		IP PDU Len: 10831
		Header Len (bytes): 0
		TTL: 38
		Protocol: Unknown
		Checksum: Incorrect (0x6c52)
		Sender IP: 125.240.137.160
		Dest IP: 173.18.185.215

Packet number: 83  Packet Len: 1294

	Ethernet Header
		Dest MAC: 34:c9:3d:d:55:9d
		Source MAC: a0:7f:8a:2f:ab:cf
		Type: IPv6

	IP Header
		IP PDU Len: 0
		Header Len (bytes): 0
		TTL: 38
		Protocol: Unknown
		Checksum: Incorrect (0xf8b0)
		Sender IP: 64.5.0.16
		Dest IP: 0.0.0.0

Packet number: 84  Packet Len: 1294

	Ethernet Header
		Dest MAC: 34:c9:3d:d:55:9d
		Source MAC: a0:7f:8a:2f:ab:cf
		Type: IPv6

	IP Header
		IP PDU Len: 0
		Header Len (bytes): 0
		TTL: 38
		Protocol: Unknown
		Checksum: Incorrect (0xf8b0)
		Sender IP: 64.5.0.16
		Dest IP: 0.0.0.0

Packet number: 85  Packet Len: 1294

	Ethernet Header
		Dest MAC: 34:c9:3d:d:55:9d
		Source MAC: a0:7f:8a:2f:ab:cf
		Type: IPv6

	IP Header
		IP PDU Len: 0
		Header Len (bytes): 0
		TTL: 38
		Protocol: Unknown
		Checksum: Incorrect (0xf8b0)
		Sender IP: 64.5.0.16
		Dest IP: 0.0.0.0

Packet number: 86  Packet Len: 1294

	Ethernet Header
		Dest MAC: 34:c9:3d:d:55:9d
		Source MAC: a0:7f:8a:2f:ab:cf
		Type: IPv6

	IP Header
		IP PDU Len: 0
		Header Len (bytes): 0
		TTL: 38
		Protocol: Unknown
		Checksum: Incorrect (0xf8b0)
		Sender IP: 64.5.0.16
		Dest IP: 0.0.0.0

Packet number: 87  Packet Len: 95

	Ethernet Header
		Dest MAC: a0:7f:8a:2f:ab:cf
		Source MAC: 34:c9:3d:d:55:9d
		Type: IPv6

	IP Header
		IP PDU Len: 10831
		Header Len (bytes): 0
		TTL: 38
		Protocol: Unknown
		Checksum: Incorrect (0x6c52)
		Sender IP: 125.240.137.160
		Dest IP: 173.18.185.215

Packet number: 88  Packet Len: 1294

	Ethernet Header
		Dest MAC: 34:c9:3d:d:55:9d
		Source MAC: a0:7f:8a:2f:ab:cf
		Type: IPv6

	IP Header
		IP PDU Len: 0
		Header Len (bytes): 0
		TTL: 38
		Protocol: Unknown
		Checksum: Incorrect (0xf8b0)
		Sender IP: 64.5.0.16
		Dest IP: 0.0.0.0

Packet number: 89  Packet Len: 1294

	Ethernet Header
		Dest MAC: 34:c9:3d:d:55:9d
		Source MAC: a0:7f:8a:2f:ab:cf
		Type: IPv6

	IP Header
		IP PDU Len: 0
		Header Len (bytes): 0
		TTL: 38
		Protocol: Unknown
		Checksum: Incorrect (0xf8b0)
		Sender IP: 64.5.0.16
		Dest IP: 0.0.0.0

Packet number: 90  Packet Len: 1294

	Ethernet Header
		Dest MAC: 34:c9:3d:d:55:9d
		Source MAC: a0:7f:8a:2f:ab:cf
		Type: IPv6

	IP Header
		IP PDU Len: 0
		Header Len (bytes): 0
		TTL: 38
		Protocol: Unknown
		Checksum: Incorrect (0xf8b0)
		Sender IP: 64.5.0.16
		Dest IP: 0.0.0.0

Packet number: 91  Packet Len: 1294

	Ethernet Header
		Dest MAC: 34:c9:3d:d:55:9d
		Source MAC: a0:7f:8a:2f:ab:cf
		Type: IPv6

	IP Header
		IP PDU Len: 0
		Header Len (bytes): 0
		TTL: 38
		Protocol: Unknown
		Checksum: Incorrect (0xf8b0)
		Sender IP: 64.5.0.16
		Dest IP: 0.0.0.0

Packet number: 92  Packet Len: 1294

	Ethernet Header
		Dest MAC: 34:c9:3d:d:55:9d
		Source MAC: a0:7f:8a:2f:ab:cf
		Type: IPv6

	IP Header
		IP PDU Len: 0
		Header Len (bytes): 0
		TTL: 38
		Protocol: Unknown
		Checksum: Incorrect (0xf8b0)
		Sender IP: 64.5.0.16
		Dest IP: 0.0.0.0

Packet number: 93  Packet Len: 1294

	Ethernet Header
		Dest MAC: 34:c9:3d:d:55:9d
		Source MAC: a0:7f:8a:2f:ab:cf
		Type: IPv6

	IP Header
		IP PDU Len: 0
		Header Len (bytes): 0
		TTL: 38
		Protocol: Unknown
		Checksum: Incorrect (0xf8b0)
		Sender IP: 64.5.0.16
		Dest IP: 0.0.0.0

Packet number: 94  Packet Len: 1294

	Ethernet Header
		Dest MAC: 34:c9:3d:d:55:9d
		Source MAC: a0:7f:8a:2f:ab:cf
		Type: IPv6

	IP Header
		IP PDU Len: 0
		Header Len (bytes): 0
		TTL: 38
		Protocol: Unknown
		Checksum: Incorrect (0xf8b0)
		Sender IP: 64.5.0.16
		Dest IP: 0.0.0.0

Packet number: 95  Packet Len: 1294

	Ethernet Header
		Dest MAC: 34:c9:3d:d:55:9d
		Source MAC: a0:7f:8a:2f:ab:cf
		Type: IPv6

	IP Header
		IP PDU Len: 0
		Header Len (bytes): 0
		TTL: 38
		Protocol: Unknown
		Checksum: Incorrect (0xf8b0)
		Sender IP: 64.5.0.16
		Dest IP: 0.0.0.0

Packet number: 96  Packet Len: 95

	Ethernet Header
		Dest MAC: a0:7f:8a:2f:ab:cf
		Source MAC: 34:c9:3d:d:55:9d
		Type: IPv6

	IP Header
		IP PDU Len: 10831
		Header Len (bytes): 0
		TTL: 38
		Protocol: Unknown
		Checksum: Incorrect (0x6c52)
		Sender IP: 125.240.137.160
		Dest IP: 173.18.185.215

Packet number: 97  Packet Len: 1294

	Ethernet Header
		Dest MAC: 34:c9:3d:d:55:9d
		Source MAC: a0:7f:8a:2f:ab:cf
		Type: IPv6

	IP Header
		IP PDU Len: 0
		Header Len (bytes): 0
		TTL: 38
		Protocol: Unknown
		Checksum: Incorrect (0xf8b0)
		Sender IP: 64.5.0.16
		Dest IP: 0.0.0.0

Packet number: 98  Packet Len: 1294

	Ethernet Header
		Dest MAC: 34:c9:3d:d:55:9d
		Source MAC: a0:7f:8a:2f:ab:cf
		Type: IPv6

	IP Header
		IP PDU Len: 0
		Header Len (bytes): 0
		TTL: 38
		Protocol: Unknown
		Checksum: Incorrect (0xf8b0)
		Sender IP: 64.5.0.16
		Dest IP: 0.0.0.0

Packet number: 99  Packet Len: 1294

	Ethernet Header
		Dest MAC: 34:c9:3d:d:55:9d
		Source MAC: a0:7f:8a:2f:ab:cf
		Type: IPv6

	IP Header
		IP PDU Len: 0
		Header Len (bytes): 0
		TTL: 38
		Protocol: Unknown
		Checksum: Incorrect (0xf8b0)
		Sender IP: 64.5.0.16
		Dest IP: 0.0.0.0

Packet number: 100  Packet Len: 1294

	Ethernet Header
		Dest MAC: 34:c9:3d:d:55:9d
		Source MAC: a0:7f:8a:2f:ab:cf
		Type: IPv6

	IP Header
		IP PDU Len: 0
		Header Len (bytes): 0
		TTL: 38
		Protocol: Unknown
		Checksum: Incorrect (0xf8b0)
		Sender IP: 64.5.0.16
		Dest IP: 0.0.0.0

Packet number: 101  Packet Len: 1294

	Ethernet Header
		Dest MAC: 34:c9:3d:d:55:9d
		Source MAC: a0:7f:8a:2f:ab:cf
		Type: IPv6

	IP Header
		IP PDU Len: 0
		Header Len (bytes): 0
		TTL: 38
		Protocol: Unknown
		Checksum: Incorrect (0xf8b0)
		Sender IP: 64.5.0.16
		Dest IP: 0.0.0.0

Packet number: 102  Packet Len: 1294

	Ethernet Header
		Dest MAC: 34:c9:3d:d:55:9d
		Source MAC: a0:7f:8a:2f:ab:cf
		Type: IPv6

	IP Header
		IP PDU Len: 0
		Header Len (bytes): 0
		TTL: 38
		Protocol: Unknown
		Checksum: Incorrect (0xf8b0)
		Sender IP: 64.5.0.16
		Dest IP: 0.0.0.0

Packet number: 103  Packet Len: 1294

	Ethernet Header
		Dest MAC: 34:c9:3d:d:55:9d
		Source MAC: a0:7f:8a:2f:ab:cf
		Type: IPv6

	IP Header
		IP PDU Len: 0
		Header Len (bytes): 0
		TTL: 38
		Protocol: Unknown
		Checksum: Incorrect (0xf8b0)
		Sender IP: 64.5.0.16
		Dest IP: 0.0.0.0

Packet number: 104  Packet Len: 1294

	Ethernet Header
		Dest MAC: 34:c9:3d:d:55:9d
		Source MAC: a0:7f:8a:2f:ab:cf
		Type: IPv6

	IP Header
		IP PDU Len: 0
		Header Len (bytes): 0
		TTL: 38
		Protocol: Unknown
		Checksum: Incorrect (0xf8b0)
		Sender IP: 64.5.0.16
		Dest IP: 0.0.0.0

Packet number: 105  Packet Len: 1294

	Ethernet Header
		Dest MAC: 34:c9:3d:d:55:9d
		Source MAC: a0:7f:8a:2f:ab:cf
		Type: IPv6

	IP Header
		IP PDU Len: 0
		Header Len (bytes): 0
		TTL: 38
		Protocol: Unknown
		Checksum: Incorrect (0xf8b0)
		Sender IP: 64.5.0.16
		Dest IP: 0.0.0.0

Packet number: 106  Packet Len: 1294

	Ethernet Header
		Dest MAC: 34:c9:3d:d:55:9d
		Source MAC: a0:7f:8a:2f:ab:cf
		Type: IPv6

	IP Header
		IP PDU Len: 0
		Header Len (bytes): 0
		TTL: 38
		Protocol: Unknown
		Checksum: Incorrect (0xf8b0)
		Sender IP: 64.5.0.16
		Dest IP: 0.0.0.0

Packet number: 107  Packet Len: 1294

	Ethernet Header
		Dest MAC: 34:c9:3d:d:55:9d
		Source MAC: a0:7f:8a:2f:ab:cf
		Type: IPv6

	IP Header
		IP PDU Len: 0
		Header Len (bytes): 0
		TTL: 38
		Protocol: Unknown
		Checksum: Incorrect (0xf8b0)
		Sender IP: 64.5.0.16
		Dest IP: 0.0.0.0

Packet number: 108  Packet Len: 1294

	Ethernet Header
		Dest MAC: 34:c9:3d:d:55:9d
		Source MAC: a0:7f:8a:2f:ab:cf
		Type: IPv6

	IP Header
		IP PDU Len: 0
		Header Len (bytes): 0
		TTL: 38
		Protocol: Unknown
		Checksum: Incorrect (0xf8b0)
		Sender IP: 64.5.0.16
		Dest IP: 0.0.0.0

Packet number: 109  Packet Len: 1294

	Ethernet Header
		Dest MAC: 34:c9:3d:d:55:9d
		Source MAC: a0:7f:8a:2f:ab:cf
		Type: IPv6

	IP Header
		IP PDU Len: 0
		Header Len (bytes): 0
		TTL: 38
		Protocol: Unknown
		Checksum: Incorrect (0xf8b0)
		Sender IP: 64.5.0.16
		Dest IP: 0.0.0.0

Packet number: 110  Packet Len: 1294

	Ethernet Header
		Dest MAC: 34:c9:3d:d:55:9d
		Source MAC: a0:7f:8a:2f:ab:cf
		Type: IPv6

	IP Header
		IP PDU Len: 0
		Header Len (bytes): 0
		TTL: 38
		Protocol: Unknown
		Checksum: Incorrect (0xf8b0)
		Sender IP: 64.5.0.16
		Dest IP: 0.0.0.0

Packet number: 111  Packet Len: 1294

	Ethernet Header
		Dest MAC: 34:c9:3d:d:55:9d
		Source MAC: a0:7f:8a:2f:ab:cf
		Type: IPv6

	IP Header
		IP PDU Len: 0
		Header Len (bytes): 0
		TTL: 38
		Protocol: Unknown
		Checksum: Incorrect (0xf8b0)
		Sender IP: 64.5.0.16
		Dest IP: 0.0.0.0

Packet number: 112  Packet Len: 1294

	Ethernet Header
		Dest MAC: 34:c9:3d:d:55:9d
		Source MAC: a0:7f:8a:2f:ab:cf
		Type: IPv6

	IP Header
		IP PDU Len: 0
		Header Len (bytes): 0
		TTL: 38
		Protocol: Unknown
		Checksum: Incorrect (0xf8b0)
		Sender IP: 64.5.0.16
		Dest IP: 0.0.0.0

Packet number: 113  Packet Len: 1294

	Ethernet Header
		Dest MAC: 34:c9:3d:d:55:9d
		Source MAC: a0:7f:8a:2f:ab:cf
		Type: IPv6

	IP Header
		IP PDU Len: 0
		Header Len (bytes): 0
		TTL: 38
		Protocol: Unknown
		Checksum: Incorrect (0xf8b0)
		Sender IP: 64.5.0.16
		Dest IP: 0.0.0.0

Packet number: 114  Packet Len: 1294

	Ethernet Header
		Dest MAC: 34:c9:3d:d:55:9d
		Source MAC: a0:7f:8a:2f:ab:cf
		Type: IPv6

	IP Header
		IP PDU Len: 0
		Header Len (bytes): 0
		TTL: 38
		Protocol: Unknown
		Checksum: Incorrect (0xf8b0)
		Sender IP: 64.5.0.16
		Dest IP: 0.0.0.0

Packet number: 115  Packet Len: 1294

	Ethernet Header
		Dest MAC: 34:c9:3d:d:55:9d
		Source MAC: a0:7f:8a:2f:ab:cf
		Type: IPv6

	IP Header
		IP PDU Len: 0
		Header Len (bytes): 0
		TTL: 38
		Protocol: Unknown
		Checksum: Incorrect (0xf8b0)
		Sender IP: 64.5.0.16
		Dest IP: 0.0.0.0

Packet number: 116  Packet Len: 1294

	Ethernet Header
		Dest MAC: 34:c9:3d:d:55:9d
		Source MAC: a0:7f:8a:2f:ab:cf
		Type: IPv6

	IP Header
		IP PDU Len: 0
		Header Len (bytes): 0
		TTL: 38
		Protocol: Unknown
		Checksum: Incorrect (0xf8b0)
		Sender IP: 64.5.0.16
		Dest IP: 0.0.0.0

Packet number: 117  Packet Len: 1294

	Ethernet Header
		Dest MAC: 34:c9:3d:d:55:9d
		Source MAC: a0:7f:8a:2f:ab:cf
		Type: IPv6

	IP Header
		IP PDU Len: 0
		Header Len (bytes): 0
		TTL: 38
		Protocol: Unknown
		Checksum: Incorrect (0xf8b0)
		Sender IP: 64.5.0.16
		Dest IP: 0.0.0.0

Packet number: 118  Packet Len: 1294

	Ethernet Header
		Dest MAC: 34:c9:3d:d:55:9d
		Source MAC: a0:7f:8a:2f:ab:cf
		Type: IPv6

	IP Header
		IP PDU Len: 0
		Header Len (bytes): 0
		TTL: 38
		Protocol: Unknown
		Checksum: Incorrect (0xf8b0)
		Sender IP: 64.5.0.16
		Dest IP: 0.0.0.0

Packet number: 119  Packet Len: 1294

	Ethernet Header
		Dest MAC: 34:c9:3d:d:55:9d
		Source MAC: a0:7f:8a:2f:ab:cf
		Type: IPv6

	IP Header
		IP PDU Len: 0
		Header Len (bytes): 0
		TTL: 38
		Protocol: Unknown
		Checksum: Incorrect (0xf8b0)
		Sender IP: 64.5.0.16
		Dest IP: 0.0.0.0

Packet number: 120  Packet Len: 1294

	Ethernet Header
		Dest MAC: 34:c9:3d:d:55:9d
		Source MAC: a0:7f:8a:2f:ab:cf
		Type: IPv6

	IP Header
		IP PDU Len: 0
		Header Len (bytes): 0
		TTL: 38
		Protocol: Unknown
		Checksum: Incorrect (0xf8b0)
		Sender IP: 64.5.0.16
		Dest IP: 0.0.0.0

Packet number: 121  Packet Len: 1294

	Ethernet Header
		Dest MAC: 34:c9:3d:d:55:9d
		Source MAC: a0:7f:8a:2f:ab:cf
		Type: IPv6

	IP Header
		IP PDU Len: 0
		Header Len (bytes): 0
		TTL: 38
		Protocol: Unknown
		Checksum: Incorrect (0xf8b0)
		Sender IP: 64.5.0.16
		Dest IP: 0.0.0.0

Packet number: 122  Packet Len: 95

	Ethernet Header
		Dest MAC: a0:7f:8a:2f:ab:cf
		Source MAC: 34:c9:3d:d:55:9d
		Type: IPv6

	IP Header
		IP PDU Len: 10831
		Header Len (bytes): 0
		TTL: 38
		Protocol: Unknown
		Checksum: Incorrect (0x6c52)
		Sender IP: 125.240.137.160
		Dest IP: 173.18.185.215

Packet number: 123  Packet Len: 1294

	Ethernet Header
		Dest MAC: 34:c9:3d:d:55:9d
		Source MAC: a0:7f:8a:2f:ab:cf
		Type: IPv6

	IP Header
		IP PDU Len: 0
		Header Len (bytes): 0
		TTL: 38
		Protocol: Unknown
		Checksum: Incorrect (0xf8b0)
		Sender IP: 64.5.0.16
		Dest IP: 0.0.0.0

Packet number: 124  Packet Len: 1294

	Ethernet Header
		Dest MAC: 34:c9:3d:d:55:9d
		Source MAC: a0:7f:8a:2f:ab:cf
		Type: IPv6

	IP Header
		IP PDU Len: 0
		Header Len (bytes): 0
		TTL: 38
		Protocol: Unknown
		Checksum: Incorrect (0xf8b0)
		Sender IP: 64.5.0.16
		Dest IP: 0.0.0.0

Packet number: 125  Packet Len: 1294

	Ethernet Header
		Dest MAC: 34:c9:3d:d:55:9d
		Source MAC: a0:7f:8a:2f:ab:cf
		Type: IPv6

	IP Header
		IP PDU Len: 0
		Header Len (bytes): 0
		TTL: 38
		Protocol: Unknown
		Checksum: Incorrect (0xf8b0)
		Sender IP: 64.5.0.16
		Dest IP: 0.0.0.0

Packet number: 126  Packet Len: 1294

	Ethernet Header
		Dest MAC: 34:c9:3d:d:55:9d
		Source MAC: a0:7f:8a:2f:ab:cf
		Type: IPv6

	IP Header
		IP PDU Len: 0
		Header Len (bytes): 0
		TTL: 38
		Protocol: Unknown
		Checksum: Incorrect (0xf8b0)
		Sender IP: 64.5.0.16
		Dest IP: 0.0.0.0

Packet number: 127  Packet Len: 1294

	Ethernet Header
		Dest MAC: 34:c9:3d:d:55:9d
		Source MAC: a0:7f:8a:2f:ab:cf
		Type: IPv6

	IP Header
		IP PDU Len: 0
		Header Len (bytes): 0
		TTL: 38
		Protocol: Unknown
		Checksum: Incorrect (0xf8b0)
		Sender IP: 64.5.0.16
		Dest IP: 0.0.0.0

Packet number: 128  Packet Len: 1294

	Ethernet Header
		Dest MAC: 34:c9:3d:d:55:9d
		Source MAC: a0:7f:8a:2f:ab:cf
		Type: IPv6

	IP Header
		IP PDU Len: 0
		Header Len (bytes): 0
		TTL: 38
		Protocol: Unknown
		Checksum: Incorrect (0xf8b0)
		Sender IP: 64.5.0.16
		Dest IP: 0.0.0.0

Packet number: 129  Packet Len: 1294

	Ethernet Header
		Dest MAC: 34:c9:3d:d:55:9d
		Source MAC: a0:7f:8a:2f:ab:cf
		Type: IPv6

	IP Header
		IP PDU Len: 0
		Header Len (bytes): 0
		TTL: 38
		Protocol: Unknown
		Checksum: Incorrect (0xf8b0)
		Sender IP: 64.5.0.16
		Dest IP: 0.0.0.0

Packet number: 130  Packet Len: 1294

	Ethernet Header
		Dest MAC: 34:c9:3d:d:55:9d
		Source MAC: a0:7f:8a:2f:ab:cf
		Type: IPv6

	IP Header
		IP PDU Len: 0
		Header Len (bytes): 0
		TTL: 38
		Protocol: Unknown
		Checksum: Incorrect (0xf8b0)
		Sender IP: 64.5.0.16
		Dest IP: 0.0.0.0

Packet number: 131  Packet Len: 1294

	Ethernet Header
		Dest MAC: 34:c9:3d:d:55:9d
		Source MAC: a0:7f:8a:2f:ab:cf
		Type: IPv6

	IP Header
		IP PDU Len: 0
		Header Len (bytes): 0
		TTL: 38
		Protocol: Unknown
		Checksum: Incorrect (0xf8b0)
		Sender IP: 64.5.0.16
		Dest IP: 0.0.0.0

Packet number: 132  Packet Len: 1294

	Ethernet Header
		Dest MAC: 34:c9:3d:d:55:9d
		Source MAC: a0:7f:8a:2f:ab:cf
		Type: IPv6

	IP Header
		IP PDU Len: 0
		Header Len (bytes): 0
		TTL: 38
		Protocol: Unknown
		Checksum: Incorrect (0xf8b0)
		Sender IP: 64.5.0.16
		Dest IP: 0.0.0.0

Packet number: 133  Packet Len: 1294

	Ethernet Header
		Dest MAC: 34:c9:3d:d:55:9d
		Source MAC: a0:7f:8a:2f:ab:cf
		Type: IPv6

	IP Header
		IP PDU Len: 0
		Header Len (bytes): 0
		TTL: 38
		Protocol: Unknown
		Checksum: Incorrect (0xf8b0)
		Sender IP: 64.5.0.16
		Dest IP: 0.0.0.0

Packet number: 134  Packet Len: 1294

	Ethernet Header
		Dest MAC: 34:c9:3d:d:55:9d
		Source MAC: a0:7f:8a:2f:ab:cf
		Type: IPv6

	IP Header
		IP PDU Len: 0
		Header Len (bytes): 0
		TTL: 38
		Protocol: Unknown
		Checksum: Incorrect (0xf8b0)
		Sender IP: 64.5.0.16
		Dest IP: 0.0.0.0

Packet number: 135  Packet Len: 1294

	Ethernet Header
		Dest MAC: 34:c9:3d:d:55:9d
		Source MAC: a0:7f:8a:2f:ab:cf
		Type: IPv6

	IP Header
		IP PDU Len: 0
		Header Len (bytes): 0
		TTL: 38
		Protocol: Unknown
		Checksum: Incorrect (0xf8b0)
		Sender IP: 64.5.0.16
		Dest IP: 0.0.0.0

Packet number: 136  Packet Len: 1294

	Ethernet Header
		Dest MAC: 34:c9:3d:d:55:9d
		Source MAC: a0:7f:8a:2f:ab:cf
		Type: IPv6

	IP Header
		IP PDU Len: 0
		Header Len (bytes): 0
		TTL: 38
		Protocol: Unknown
		Checksum: Incorrect (0xf8b0)
		Sender IP: 64.5.0.16
		Dest IP: 0.0.0.0

Packet number: 137  Packet Len: 1294

	Ethernet Header
		Dest MAC: 34:c9:3d:d:55:9d
		Source MAC: a0:7f:8a:2f:ab:cf
		Type: IPv6

	IP Header
		IP PDU Len: 0
		Header Len (bytes): 0
		TTL: 38
		Protocol: Unknown
		Checksum: Incorrect (0xf8b0)
		Sender IP: 64.5.0.16
		Dest IP: 0.0.0.0

Packet number: 138  Packet Len: 1294

	Ethernet Header
		Dest MAC: 34:c9:3d:d:55:9d
		Source MAC: a0:7f:8a:2f:ab:cf
		Type: IPv6

	IP Header
		IP PDU Len: 0
		Header Len (bytes): 0
		TTL: 38
		Protocol: Unknown
		Checksum: Incorrect (0xf8b0)
		Sender IP: 64.5.0.16
		Dest IP: 0.0.0.0

Packet number: 139  Packet Len: 1294

	Ethernet Header
		Dest MAC: 34:c9:3d:d:55:9d
		Source MAC: a0:7f:8a:2f:ab:cf
		Type: IPv6

	IP Header
		IP PDU Len: 0
		Header Len (bytes): 0
		TTL: 38
		Protocol: Unknown
		Checksum: Incorrect (0xf8b0)
		Sender IP: 64.5.0.16
		Dest IP: 0.0.0.0

Packet number: 140  Packet Len: 1294

	Ethernet Header
		Dest MAC: 34:c9:3d:d:55:9d
		Source MAC: a0:7f:8a:2f:ab:cf
		Type: IPv6

	IP Header
		IP PDU Len: 0
		Header Len (bytes): 0
		TTL: 38
		Protocol: Unknown
		Checksum: Incorrect (0xf8b0)
		Sender IP: 64.5.0.16
		Dest IP: 0.0.0.0

Packet number: 141  Packet Len: 1294

	Ethernet Header
		Dest MAC: 34:c9:3d:d:55:9d
		Source MAC: a0:7f:8a:2f:ab:cf
		Type: IPv6

	IP Header
		IP PDU Len: 0
		Header Len (bytes): 0
		TTL: 38
		Protocol: Unknown
		Checksum: Incorrect (0xf8b0)
		Sender IP: 64.5.0.16
		Dest IP: 0.0.0.0

Packet number: 142  Packet Len: 1294

	Ethernet Header
		Dest MAC: 34:c9:3d:d:55:9d
		Source MAC: a0:7f:8a:2f:ab:cf
		Type: IPv6

	IP Header
		IP PDU Len: 0
		Header Len (bytes): 0
		TTL: 38
		Protocol: Unknown
		Checksum: Incorrect (0xf8b0)
		Sender IP: 64.5.0.16
		Dest IP: 0.0.0.0

Packet number: 143  Packet Len: 1294

	Ethernet Header
		Dest MAC: 34:c9:3d:d:55:9d
		Source MAC: a0:7f:8a:2f:ab:cf
		Type: IPv6

	IP Header
		IP PDU Len: 0
		Header Len (bytes): 0
		TTL: 38
		Protocol: Unknown
		Checksum: Incorrect (0xf8b0)
		Sender IP: 64.5.0.16
		Dest IP: 0.0.0.0

Packet number: 144  Packet Len: 1294

	Ethernet Header
		Dest MAC: 34:c9:3d:d:55:9d
		Source MAC: a0:7f:8a:2f:ab:cf
		Type: IPv6

	IP Header
		IP PDU Len: 0
		Header Len (bytes): 0
		TTL: 38
		Protocol: Unknown
		Checksum: Incorrect (0xf8b0)
		Sender IP: 64.5.0.16
		Dest IP: 0.0.0.0

Packet number: 145  Packet Len: 1294

	Ethernet Header
		Dest MAC: 34:c9:3d:d:55:9d
		Source MAC: a0:7f:8a:2f:ab:cf
		Type: IPv6

	IP Header
		IP PDU Len: 0
		Header Len (bytes): 0
		TTL: 38
		Protocol: Unknown
		Checksum: Incorrect (0xf8b0)
		Sender IP: 64.5.0.16
		Dest IP: 0.0.0.0

Packet number: 146  Packet Len: 1294

	Ethernet Header
		Dest MAC: 34:c9:3d:d:55:9d
		Source MAC: a0:7f:8a:2f:ab:cf
		Type: IPv6

	IP Header
		IP PDU Len: 0
		Header Len (bytes): 0
		TTL: 38
		Protocol: Unknown
		Checksum: Incorrect (0xf8b0)
		Sender IP: 64.5.0.16
		Dest IP: 0.0.0.0

Packet number: 147  Packet Len: 1294

	Ethernet Header
		Dest MAC: 34:c9:3d:d:55:9d
		Source MAC: a0:7f:8a:2f:ab:cf
		Type: IPv6

	IP Header
		IP PDU Len: 0
		Header Len (bytes): 0
		TTL: 38
		Protocol: Unknown
		Checksum: Incorrect (0xf8b0)
		Sender IP: 64.5.0.16
		Dest IP: 0.0.0.0

Packet number: 148  Packet Len: 1294

	Ethernet Header
		Dest MAC: 34:c9:3d:d:55:9d
		Source MAC: a0:7f:8a:2f:ab:cf
		Type: IPv6

	IP Header
		IP PDU Len: 0
		Header Len (bytes): 0
		TTL: 38
		Protocol: Unknown
		Checksum: Incorrect (0xf8b0)
		Sender IP: 64.5.0.16
		Dest IP: 0.0.0.0

Packet number: 149  Packet Len: 1294

	Ethernet Header
		Dest MAC: 34:c9:3d:d:55:9d
		Source MAC: a0:7f:8a:2f:ab:cf
		Type: IPv6

	IP Header
		IP PDU Len: 0
		Header Len (bytes): 0
		TTL: 38
		Protocol: Unknown
		Checksum: Incorrect (0xf8b0)
		Sender IP: 64.5.0.16
		Dest IP: 0.0.0.0

Packet number: 150  Packet Len: 1294

	Ethernet Header
		Dest MAC: 34:c9:3d:d:55:9d
		Source MAC: a0:7f:8a:2f:ab:cf
		Type: IPv6

	IP Header
		IP PDU Len: 0
		Header Len (bytes): 0
		TTL: 38
		Protocol: Unknown
		Checksum: Incorrect (0xf8b0)
		Sender IP: 64.5.0.16
		Dest IP: 0.0.0.0

Packet number: 151  Packet Len: 1294

	Ethernet Header
		Dest MAC: 34:c9:3d:d:55:9d
		Source MAC: a0:7f:8a:2f:ab:cf
		Type: IPv6

	IP Header
		IP PDU Len: 0
		Header Len (bytes): 0
		TTL: 38
		Protocol: Unknown
		Checksum: Incorrect (0xf8b0)
		Sender IP: 64.5.0.16
		Dest IP: 0.0.0.0

Packet number: 152  Packet Len: 1294

	Ethernet Header
		Dest MAC: 34:c9:3d:d:55:9d
		Source MAC: a0:7f:8a:2f:ab:cf
		Type: IPv6

	IP Header
		IP PDU Len: 0
		Header Len (bytes): 0
		TTL: 38
		Protocol: Unknown
		Checksum: Incorrect (0xf8b0)
		Sender IP: 64.5.0.16
		Dest IP: 0.0.0.0

Packet number: 153  Packet Len: 1294

	Ethernet Header
		Dest MAC: 34:c9:3d:d:55:9d
		Source MAC: a0:7f:8a:2f:ab:cf
		Type: IPv6

	IP Header
		IP PDU Len: 0
		Header Len (bytes): 0
		TTL: 38
		Protocol: Unknown
		Checksum: Incorrect (0xf8b0)
		Sender IP: 64.5.0.16
		Dest IP: 0.0.0.0

Packet number: 154  Packet Len: 1294

	Ethernet Header
		Dest MAC: 34:c9:3d:d:55:9d
		Source MAC: a0:7f:8a:2f:ab:cf
		Type: IPv6

	IP Header
		IP PDU Len: 0
		Header Len (bytes): 0
		TTL: 38
		Protocol: Unknown
		Checksum: Incorrect (0xf8b0)
		Sender IP: 64.5.0.16
		Dest IP: 0.0.0.0

Packet number: 155  Packet Len: 1294

	Ethernet Header
		Dest MAC: 34:c9:3d:d:55:9d
		Source MAC: a0:7f:8a:2f:ab:cf
		Type: IPv6

	IP Header
		IP PDU Len: 0
		Header Len (bytes): 0
		TTL: 38
		Protocol: Unknown
		Checksum: Incorrect (0xf8b0)
		Sender IP: 64.5.0.16
		Dest IP: 0.0.0.0

Packet number: 156  Packet Len: 1294

	Ethernet Header
		Dest MAC: 34:c9:3d:d:55:9d
		Source MAC: a0:7f:8a:2f:ab:cf
		Type: IPv6

	IP Header
		IP PDU Len: 0
		Header Len (bytes): 0
		TTL: 38
		Protocol: Unknown
		Checksum: Incorrect (0xf8b0)
		Sender IP: 64.5.0.16
		Dest IP: 0.0.0.0

Packet number: 157  Packet Len: 1294

	Ethernet Header
		Dest MAC: 34:c9:3d:d:55:9d
		Source MAC: a0:7f:8a:2f:ab:cf
		Type: IPv6

	IP Header
		IP PDU Len: 0
		Header Len (bytes): 0
		TTL: 38
		Protocol: Unknown
		Checksum: Incorrect (0xf8b0)
		Sender IP: 64.5.0.16
		Dest IP: 0.0.0.0

Packet number: 158  Packet Len: 1294

	Ethernet Header
		Dest MAC: 34:c9:3d:d:55:9d
		Source MAC: a0:7f:8a:2f:ab:cf
		Type: IPv6

	IP Header
		IP PDU Len: 0
		Header Len (bytes): 0
		TTL: 38
		Protocol: Unknown
		Checksum: Incorrect (0xf8b0)
		Sender IP: 64.5.0.16
		Dest IP: 0.0.0.0

Packet number: 159  Packet Len: 1294

	Ethernet Header
		Dest MAC: 34:c9:3d:d:55:9d
		Source MAC: a0:7f:8a:2f:ab:cf
		Type: IPv6

	IP Header
		IP PDU Len: 0
		Header Len (bytes): 0
		TTL: 38
		Protocol: Unknown
		Checksum: Incorrect (0xf8b0)
		Sender IP: 64.5.0.16
		Dest IP: 0.0.0.0

Packet number: 160  Packet Len: 1294

	Ethernet Header
		Dest MAC: 34:c9:3d:d:55:9d
		Source MAC: a0:7f:8a:2f:ab:cf
		Type: IPv6

	IP Header
		IP PDU Len: 0
		Header Len (bytes): 0
		TTL: 38
		Protocol: Unknown
		Checksum: Incorrect (0xf8b0)
		Sender IP: 64.5.0.16
		Dest IP: 0.0.0.0

Packet number: 161  Packet Len: 86

	Ethernet Header
		Dest MAC: 34:c9:3d:d:55:9d
		Source MAC: a0:7f:8a:2f:ab:cf
		Type: IPv6

	IP Header
		IP PDU Len: 40749
		Header Len (bytes): 0
		TTL: 38
		Protocol: Unknown
		Checksum: Incorrect (0x1901)
		Sender IP: 0.0.56.215
		Dest IP: 0.0.0.0

Packet number: 162  Packet Len: 95

	Ethernet Header
		Dest MAC: a0:7f:8a:2f:ab:cf
		Source MAC: 34:c9:3d:d:55:9d
		Type: IPv6

	IP Header
		IP PDU Len: 10831
		Header Len (bytes): 0
		TTL: 38
		Protocol: Unknown
		Checksum: Incorrect (0x6c52)
		Sender IP: 125.240.137.160
		Dest IP: 173.18.185.215

Packet number: 163  Packet Len: 1294

	Ethernet Header
		Dest MAC: 34:c9:3d:d:55:9d
		Source MAC: a0:7f:8a:2f:ab:cf
		Type: IPv6

	IP Header
		IP PDU Len: 0
		Header Len (bytes): 0
		TTL: 38
		Protocol: Unknown
		Checksum: Incorrect (0xf8b0)
		Sender IP: 64.5.0.16
		Dest IP: 0.0.0.0

Packet number: 164  Packet Len: 1294

	Ethernet Header
		Dest MAC: 34:c9:3d:d:55:9d
		Source MAC: a0:7f:8a:2f:ab:cf
		Type: IPv6

	IP Header
		IP PDU Len: 0
		Header Len (bytes): 0
		TTL: 38
		Protocol: Unknown
		Checksum: Incorrect (0xf8b0)
		Sender IP: 64.5.0.16
		Dest IP: 0.0.0.0

Packet number: 165  Packet Len: 1294

	Ethernet Header
		Dest MAC: 34:c9:3d:d:55:9d
		Source MAC: a0:7f:8a:2f:ab:cf
		Type: IPv6

	IP Header
		IP PDU Len: 0
		Header Len (bytes): 0
		TTL: 38
		Protocol: Unknown
		Checksum: Incorrect (0xf8b0)
		Sender IP: 64.5.0.16
		Dest IP: 0.0.0.0

Packet number: 166  Packet Len: 1294

	Ethernet Header
		Dest MAC: 34:c9:3d:d:55:9d
		Source MAC: a0:7f:8a:2f:ab:cf
		Type: IPv6

	IP Header
		IP PDU Len: 0
		Header Len (bytes): 0
		TTL: 38
		Protocol: Unknown
		Checksum: Incorrect (0xf8b0)
		Sender IP: 64.5.0.16
		Dest IP: 0.0.0.0

Packet number: 167  Packet Len: 1294

	Ethernet Header
		Dest MAC: 34:c9:3d:d:55:9d
		Source MAC: a0:7f:8a:2f:ab:cf
		Type: IPv6

	IP Header
		IP PDU Len: 0
		Header Len (bytes): 0
		TTL: 38
		Protocol: Unknown
		Checksum: Incorrect (0xf8b0)
		Sender IP: 64.5.0.16
		Dest IP: 0.0.0.0

Packet number: 168  Packet Len: 1294

	Ethernet Header
		Dest MAC: 34:c9:3d:d:55:9d
		Source MAC: a0:7f:8a:2f:ab:cf
		Type: IPv6

	IP Header
		IP PDU Len: 0
		Header Len (bytes): 0
		TTL: 38
		Protocol: Unknown
		Checksum: Incorrect (0xf8b0)
		Sender IP: 64.5.0.16
		Dest IP: 0.0.0.0

Packet number: 169  Packet Len: 1294

	Ethernet Header
		Dest MAC: 34:c9:3d:d:55:9d
		Source MAC: a0:7f:8a:2f:ab:cf
		Type: IPv6

	IP Header
		IP PDU Len: 0
		Header Len (bytes): 0
		TTL: 38
		Protocol: Unknown
		Checksum: Incorrect (0xf8b0)
		Sender IP: 64.5.0.16
		Dest IP: 0.0.0.0

Packet number: 170  Packet Len: 1294

	Ethernet Header
		Dest MAC: 34:c9:3d:d:55:9d
		Source MAC: a0:7f:8a:2f:ab:cf
		Type: IPv6

	IP Header
		IP PDU Len: 0
		Header Len (bytes): 0
		TTL: 38
		Protocol: Unknown
		Checksum: Incorrect (0xf8b0)
		Sender IP: 64.5.0.16
		Dest IP: 0.0.0.0

Packet number: 171  Packet Len: 1294

	Ethernet Header
		Dest MAC: 34:c9:3d:d:55:9d
		Source MAC: a0:7f:8a:2f:ab:cf
		Type: IPv6

	IP Header
		IP PDU Len: 0
		Header Len (bytes): 0
		TTL: 38
		Protocol: Unknown
		Checksum: Incorrect (0xf8b0)
		Sender IP: 64.5.0.16
		Dest IP: 0.0.0.0

Packet number: 172  Packet Len: 1294

	Ethernet Header
		Dest MAC: 34:c9:3d:d:55:9d
		Source MAC: a0:7f:8a:2f:ab:cf
		Type: IPv6

	IP Header
		IP PDU Len: 0
		Header Len (bytes): 0
		TTL: 38
		Protocol: Unknown
		Checksum: Incorrect (0xf8b0)
		Sender IP: 64.5.0.16
		Dest IP: 0.0.0.0

Packet number: 173  Packet Len: 1294

	Ethernet Header
		Dest MAC: 34:c9:3d:d:55:9d
		Source MAC: a0:7f:8a:2f:ab:cf
		Type: IPv6

	IP Header
		IP PDU Len: 0
		Header Len (bytes): 0
		TTL: 38
		Protocol: Unknown
		Checksum: Incorrect (0xf8b0)
		Sender IP: 64.5.0.16
		Dest IP: 0.0.0.0

Packet number: 174  Packet Len: 1294

	Ethernet Header
		Dest MAC: 34:c9:3d:d:55:9d
		Source MAC: a0:7f:8a:2f:ab:cf
		Type: IPv6

	IP Header
		IP PDU Len: 0
		Header Len (bytes): 0
		TTL: 38
		Protocol: Unknown
		Checksum: Incorrect (0xf8b0)
		Sender IP: 64.5.0.16
		Dest IP: 0.0.0.0

Packet number: 175  Packet Len: 1294

	Ethernet Header
		Dest MAC: 34:c9:3d:d:55:9d
		Source MAC: a0:7f:8a:2f:ab:cf
		Type: IPv6

	IP Header
		IP PDU Len: 0
		Header Len (bytes): 0
		TTL: 38
		Protocol: Unknown
		Checksum: Incorrect (0xf8b0)
		Sender IP: 64.5.0.16
		Dest IP: 0.0.0.0

Packet number: 176  Packet Len: 1294

	Ethernet Header
		Dest MAC: 34:c9:3d:d:55:9d
		Source MAC: a0:7f:8a:2f:ab:cf
		Type: IPv6

	IP Header
		IP PDU Len: 0
		Header Len (bytes): 0
		TTL: 38
		Protocol: Unknown
		Checksum: Incorrect (0xf8b0)
		Sender IP: 64.5.0.16
		Dest IP: 0.0.0.0

Packet number: 177  Packet Len: 1294

	Ethernet Header
		Dest MAC: 34:c9:3d:d:55:9d
		Source MAC: a0:7f:8a:2f:ab:cf
		Type: IPv6

	IP Header
		IP PDU Len: 0
		Header Len (bytes): 0
		TTL: 38
		Protocol: Unknown
		Checksum: Incorrect (0xf8b0)
		Sender IP: 64.5.0.16
		Dest IP: 0.0.0.0

Packet number: 178  Packet Len: 1294

	Ethernet Header
		Dest MAC: 34:c9:3d:d:55:9d
		Source MAC: a0:7f:8a:2f:ab:cf
		Type: IPv6

	IP Header
		IP PDU Len: 0
		Header Len (bytes): 0
		TTL: 38
		Protocol: Unknown
		Checksum: Incorrect (0xf8b0)
		Sender IP: 64.5.0.16
		Dest IP: 0.0.0.0

Packet number: 179  Packet Len: 1294

	Ethernet Header
		Dest MAC: 34:c9:3d:d:55:9d
		Source MAC: a0:7f:8a:2f:ab:cf
		Type: IPv6

	IP Header
		IP PDU Len: 0
		Header Len (bytes): 0
		TTL: 38
		Protocol: Unknown
		Checksum: Incorrect (0xf8b0)
		Sender IP: 64.5.0.16
		Dest IP: 0.0.0.0

Packet number: 180  Packet Len: 1294

	Ethernet Header
		Dest MAC: 34:c9:3d:d:55:9d
		Source MAC: a0:7f:8a:2f:ab:cf
		Type: IPv6

	IP Header
		IP PDU Len: 0
		Header Len (bytes): 0
		TTL: 38
		Protocol: Unknown
		Checksum: Incorrect (0xf8b0)
		Sender IP: 64.5.0.16
		Dest IP: 0.0.0.0

Packet number: 181  Packet Len: 1294

	Ethernet Header
		Dest MAC: 34:c9:3d:d:55:9d
		Source MAC: a0:7f:8a:2f:ab:cf
		Type: IPv6

	IP Header
		IP PDU Len: 0
		Header Len (bytes): 0
		TTL: 38
		Protocol: Unknown
		Checksum: Incorrect (0xf8b0)
		Sender IP: 64.5.0.16
		Dest IP: 0.0.0.0

Packet number: 182  Packet Len: 1294

	Ethernet Header
		Dest MAC: 34:c9:3d:d:55:9d
		Source MAC: a0:7f:8a:2f:ab:cf
		Type: IPv6

	IP Header
		IP PDU Len: 0
		Header Len (bytes): 0
		TTL: 38
		Protocol: Unknown
		Checksum: Incorrect (0xf8b0)
		Sender IP: 64.5.0.16
		Dest IP: 0.0.0.0

Packet number: 183  Packet Len: 1294

	Ethernet Header
		Dest MAC: 34:c9:3d:d:55:9d
		Source MAC: a0:7f:8a:2f:ab:cf
		Type: IPv6

	IP Header
		IP PDU Len: 0
		Header Len (bytes): 0
		TTL: 38
		Protocol: Unknown
		Checksum: Incorrect (0xf8b0)
		Sender IP: 64.5.0.16
		Dest IP: 0.0.0.0

Packet number: 184  Packet Len: 1294

	Ethernet Header
		Dest MAC: 34:c9:3d:d:55:9d
		Source MAC: a0:7f:8a:2f:ab:cf
		Type: IPv6

	IP Header
		IP PDU Len: 0
		Header Len (bytes): 0
		TTL: 38
		Protocol: Unknown
		Checksum: Incorrect (0xf8b0)
		Sender IP: 64.5.0.16
		Dest IP: 0.0.0.0

Packet number: 185  Packet Len: 1294

	Ethernet Header
		Dest MAC: 34:c9:3d:d:55:9d
		Source MAC: a0:7f:8a:2f:ab:cf
		Type: IPv6

	IP Header
		IP PDU Len: 0
		Header Len (bytes): 0
		TTL: 38
		Protocol: Unknown
		Checksum: Incorrect (0xf8b0)
		Sender IP: 64.5.0.16
		Dest IP: 0.0.0.0

Packet number: 186  Packet Len: 1294

	Ethernet Header
		Dest MAC: 34:c9:3d:d:55:9d
		Source MAC: a0:7f:8a:2f:ab:cf
		Type: IPv6

	IP Header
		IP PDU Len: 0
		Header Len (bytes): 0
		TTL: 38
		Protocol: Unknown
		Checksum: Incorrect (0xf8b0)
		Sender IP: 64.5.0.16
		Dest IP: 0.0.0.0

Packet number: 187  Packet Len: 1294

	Ethernet Header
		Dest MAC: 34:c9:3d:d:55:9d
		Source MAC: a0:7f:8a:2f:ab:cf
		Type: IPv6

	IP Header
		IP PDU Len: 0
		Header Len (bytes): 0
		TTL: 38
		Protocol: Unknown
		Checksum: Incorrect (0xf8b0)
		Sender IP: 64.5.0.16
		Dest IP: 0.0.0.0

Packet number: 188  Packet Len: 1294

	Ethernet Header
		Dest MAC: 34:c9:3d:d:55:9d
		Source MAC: a0:7f:8a:2f:ab:cf
		Type: IPv6

	IP Header
		IP PDU Len: 0
		Header Len (bytes): 0
		TTL: 38
		Protocol: Unknown
		Checksum: Incorrect (0xf8b0)
		Sender IP: 64.5.0.16
		Dest IP: 0.0.0.0

Packet number: 189  Packet Len: 1294

	Ethernet Header
		Dest MAC: 34:c9:3d:d:55:9d
		Source MAC: a0:7f:8a:2f:ab:cf
		Type: IPv6

	IP Header
		IP PDU Len: 0
		Header Len (bytes): 0
		TTL: 38
		Protocol: Unknown
		Checksum: Incorrect (0xf8b0)
		Sender IP: 64.5.0.16
		Dest IP: 0.0.0.0

Packet number: 190  Packet Len: 1294

	Ethernet Header
		Dest MAC: 34:c9:3d:d:55:9d
		Source MAC: a0:7f:8a:2f:ab:cf
		Type: IPv6

	IP Header
		IP PDU Len: 0
		Header Len (bytes): 0
		TTL: 38
		Protocol: Unknown
		Checksum: Incorrect (0xf8b0)
		Sender IP: 64.5.0.16
		Dest IP: 0.0.0.0

Packet number: 191  Packet Len: 1294

	Ethernet Header
		Dest MAC: 34:c9:3d:d:55:9d
		Source MAC: a0:7f:8a:2f:ab:cf
		Type: IPv6

	IP Header
		IP PDU Len: 0
		Header Len (bytes): 0
		TTL: 38
		Protocol: Unknown
		Checksum: Incorrect (0xf8b0)
		Sender IP: 64.5.0.16
		Dest IP: 0.0.0.0

Packet number: 192  Packet Len: 1294

	Ethernet Header
		Dest MAC: 34:c9:3d:d:55:9d
		Source MAC: a0:7f:8a:2f:ab:cf
		Type: IPv6

	IP Header
		IP PDU Len: 0
		Header Len (bytes): 0
		TTL: 38
		Protocol: Unknown
		Checksum: Incorrect (0xf8b0)
		Sender IP: 64.5.0.16
		Dest IP: 0.0.0.0

Packet number: 193  Packet Len: 1294

	Ethernet Header
		Dest MAC: 34:c9:3d:d:55:9d
		Source MAC: a0:7f:8a:2f:ab:cf
		Type: IPv6

	IP Header
		IP PDU Len: 0
		Header Len (bytes): 0
		TTL: 38
		Protocol: Unknown
		Checksum: Incorrect (0xf8b0)
		Sender IP: 64.5.0.16
		Dest IP: 0.0.0.0

Packet number: 194  Packet Len: 1294

	Ethernet Header
		Dest MAC: 34:c9:3d:d:55:9d
		Source MAC: a0:7f:8a:2f:ab:cf
		Type: IPv6

	IP Header
		IP PDU Len: 0
		Header Len (bytes): 0
		TTL: 38
		Protocol: Unknown
		Checksum: Incorrect (0xf8b0)
		Sender IP: 64.5.0.16
		Dest IP: 0.0.0.0

Packet number: 195  Packet Len: 66

	Ethernet Header
		Dest MAC: 34:c9:3d:d:55:9d
		Source MAC: a0:7f:8a:2f:ab:cf
		Type: IP

	IP Header
		IP PDU Len: 52
		Header Len (bytes): 20
		TTL: 53
		Protocol: TCP
		Checksum: Correct (0xb85c)
		Sender IP: 34.107.221.82
		Dest IP: 192.168.1.20

	TCP Header
		Segment Length: 32
		Source Port:  HTTP
		Dest Port:  53894
		Sequence Number: 2649838975
		ACK Number: 3758107001
		Data Offset (bytes): 32
		SYN Flag: No
		RST Flag: No
		FIN Flag: No
		ACK Flag: Yes
		Window Size: 1050
		Checksum: Correct (0x7339)

Packet number: 196  Packet Len: 95

	Ethernet Header
		Dest MAC: a0:7f:8a:2f:ab:cf
		Source MAC: 34:c9:3d:d:55:9d
		Type: IPv6

	IP Header
		IP PDU Len: 10831
		Header Len (bytes): 0
		TTL: 38
		Protocol: Unknown
		Checksum: Incorrect (0x6c52)
		Sender IP: 125.240.137.160
		Dest IP: 173.18.185.215

Packet number: 197  Packet Len: 1294

	Ethernet Header
		Dest MAC: 34:c9:3d:d:55:9d
		Source MAC: a0:7f:8a:2f:ab:cf
		Type: IPv6

	IP Header
		IP PDU Len: 0
		Header Len (bytes): 0
		TTL: 38
		Protocol: Unknown
		Checksum: Incorrect (0xf8b0)
		Sender IP: 64.5.0.16
		Dest IP: 0.0.0.0

Packet number: 198  Packet Len: 1294

	Ethernet Header
		Dest MAC: 34:c9:3d:d:55:9d
		Source MAC: a0:7f:8a:2f:ab:cf
		Type: IPv6

	IP Header
		IP PDU Len: 0
		Header Len (bytes): 0
		TTL: 38
		Protocol: Unknown
		Checksum: Incorrect (0xf8b0)
		Sender IP: 64.5.0.16
		Dest IP: 0.0.0.0

Packet number: 199  Packet Len: 1294

	Ethernet Header
		Dest MAC: 34:c9:3d:d:55:9d
		Source MAC: a0:7f:8a:2f:ab:cf
		Type: IPv6

	IP Header
		IP PDU Len: 0
		Header Len (bytes): 0
		TTL: 38
		Protocol: Unknown
		Checksum: Incorrect (0xf8b0)
		Sender IP: 64.5.0.16
		Dest IP: 0.0.0.0

Packet number: 200  Packet Len: 1294

	Ethernet Header
		Dest MAC: 34:c9:3d:d:55:9d
		Source MAC: a0:7f:8a:2f:ab:cf
		Type: IPv6

	IP Header
		IP PDU Len: 0
		Header Len (bytes): 0
		TTL: 38
		Protocol: Unknown
		Checksum: Incorrect (0xf8b0)
		Sender IP: 64.5.0.16
		Dest IP: 0.0.0.0

Packet number: 201  Packet Len: 1294

	Ethernet Header
		Dest MAC: 34:c9:3d:d:55:9d
		Source MAC: a0:7f:8a:2f:ab:cf
		Type: IPv6

	IP Header
		IP PDU Len: 0
		Header Len (bytes): 0
		TTL: 38
		Protocol: Unknown
		Checksum: Incorrect (0xf8b0)
		Sender IP: 64.5.0.16
		Dest IP: 0.0.0.0

Packet number: 202  Packet Len: 1294

	Ethernet Header
		Dest MAC: 34:c9:3d:d:55:9d
		Source MAC: a0:7f:8a:2f:ab:cf
		Type: IPv6

	IP Header
		IP PDU Len: 0
		Header Len (bytes): 0
		TTL: 38
		Protocol: Unknown
		Checksum: Incorrect (0xf8b0)
		Sender IP: 64.5.0.16
		Dest IP: 0.0.0.0

Packet number: 203  Packet Len: 1294

	Ethernet Header
		Dest MAC: 34:c9:3d:d:55:9d
		Source MAC: a0:7f:8a:2f:ab:cf
		Type: IPv6

	IP Header
		IP PDU Len: 0
		Header Len (bytes): 0
		TTL: 38
		Protocol: Unknown
		Checksum: Incorrect (0xf8b0)
		Sender IP: 64.5.0.16
		Dest IP: 0.0.0.0

Packet number: 204  Packet Len: 1294

	Ethernet Header
		Dest MAC: 34:c9:3d:d:55:9d
		Source MAC: a0:7f:8a:2f:ab:cf
		Type: IPv6

	IP Header
		IP PDU Len: 0
		Header Len (bytes): 0
		TTL: 38
		Protocol: Unknown
		Checksum: Incorrect (0xf8b0)
		Sender IP: 64.5.0.16
		Dest IP: 0.0.0.0

Packet number: 205  Packet Len: 1294

	Ethernet Header
		Dest MAC: 34:c9:3d:d:55:9d
		Source MAC: a0:7f:8a:2f:ab:cf
		Type: IPv6

	IP Header
		IP PDU Len: 0
		Header Len (bytes): 0
		TTL: 38
		Protocol: Unknown
		Checksum: Incorrect (0xf8b0)
		Sender IP: 64.5.0.16
		Dest IP: 0.0.0.0

Packet number: 206  Packet Len: 1294

	Ethernet Header
		Dest MAC: 34:c9:3d:d:55:9d
		Source MAC: a0:7f:8a:2f:ab:cf
		Type: IPv6

	IP Header
		IP PDU Len: 0
		Header Len (bytes): 0
		TTL: 38
		Protocol: Unknown
		Checksum: Incorrect (0xf8b0)
		Sender IP: 64.5.0.16
		Dest IP: 0.0.0.0

Packet number: 207  Packet Len: 1294

	Ethernet Header
		Dest MAC: 34:c9:3d:d:55:9d
		Source MAC: a0:7f:8a:2f:ab:cf
		Type: IPv6

	IP Header
		IP PDU Len: 0
		Header Len (bytes): 0
		TTL: 38
		Protocol: Unknown
		Checksum: Incorrect (0xf8b0)
		Sender IP: 64.5.0.16
		Dest IP: 0.0.0.0

Packet number: 208  Packet Len: 1294

	Ethernet Header
		Dest MAC: 34:c9:3d:d:55:9d
		Source MAC: a0:7f:8a:2f:ab:cf
		Type: IPv6

	IP Header
		IP PDU Len: 0
		Header Len (bytes): 0
		TTL: 38
		Protocol: Unknown
		Checksum: Incorrect (0xf8b0)
		Sender IP: 64.5.0.16
		Dest IP: 0.0.0.0

Packet number: 209  Packet Len: 1294

	Ethernet Header
		Dest MAC: 34:c9:3d:d:55:9d
		Source MAC: a0:7f:8a:2f:ab:cf
		Type: IPv6

	IP Header
		IP PDU Len: 0
		Header Len (bytes): 0
		TTL: 38
		Protocol: Unknown
		Checksum: Incorrect (0xf8b0)
		Sender IP: 64.5.0.16
		Dest IP: 0.0.0.0

Packet number: 210  Packet Len: 1294

	Ethernet Header
		Dest MAC: 34:c9:3d:d:55:9d
		Source MAC: a0:7f:8a:2f:ab:cf
		Type: IPv6

	IP Header
		IP PDU Len: 0
		Header Len (bytes): 0
		TTL: 38
		Protocol: Unknown
		Checksum: Incorrect (0xf8b0)
		Sender IP: 64.5.0.16
		Dest IP: 0.0.0.0

Packet number: 211  Packet Len: 1294

	Ethernet Header
		Dest MAC: 34:c9:3d:d:55:9d
		Source MAC: a0:7f:8a:2f:ab:cf
		Type: IPv6

	IP Header
		IP PDU Len: 0
		Header Len (bytes): 0
		TTL: 38
		Protocol: Unknown
		Checksum: Incorrect (0xf8b0)
		Sender IP: 64.5.0.16
		Dest IP: 0.0.0.0

Packet number: 212  Packet Len: 1294

	Ethernet Header
		Dest MAC: 34:c9:3d:d:55:9d
		Source MAC: a0:7f:8a:2f:ab:cf
		Type: IPv6

	IP Header
		IP PDU Len: 0
		Header Len (bytes): 0
		TTL: 38
		Protocol: Unknown
		Checksum: Incorrect (0xf8b0)
		Sender IP: 64.5.0.16
		Dest IP: 0.0.0.0

Packet number: 213  Packet Len: 1294

	Ethernet Header
		Dest MAC: 34:c9:3d:d:55:9d
		Source MAC: a0:7f:8a:2f:ab:cf
		Type: IPv6

	IP Header
		IP PDU Len: 0
		Header Len (bytes): 0
		TTL: 38
		Protocol: Unknown
		Checksum: Incorrect (0xf8b0)
		Sender IP: 64.5.0.16
		Dest IP: 0.0.0.0

Packet number: 214  Packet Len: 1294

	Ethernet Header
		Dest MAC: 34:c9:3d:d:55:9d
		Source MAC: a0:7f:8a:2f:ab:cf
		Type: IPv6

	IP Header
		IP PDU Len: 0
		Header Len (bytes): 0
		TTL: 38
		Protocol: Unknown
		Checksum: Incorrect (0xf8b0)
		Sender IP: 64.5.0.16
		Dest IP: 0.0.0.0

Packet number: 215  Packet Len: 1294

	Ethernet Header
		Dest MAC: 34:c9:3d:d:55:9d
		Source MAC: a0:7f:8a:2f:ab:cf
		Type: IPv6

	IP Header
		IP PDU Len: 0
		Header Len (bytes): 0
		TTL: 38
		Protocol: Unknown
		Checksum: Incorrect (0xf8b0)
		Sender IP: 64.5.0.16
		Dest IP: 0.0.0.0

Packet number: 216  Packet Len: 1294

	Ethernet Header
		Dest MAC: 34:c9:3d:d:55:9d
		Source MAC: a0:7f:8a:2f:ab:cf
		Type: IPv6

	IP Header
		IP PDU Len: 0
		Header Len (bytes): 0
		TTL: 38
		Protocol: Unknown
		Checksum: Incorrect (0xf8b0)
		Sender IP: 64.5.0.16
		Dest IP: 0.0.0.0

Packet number: 217  Packet Len: 1294

	Ethernet Header
		Dest MAC: 34:c9:3d:d:55:9d
		Source MAC: a0:7f:8a:2f:ab:cf
		Type: IPv6

	IP Header
		IP PDU Len: 0
		Header Len (bytes): 0
		TTL: 38
		Protocol: Unknown
		Checksum: Incorrect (0xf8b0)
		Sender IP: 64.5.0.16
		Dest IP: 0.0.0.0

Packet number: 218  Packet Len: 1294

	Ethernet Header
		Dest MAC: 34:c9:3d:d:55:9d
		Source MAC: a0:7f:8a:2f:ab:cf
		Type: IPv6

	IP Header
		IP PDU Len: 0
		Header Len (bytes): 0
		TTL: 38
		Protocol: Unknown
		Checksum: Incorrect (0xf8b0)
		Sender IP: 64.5.0.16
		Dest IP: 0.0.0.0

Packet number: 219  Packet Len: 1294

	Ethernet Header
		Dest MAC: 34:c9:3d:d:55:9d
		Source MAC: a0:7f:8a:2f:ab:cf
		Type: IPv6

	IP Header
		IP PDU Len: 0
		Header Len (bytes): 0
		TTL: 38
		Protocol: Unknown
		Checksum: Incorrect (0xf8b0)
		Sender IP: 64.5.0.16
		Dest IP: 0.0.0.0

Packet number: 220  Packet Len: 1294

	Ethernet Header
		Dest MAC: 34:c9:3d:d:55:9d
		Source MAC: a0:7f:8a:2f:ab:cf
		Type: IPv6

	IP Header
		IP PDU Len: 0
		Header Len (bytes): 0
		TTL: 38
		Protocol: Unknown
		Checksum: Incorrect (0xf8b0)
		Sender IP: 64.5.0.16
		Dest IP: 0.0.0.0

Packet number: 221  Packet Len: 1294

	Ethernet Header
		Dest MAC: 34:c9:3d:d:55:9d
		Source MAC: a0:7f:8a:2f:ab:cf
		Type: IPv6

	IP Header
		IP PDU Len: 0
		Header Len (bytes): 0
		TTL: 38
		Protocol: Unknown
		Checksum: Incorrect (0xf8b0)
		Sender IP: 64.5.0.16
		Dest IP: 0.0.0.0

Packet number: 222  Packet Len: 1294

	Ethernet Header
		Dest MAC: 34:c9:3d:d:55:9d
		Source MAC: a0:7f:8a:2f:ab:cf
		Type: IPv6

	IP Header
		IP PDU Len: 0
		Header Len (bytes): 0
		TTL: 38
		Protocol: Unknown
		Checksum: Incorrect (0xf8b0)
		Sender IP: 64.5.0.16
		Dest IP: 0.0.0.0

Packet number: 223  Packet Len: 1294

	Ethernet Header
		Dest MAC: 34:c9:3d:d:55:9d
		Source MAC: a0:7f:8a:2f:ab:cf
		Type: IPv6

	IP Header
		IP PDU Len: 0
		Header Len (bytes): 0
		TTL: 38
		Protocol: Unknown
		Checksum: Incorrect (0xf8b0)
		Sender IP: 64.5.0.16
		Dest IP: 0.0.0.0

Packet number: 224  Packet Len: 1294

	Ethernet Header
		Dest MAC: 34:c9:3d:d:55:9d
		Source MAC: a0:7f:8a:2f:ab:cf
		Type: IPv6

	IP Header
		IP PDU Len: 0
		Header Len (bytes): 0
		TTL: 38
		Protocol: Unknown
		Checksum: Incorrect (0xf8b0)
		Sender IP: 64.5.0.16
		Dest IP: 0.0.0.0

Packet number: 225  Packet Len: 1294

	Ethernet Header
		Dest MAC: 34:c9:3d:d:55:9d
		Source MAC: a0:7f:8a:2f:ab:cf
		Type: IPv6

	IP Header
		IP PDU Len: 0
		Header Len (bytes): 0
		TTL: 38
		Protocol: Unknown
		Checksum: Incorrect (0xf8b0)
		Sender IP: 64.5.0.16
		Dest IP: 0.0.0.0

Packet number: 226  Packet Len: 1294

	Ethernet Header
		Dest MAC: 34:c9:3d:d:55:9d
		Source MAC: a0:7f:8a:2f:ab:cf
		Type: IPv6

	IP Header
		IP PDU Len: 0
		Header Len (bytes): 0
		TTL: 38
		Protocol: Unknown
		Checksum: Incorrect (0xf8b0)
		Sender IP: 64.5.0.16
		Dest IP: 0.0.0.0

Packet number: 227  Packet Len: 1294

	Ethernet Header
		Dest MAC: 34:c9:3d:d:55:9d
		Source MAC: a0:7f:8a:2f:ab:cf
		Type: IPv6

	IP Header
		IP PDU Len: 0
		Header Len (bytes): 0
		TTL: 38
		Protocol: Unknown
		Checksum: Incorrect (0xf8b0)
		Sender IP: 64.5.0.16
		Dest IP: 0.0.0.0

Packet number: 228  Packet Len: 1294

	Ethernet Header
		Dest MAC: 34:c9:3d:d:55:9d
		Source MAC: a0:7f:8a:2f:ab:cf
		Type: IPv6

	IP Header
		IP PDU Len: 0
		Header Len (bytes): 0
		TTL: 38
		Protocol: Unknown
		Checksum: Incorrect (0xf8b0)
		Sender IP: 64.5.0.16
		Dest IP: 0.0.0.0

Packet number: 229  Packet Len: 1294

	Ethernet Header
		Dest MAC: 34:c9:3d:d:55:9d
		Source MAC: a0:7f:8a:2f:ab:cf
		Type: IPv6

	IP Header
		IP PDU Len: 0
		Header Len (bytes): 0
		TTL: 38
		Protocol: Unknown
		Checksum: Incorrect (0xf8b0)
		Sender IP: 64.5.0.16
		Dest IP: 0.0.0.0

Packet number: 230  Packet Len: 1294

	Ethernet Header
		Dest MAC: 34:c9:3d:d:55:9d
		Source MAC: a0:7f:8a:2f:ab:cf
		Type: IPv6

	IP Header
		IP PDU Len: 0
		Header Len (bytes): 0
		TTL: 38
		Protocol: Unknown
		Checksum: Incorrect (0xf8b0)
		Sender IP: 64.5.0.16
		Dest IP: 0.0.0.0

Packet number: 231  Packet Len: 1294

	Ethernet Header
		Dest MAC: 34:c9:3d:d:55:9d
		Source MAC: a0:7f:8a:2f:ab:cf
		Type: IPv6

	IP Header
		IP PDU Len: 0
		Header Len (bytes): 0
		TTL: 38
		Protocol: Unknown
		Checksum: Incorrect (0xf8b0)
		Sender IP: 64.5.0.16
		Dest IP: 0.0.0.0

Packet number: 232  Packet Len: 1294

	Ethernet Header
		Dest MAC: 34:c9:3d:d:55:9d
		Source MAC: a0:7f:8a:2f:ab:cf
		Type: IPv6

	IP Header
		IP PDU Len: 0
		Header Len (bytes): 0
		TTL: 38
		Protocol: Unknown
		Checksum: Incorrect (0xf8b0)
		Sender IP: 64.5.0.16
		Dest IP: 0.0.0.0

Packet number: 233  Packet Len: 95

	Ethernet Header
		Dest MAC: a0:7f:8a:2f:ab:cf
		Source MAC: 34:c9:3d:d:55:9d
		Type: IPv6

	IP Header
		IP PDU Len: 10831
		Header Len (bytes): 0
		TTL: 38
		Protocol: Unknown
		Checksum: Incorrect (0x6c52)
		Sender IP: 125.240.137.160
		Dest IP: 173.18.185.215

Packet number: 234  Packet Len: 1294

	Ethernet Header
		Dest MAC: 34:c9:3d:d:55:9d
		Source MAC: a0:7f:8a:2f:ab:cf
		Type: IPv6

	IP Header
		IP PDU Len: 0
		Header Len (bytes): 0
		TTL: 38
		Protocol: Unknown
		Checksum: Incorrect (0xf8b0)
		Sender IP: 64.5.0.16
		Dest IP: 0.0.0.0

Packet number: 235  Packet Len: 1294

	Ethernet Header
		Dest MAC: 34:c9:3d:d:55:9d
		Source MAC: a0:7f:8a:2f:ab:cf
		Type: IPv6

	IP Header
		IP PDU Len: 0
		Header Len (bytes): 0
		TTL: 38
		Protocol: Unknown
		Checksum: Incorrect (0xf8b0)
		Sender IP: 64.5.0.16
		Dest IP: 0.0.0.0

Packet number: 236  Packet Len: 1294

	Ethernet Header
		Dest MAC: 34:c9:3d:d:55:9d
		Source MAC: a0:7f:8a:2f:ab:cf
		Type: IPv6

	IP Header
		IP PDU Len: 0
		Header Len (bytes): 0
		TTL: 38
		Protocol: Unknown
		Checksum: Incorrect (0xf8b0)
		Sender IP: 64.5.0.16
		Dest IP: 0.0.0.0

Packet number: 237  Packet Len: 1294

	Ethernet Header
		Dest MAC: 34:c9:3d:d:55:9d
		Source MAC: a0:7f:8a:2f:ab:cf
		Type: IPv6

	IP Header
		IP PDU Len: 0
		Header Len (bytes): 0
		TTL: 38
		Protocol: Unknown
		Checksum: Incorrect (0xf8b0)
		Sender IP: 64.5.0.16
		Dest IP: 0.0.0.0

Packet number: 238  Packet Len: 1294

	Ethernet Header
		Dest MAC: 34:c9:3d:d:55:9d
		Source MAC: a0:7f:8a:2f:ab:cf
		Type: IPv6

	IP Header
		IP PDU Len: 0
		Header Len (bytes): 0
		TTL: 38
		Protocol: Unknown
		Checksum: Incorrect (0xf8b0)
		Sender IP: 64.5.0.16
		Dest IP: 0.0.0.0

Packet number: 239  Packet Len: 1294

	Ethernet Header
		Dest MAC: 34:c9:3d:d:55:9d
		Source MAC: a0:7f:8a:2f:ab:cf
		Type: IPv6

	IP Header
		IP PDU Len: 0
		Header Len (bytes): 0
		TTL: 38
		Protocol: Unknown
		Checksum: Incorrect (0xf8b0)
		Sender IP: 64.5.0.16
		Dest IP: 0.0.0.0

Packet number: 240  Packet Len: 1294

	Ethernet Header
		Dest MAC: 34:c9:3d:d:55:9d
		Source MAC: a0:7f:8a:2f:ab:cf
		Type: IPv6

	IP Header
		IP PDU Len: 0
		Header Len (bytes): 0
		TTL: 38
		Protocol: Unknown
		Checksum: Incorrect (0xf8b0)
		Sender IP: 64.5.0.16
		Dest IP: 0.0.0.0

Packet number: 241  Packet Len: 1294

	Ethernet Header
		Dest MAC: 34:c9:3d:d:55:9d
		Source MAC: a0:7f:8a:2f:ab:cf
		Type: IPv6

	IP Header
		IP PDU Len: 0
		Header Len (bytes): 0
		TTL: 38
		Protocol: Unknown
		Checksum: Incorrect (0xf8b0)
		Sender IP: 64.5.0.16
		Dest IP: 0.0.0.0

Packet number: 242  Packet Len: 1294

	Ethernet Header
		Dest MAC: 34:c9:3d:d:55:9d
		Source MAC: a0:7f:8a:2f:ab:cf
		Type: IPv6

	IP Header
		IP PDU Len: 0
		Header Len (bytes): 0
		TTL: 38
		Protocol: Unknown
		Checksum: Incorrect (0xf8b0)
		Sender IP: 64.5.0.16
		Dest IP: 0.0.0.0

Packet number: 243  Packet Len: 1294

	Ethernet Header
		Dest MAC: 34:c9:3d:d:55:9d
		Source MAC: a0:7f:8a:2f:ab:cf
		Type: IPv6

	IP Header
		IP PDU Len: 0
		Header Len (bytes): 0
		TTL: 38
		Protocol: Unknown
		Checksum: Incorrect (0xf8b0)
		Sender IP: 64.5.0.16
		Dest IP: 0.0.0.0

Packet number: 244  Packet Len: 1294

	Ethernet Header
		Dest MAC: 34:c9:3d:d:55:9d
		Source MAC: a0:7f:8a:2f:ab:cf
		Type: IPv6

	IP Header
		IP PDU Len: 0
		Header Len (bytes): 0
		TTL: 38
		Protocol: Unknown
		Checksum: Incorrect (0xf8b0)
		Sender IP: 64.5.0.16
		Dest IP: 0.0.0.0

Packet number: 245  Packet Len: 1294

	Ethernet Header
		Dest MAC: 34:c9:3d:d:55:9d
		Source MAC: a0:7f:8a:2f:ab:cf
		Type: IPv6

	IP Header
		IP PDU Len: 0
		Header Len (bytes): 0
		TTL: 38
		Protocol: Unknown
		Checksum: Incorrect (0xf8b0)
		Sender IP: 64.5.0.16
		Dest IP: 0.0.0.0

Packet number: 246  Packet Len: 1294

	Ethernet Header
		Dest MAC: 34:c9:3d:d:55:9d
		Source MAC: a0:7f:8a:2f:ab:cf
		Type: IPv6

	IP Header
		IP PDU Len: 0
		Header Len (bytes): 0
		TTL: 38
		Protocol: Unknown
		Checksum: Incorrect (0xf8b0)
		Sender IP: 64.5.0.16
		Dest IP: 0.0.0.0

Packet number: 247  Packet Len: 1294

	Ethernet Header
		Dest MAC: 34:c9:3d:d:55:9d
		Source MAC: a0:7f:8a:2f:ab:cf
		Type: IPv6

	IP Header
		IP PDU Len: 0
		Header Len (bytes): 0
		TTL: 38
		Protocol: Unknown
		Checksum: Incorrect (0xf8b0)
		Sender IP: 64.5.0.16
		Dest IP: 0.0.0.0

Packet number: 248  Packet Len: 1294

	Ethernet Header
		Dest MAC: 34:c9:3d:d:55:9d
		Source MAC: a0:7f:8a:2f:ab:cf
		Type: IPv6

	IP Header
		IP PDU Len: 0
		Header Len (bytes): 0
		TTL: 38
		Protocol: Unknown
		Checksum: Incorrect (0xf8b0)
		Sender IP: 64.5.0.16
		Dest IP: 0.0.0.0

Packet number: 249  Packet Len: 1294

	Ethernet Header
		Dest MAC: 34:c9:3d:d:55:9d
		Source MAC: a0:7f:8a:2f:ab:cf
		Type: IPv6

	IP Header
		IP PDU Len: 0
		Header Len (bytes): 0
		TTL: 38
		Protocol: Unknown
		Checksum: Incorrect (0xf8b0)
		Sender IP: 64.5.0.16
		Dest IP: 0.0.0.0

Packet number: 250  Packet Len: 1294

	Ethernet Header
		Dest MAC: 34:c9:3d:d:55:9d
		Source MAC: a0:7f:8a:2f:ab:cf
		Type: IPv6

	IP Header
		IP PDU Len: 0
		Header Len (bytes): 0
		TTL: 38
		Protocol: Unknown
		Checksum: Incorrect (0xf8b0)
		Sender IP: 64.5.0.16
		Dest IP: 0.0.0.0

Packet number: 251  Packet Len: 1294

	Ethernet Header
		Dest MAC: 34:c9:3d:d:55:9d
		Source MAC: a0:7f:8a:2f:ab:cf
		Type: IPv6

	IP Header
		IP PDU Len: 0
		Header Len (bytes): 0
		TTL: 38
		Protocol: Unknown
		Checksum: Incorrect (0xf8b0)
		Sender IP: 64.5.0.16
		Dest IP: 0.0.0.0

Packet number: 252  Packet Len: 1294

	Ethernet Header
		Dest MAC: 34:c9:3d:d:55:9d
		Source MAC: a0:7f:8a:2f:ab:cf
		Type: IPv6

	IP Header
		IP PDU Len: 0
		Header Len (bytes): 0
		TTL: 38
		Protocol: Unknown
		Checksum: Incorrect (0xf8b0)
		Sender IP: 64.5.0.16
		Dest IP: 0.0.0.0

Packet number: 253  Packet Len: 1294

	Ethernet Header
		Dest MAC: 34:c9:3d:d:55:9d
		Source MAC: a0:7f:8a:2f:ab:cf
		Type: IPv6

	IP Header
		IP PDU Len: 0
		Header Len (bytes): 0
		TTL: 38
		Protocol: Unknown
		Checksum: Incorrect (0xf8b0)
		Sender IP: 64.5.0.16
		Dest IP: 0.0.0.0

Packet number: 254  Packet Len: 1294

	Ethernet Header
		Dest MAC: 34:c9:3d:d:55:9d
		Source MAC: a0:7f:8a:2f:ab:cf
		Type: IPv6

	IP Header
		IP PDU Len: 0
		Header Len (bytes): 0
		TTL: 38
		Protocol: Unknown
		Checksum: Incorrect (0xf8b0)
		Sender IP: 64.5.0.16
		Dest IP: 0.0.0.0

Packet number: 255  Packet Len: 95

	Ethernet Header
		Dest MAC: a0:7f:8a:2f:ab:cf
		Source MAC: 34:c9:3d:d:55:9d
		Type: IPv6

	IP Header
		IP PDU Len: 10831
		Header Len (bytes): 0
		TTL: 38
		Protocol: Unknown
		Checksum: Incorrect (0x6c52)
		Sender IP: 125.240.137.160
		Dest IP: 173.18.185.215

Packet number: 256  Packet Len: 1294

	Ethernet Header
		Dest MAC: 34:c9:3d:d:55:9d
		Source MAC: a0:7f:8a:2f:ab:cf
		Type: IPv6

	IP Header
		IP PDU Len: 0
		Header Len (bytes): 0
		TTL: 38
		Protocol: Unknown
		Checksum: Incorrect (0xf8b0)
		Sender IP: 64.5.0.16
		Dest IP: 0.0.0.0

Packet number: 257  Packet Len: 1294

	Ethernet Header
		Dest MAC: 34:c9:3d:d:55:9d
		Source MAC: a0:7f:8a:2f:ab:cf
		Type: IPv6

	IP Header
		IP PDU Len: 0
		Header Len (bytes): 0
		TTL: 38
		Protocol: Unknown
		Checksum: Incorrect (0xf8b0)
		Sender IP: 64.5.0.16
		Dest IP: 0.0.0.0

Packet number: 258  Packet Len: 1294

	Ethernet Header
		Dest MAC: 34:c9:3d:d:55:9d
		Source MAC: a0:7f:8a:2f:ab:cf
		Type: IPv6

	IP Header
		IP PDU Len: 0
		Header Len (bytes): 0
		TTL: 38
		Protocol: Unknown
		Checksum: Incorrect (0xf8b0)
		Sender IP: 64.5.0.16
		Dest IP: 0.0.0.0

Packet number: 259  Packet Len: 1294

	Ethernet Header
		Dest MAC: 34:c9:3d:d:55:9d
		Source MAC: a0:7f:8a:2f:ab:cf
		Type: IPv6

	IP Header
		IP PDU Len: 0
		Header Len (bytes): 0
		TTL: 38
		Protocol: Unknown
		Checksum: Incorrect (0xf8b0)
		Sender IP: 64.5.0.16
		Dest IP: 0.0.0.0

Packet number: 260  Packet Len: 1294

	Ethernet Header
		Dest MAC: 34:c9:3d:d:55:9d
		Source MAC: a0:7f:8a:2f:ab:cf
		Type: IPv6

	IP Header
		IP PDU Len: 0
		Header Len (bytes): 0
		TTL: 38
		Protocol: Unknown
		Checksum: Incorrect (0xf8b0)
		Sender IP: 64.5.0.16
		Dest IP: 0.0.0.0

Packet number: 261  Packet Len: 1294

	Ethernet Header
		Dest MAC: 34:c9:3d:d:55:9d
		Source MAC: a0:7f:8a:2f:ab:cf
		Type: IPv6

	IP Header
		IP PDU Len: 0
		Header Len (bytes): 0
		TTL: 38
		Protocol: Unknown
		Checksum: Incorrect (0xf8b0)
		Sender IP: 64.5.0.16
		Dest IP: 0.0.0.0

Packet number: 262  Packet Len: 1294

	Ethernet Header
		Dest MAC: 34:c9:3d:d:55:9d
		Source MAC: a0:7f:8a:2f:ab:cf
		Type: IPv6

	IP Header
		IP PDU Len: 0
		Header Len (bytes): 0
		TTL: 38
		Protocol: Unknown
		Checksum: Incorrect (0xf8b0)
		Sender IP: 64.5.0.16
		Dest IP: 0.0.0.0

Packet number: 263  Packet Len: 1294

	Ethernet Header
		Dest MAC: 34:c9:3d:d:55:9d
		Source MAC: a0:7f:8a:2f:ab:cf
		Type: IPv6

	IP Header
		IP PDU Len: 0
		Header Len (bytes): 0
		TTL: 38
		Protocol: Unknown
		Checksum: Incorrect (0xf8b0)
		Sender IP: 64.5.0.16
		Dest IP: 0.0.0.0

Packet number: 264  Packet Len: 1294

	Ethernet Header
		Dest MAC: 34:c9:3d:d:55:9d
		Source MAC: a0:7f:8a:2f:ab:cf
		Type: IPv6

	IP Header
		IP PDU Len: 0
		Header Len (bytes): 0
		TTL: 38
		Protocol: Unknown
		Checksum: Incorrect (0xf8b0)
		Sender IP: 64.5.0.16
		Dest IP: 0.0.0.0

Packet number: 265  Packet Len: 95

	Ethernet Header
		Dest MAC: a0:7f:8a:2f:ab:cf
		Source MAC: 34:c9:3d:d:55:9d
		Type: IPv6

	IP Header
		IP PDU Len: 10831
		Header Len (bytes): 0
		TTL: 38
		Protocol: Unknown
		Checksum: Incorrect (0x6c52)
		Sender IP: 125.240.137.160
		Dest IP: 173.18.185.215

Packet number: 266  Packet Len: 1294

	Ethernet Header
		Dest MAC: 34:c9:3d:d:55:9d
		Source MAC: a0:7f:8a:2f:ab:cf
		Type: IPv6

	IP Header
		IP PDU Len: 0
		Header Len (bytes): 0
		TTL: 38
		Protocol: Unknown
		Checksum: Incorrect (0xf8b0)
		Sender IP: 64.5.0.16
		Dest IP: 0.0.0.0

Packet number: 267  Packet Len: 1294

	Ethernet Header
		Dest MAC: 34:c9:3d:d:55:9d
		Source MAC: a0:7f:8a:2f:ab:cf
		Type: IPv6

	IP Header
		IP PDU Len: 0
		Header Len (bytes): 0
		TTL: 38
		Protocol: Unknown
		Checksum: Incorrect (0xf8b0)
		Sender IP: 64.5.0.16
		Dest IP: 0.0.0.0

Packet number: 268  Packet Len: 1294

	Ethernet Header
		Dest MAC: 34:c9:3d:d:55:9d
		Source MAC: a0:7f:8a:2f:ab:cf
		Type: IPv6

	IP Header
		IP PDU Len: 0
		Header Len (bytes): 0
		TTL: 38
		Protocol: Unknown
		Checksum: Incorrect (0xf8b0)
		Sender IP: 64.5.0.16
		Dest IP: 0.0.0.0

Packet number: 269  Packet Len: 1294

	Ethernet Header
		Dest MAC: 34:c9:3d:d:55:9d
		Source MAC: a0:7f:8a:2f:ab:cf
		Type: IPv6

	IP Header
		IP PDU Len: 0
		Header Len (bytes): 0
		TTL: 38
		Protocol: Unknown
		Checksum: Incorrect (0xf8b0)
		Sender IP: 64.5.0.16
		Dest IP: 0.0.0.0

Packet number: 270  Packet Len: 1294

	Ethernet Header
		Dest MAC: 34:c9:3d:d:55:9d
		Source MAC: a0:7f:8a:2f:ab:cf
		Type: IPv6

	IP Header
		IP PDU Len: 0
		Header Len (bytes): 0
		TTL: 38
		Protocol: Unknown
		Checksum: Incorrect (0xf8b0)
		Sender IP: 64.5.0.16
		Dest IP: 0.0.0.0

Packet number: 271  Packet Len: 1294

	Ethernet Header
		Dest MAC: 34:c9:3d:d:55:9d
		Source MAC: a0:7f:8a:2f:ab:cf
		Type: IPv6

	IP Header
		IP PDU Len: 0
		Header Len (bytes): 0
		TTL: 38
		Protocol: Unknown
		Checksum: Incorrect (0xf8b0)
		Sender IP: 64.5.0.16
		Dest IP: 0.0.0.0

Packet number: 272  Packet Len: 1294

	Ethernet Header
		Dest MAC: 34:c9:3d:d:55:9d
		Source MAC: a0:7f:8a:2f:ab:cf
		Type: IPv6

	IP Header
		IP PDU Len: 0
		Header Len (bytes): 0
		TTL: 38
		Protocol: Unknown
		Checksum: Incorrect (0xf8b0)
		Sender IP: 64.5.0.16
		Dest IP: 0.0.0.0

Packet number: 273  Packet Len: 1294

	Ethernet Header
		Dest MAC: 34:c9:3d:d:55:9d
		Source MAC: a0:7f:8a:2f:ab:cf
		Type: IPv6

	IP Header
		IP PDU Len: 0
		Header Len (bytes): 0
		TTL: 38
		Protocol: Unknown
		Checksum: Incorrect (0xf8b0)
		Sender IP: 64.5.0.16
		Dest IP: 0.0.0.0

Packet number: 274  Packet Len: 1294

	Ethernet Header
		Dest MAC: 34:c9:3d:d:55:9d
		Source MAC: a0:7f:8a:2f:ab:cf
		Type: IPv6

	IP Header
		IP PDU Len: 0
		Header Len (bytes): 0
		TTL: 38
		Protocol: Unknown
		Checksum: Incorrect (0xf8b0)
		Sender IP: 64.5.0.16
		Dest IP: 0.0.0.0

Packet number: 275  Packet Len: 1294

	Ethernet Header
		Dest MAC: 34:c9:3d:d:55:9d
		Source MAC: a0:7f:8a:2f:ab:cf
		Type: IPv6

	IP Header
		IP PDU Len: 0
		Header Len (bytes): 0
		TTL: 38
		Protocol: Unknown
		Checksum: Incorrect (0xf8b0)
		Sender IP: 64.5.0.16
		Dest IP: 0.0.0.0

Packet number: 276  Packet Len: 1294

	Ethernet Header
		Dest MAC: 34:c9:3d:d:55:9d
		Source MAC: a0:7f:8a:2f:ab:cf
		Type: IPv6

	IP Header
		IP PDU Len: 0
		Header Len (bytes): 0
		TTL: 38
		Protocol: Unknown
		Checksum: Incorrect (0xf8b0)
		Sender IP: 64.5.0.16
		Dest IP: 0.0.0.0

Packet number: 277  Packet Len: 1294

	Ethernet Header
		Dest MAC: 34:c9:3d:d:55:9d
		Source MAC: a0:7f:8a:2f:ab:cf
		Type: IPv6

	IP Header
		IP PDU Len: 0
		Header Len (bytes): 0
		TTL: 38
		Protocol: Unknown
		Checksum: Incorrect (0xf8b0)
		Sender IP: 64.5.0.16
		Dest IP: 0.0.0.0

Packet number: 278  Packet Len: 1294

	Ethernet Header
		Dest MAC: 34:c9:3d:d:55:9d
		Source MAC: a0:7f:8a:2f:ab:cf
		Type: IPv6

	IP Header
		IP PDU Len: 0
		Header Len (bytes): 0
		TTL: 38
		Protocol: Unknown
		Checksum: Incorrect (0xf8b0)
		Sender IP: 64.5.0.16
		Dest IP: 0.0.0.0

Packet number: 279  Packet Len: 1294

	Ethernet Header
		Dest MAC: 34:c9:3d:d:55:9d
		Source MAC: a0:7f:8a:2f:ab:cf
		Type: IPv6

	IP Header
		IP PDU Len: 0
		Header Len (bytes): 0
		TTL: 38
		Protocol: Unknown
		Checksum: Incorrect (0xf8b0)
		Sender IP: 64.5.0.16
		Dest IP: 0.0.0.0

Packet number: 280  Packet Len: 1294

	Ethernet Header
		Dest MAC: 34:c9:3d:d:55:9d
		Source MAC: a0:7f:8a:2f:ab:cf
		Type: IPv6

	IP Header
		IP PDU Len: 0
		Header Len (bytes): 0
		TTL: 38
		Protocol: Unknown
		Checksum: Incorrect (0xf8b0)
		Sender IP: 64.5.0.16
		Dest IP: 0.0.0.0

Packet number: 281  Packet Len: 1294

	Ethernet Header
		Dest MAC: 34:c9:3d:d:55:9d
		Source MAC: a0:7f:8a:2f:ab:cf
		Type: IPv6

	IP Header
		IP PDU Len: 0
		Header Len (bytes): 0
		TTL: 38
		Protocol: Unknown
		Checksum: Incorrect (0xf8b0)
		Sender IP: 64.5.0.16
		Dest IP: 0.0.0.0

Packet number: 282  Packet Len: 1294

	Ethernet Header
		Dest MAC: 34:c9:3d:d:55:9d
		Source MAC: a0:7f:8a:2f:ab:cf
		Type: IPv6

	IP Header
		IP PDU Len: 0
		Header Len (bytes): 0
		TTL: 38
		Protocol: Unknown
		Checksum: Incorrect (0xf8b0)
		Sender IP: 64.5.0.16
		Dest IP: 0.0.0.0

Packet number: 283  Packet Len: 1294

	Ethernet Header
		Dest MAC: 34:c9:3d:d:55:9d
		Source MAC: a0:7f:8a:2f:ab:cf
		Type: IPv6

	IP Header
		IP PDU Len: 0
		Header Len (bytes): 0
		TTL: 38
		Protocol: Unknown
		Checksum: Incorrect (0xf8b0)
		Sender IP: 64.5.0.16
		Dest IP: 0.0.0.0

Packet number: 284  Packet Len: 1294

	Ethernet Header
		Dest MAC: 34:c9:3d:d:55:9d
		Source MAC: a0:7f:8a:2f:ab:cf
		Type: IPv6

	IP Header
		IP PDU Len: 0
		Header Len (bytes): 0
		TTL: 38
		Protocol: Unknown
		Checksum: Incorrect (0xf8b0)
		Sender IP: 64.5.0.16
		Dest IP: 0.0.0.0

Packet number: 285  Packet Len: 95

	Ethernet Header
		Dest MAC: a0:7f:8a:2f:ab:cf
		Source MAC: 34:c9:3d:d:55:9d
		Type: IPv6

	IP Header
		IP PDU Len: 10831
		Header Len (bytes): 0
		TTL: 38
		Protocol: Unknown
		Checksum: Incorrect (0x6c52)
		Sender IP: 125.240.137.160
		Dest IP: 173.18.185.215

Packet number: 286  Packet Len: 1294

	Ethernet Header
		Dest MAC: 34:c9:3d:d:55:9d
		Source MAC: a0:7f:8a:2f:ab:cf
		Type: IPv6

	IP Header
		IP PDU Len: 0
		Header Len (bytes): 0
		TTL: 38
		Protocol: Unknown
		Checksum: Incorrect (0xf8b0)
		Sender IP: 64.5.0.16
		Dest IP: 0.0.0.0

Packet number: 287  Packet Len: 1294

	Ethernet Header
		Dest MAC: 34:c9:3d:d:55:9d
		Source MAC: a0:7f:8a:2f:ab:cf
		Type: IPv6

	IP Header
		IP PDU Len: 0
		Header Len (bytes): 0
		TTL: 38
		Protocol: Unknown
		Checksum: Incorrect (0xf8b0)
		Sender IP: 64.5.0.16
		Dest IP: 0.0.0.0

Packet number: 288  Packet Len: 1294

	Ethernet Header
		Dest MAC: 34:c9:3d:d:55:9d
		Source MAC: a0:7f:8a:2f:ab:cf
		Type: IPv6

	IP Header
		IP PDU Len: 0
		Header Len (bytes): 0
		TTL: 38
		Protocol: Unknown
		Checksum: Incorrect (0xf8b0)
		Sender IP: 64.5.0.16
		Dest IP: 0.0.0.0

Packet number: 289  Packet Len: 1294

	Ethernet Header
		Dest MAC: 34:c9:3d:d:55:9d
		Source MAC: a0:7f:8a:2f:ab:cf
		Type: IPv6

	IP Header
		IP PDU Len: 0
		Header Len (bytes): 0
		TTL: 38
		Protocol: Unknown
		Checksum: Incorrect (0xf8b0)
		Sender IP: 64.5.0.16
		Dest IP: 0.0.0.0

Packet number: 290  Packet Len: 1294

	Ethernet Header
		Dest MAC: 34:c9:3d:d:55:9d
		Source MAC: a0:7f:8a:2f:ab:cf
		Type: IPv6

	IP Header
		IP PDU Len: 0
		Header Len (bytes): 0
		TTL: 38
		Protocol: Unknown
		Checksum: Incorrect (0xf8b0)
		Sender IP: 64.5.0.16
		Dest IP: 0.0.0.0

Packet number: 291  Packet Len: 1294

	Ethernet Header
		Dest MAC: 34:c9:3d:d:55:9d
		Source MAC: a0:7f:8a:2f:ab:cf
		Type: IPv6

	IP Header
		IP PDU Len: 0
		Header Len (bytes): 0
		TTL: 38
		Protocol: Unknown
		Checksum: Incorrect (0xf8b0)
		Sender IP: 64.5.0.16
		Dest IP: 0.0.0.0

Packet number: 292  Packet Len: 1294

	Ethernet Header
		Dest MAC: 34:c9:3d:d:55:9d
		Source MAC: a0:7f:8a:2f:ab:cf
		Type: IPv6

	IP Header
		IP PDU Len: 0
		Header Len (bytes): 0
		TTL: 38
		Protocol: Unknown
		Checksum: Incorrect (0xf8b0)
		Sender IP: 64.5.0.16
		Dest IP: 0.0.0.0

Packet number: 293  Packet Len: 1294

	Ethernet Header
		Dest MAC: 34:c9:3d:d:55:9d
		Source MAC: a0:7f:8a:2f:ab:cf
		Type: IPv6

	IP Header
		IP PDU Len: 0
		Header Len (bytes): 0
		TTL: 38
		Protocol: Unknown
		Checksum: Incorrect (0xf8b0)
		Sender IP: 64.5.0.16
		Dest IP: 0.0.0.0

Packet number: 294  Packet Len: 1294

	Ethernet Header
		Dest MAC: 34:c9:3d:d:55:9d
		Source MAC: a0:7f:8a:2f:ab:cf
		Type: IPv6

	IP Header
		IP PDU Len: 0
		Header Len (bytes): 0
		TTL: 38
		Protocol: Unknown
		Checksum: Incorrect (0xf8b0)
		Sender IP: 64.5.0.16
		Dest IP: 0.0.0.0

Packet number: 295  Packet Len: 1294

	Ethernet Header
		Dest MAC: 34:c9:3d:d:55:9d
		Source MAC: a0:7f:8a:2f:ab:cf
		Type: IPv6

	IP Header
		IP PDU Len: 0
		Header Len (bytes): 0
		TTL: 38
		Protocol: Unknown
		Checksum: Incorrect (0xf8b0)
		Sender IP: 64.5.0.16
		Dest IP: 0.0.0.0

Packet number: 296  Packet Len: 1294

	Ethernet Header
		Dest MAC: 34:c9:3d:d:55:9d
		Source MAC: a0:7f:8a:2f:ab:cf
		Type: IPv6

	IP Header
		IP PDU Len: 0
		Header Len (bytes): 0
		TTL: 38
		Protocol: Unknown
		Checksum: Incorrect (0xf8b0)
		Sender IP: 64.5.0.16
		Dest IP: 0.0.0.0

Packet number: 297  Packet Len: 1294

	Ethernet Header
		Dest MAC: 34:c9:3d:d:55:9d
		Source MAC: a0:7f:8a:2f:ab:cf
		Type: IPv6

	IP Header
		IP PDU Len: 0
		Header Len (bytes): 0
		TTL: 38
		Protocol: Unknown
		Checksum: Incorrect (0xf8b0)
		Sender IP: 64.5.0.16
		Dest IP: 0.0.0.0

Packet number: 298  Packet Len: 1294

	Ethernet Header
		Dest MAC: 34:c9:3d:d:55:9d
		Source MAC: a0:7f:8a:2f:ab:cf
		Type: IPv6

	IP Header
		IP PDU Len: 0
		Header Len (bytes): 0
		TTL: 38
		Protocol: Unknown
		Checksum: Incorrect (0xf8b0)
		Sender IP: 64.5.0.16
		Dest IP: 0.0.0.0

Packet number: 299  Packet Len: 1294

	Ethernet Header
		Dest MAC: 34:c9:3d:d:55:9d
		Source MAC: a0:7f:8a:2f:ab:cf
		Type: IPv6

	IP Header
		IP PDU Len: 0
		Header Len (bytes): 0
		TTL: 38
		Protocol: Unknown
		Checksum: Incorrect (0xf8b0)
		Sender IP: 64.5.0.16
		Dest IP: 0.0.0.0

Packet number: 300  Packet Len: 1294

	Ethernet Header
		Dest MAC: 34:c9:3d:d:55:9d
		Source MAC: a0:7f:8a:2f:ab:cf
		Type: IPv6

	IP Header
		IP PDU Len: 0
		Header Len (bytes): 0
		TTL: 38
		Protocol: Unknown
		Checksum: Incorrect (0xf8b0)
		Sender IP: 64.5.0.16
		Dest IP: 0.0.0.0

Packet number: 301  Packet Len: 1294

	Ethernet Header
		Dest MAC: 34:c9:3d:d:55:9d
		Source MAC: a0:7f:8a:2f:ab:cf
		Type: IPv6

	IP Header
		IP PDU Len: 0
		Header Len (bytes): 0
		TTL: 38
		Protocol: Unknown
		Checksum: Incorrect (0xf8b0)
		Sender IP: 64.5.0.16
		Dest IP: 0.0.0.0

Packet number: 302  Packet Len: 1294

	Ethernet Header
		Dest MAC: 34:c9:3d:d:55:9d
		Source MAC: a0:7f:8a:2f:ab:cf
		Type: IPv6

	IP Header
		IP PDU Len: 0
		Header Len (bytes): 0
		TTL: 38
		Protocol: Unknown
		Checksum: Incorrect (0xf8b0)
		Sender IP: 64.5.0.16
		Dest IP: 0.0.0.0

Packet number: 303  Packet Len: 1294

	Ethernet Header
		Dest MAC: 34:c9:3d:d:55:9d
		Source MAC: a0:7f:8a:2f:ab:cf
		Type: IPv6

	IP Header
		IP PDU Len: 0
		Header Len (bytes): 0
		TTL: 38
		Protocol: Unknown
		Checksum: Incorrect (0xf8b0)
		Sender IP: 64.5.0.16
		Dest IP: 0.0.0.0

Packet number: 304  Packet Len: 1294

	Ethernet Header
		Dest MAC: 34:c9:3d:d:55:9d
		Source MAC: a0:7f:8a:2f:ab:cf
		Type: IPv6

	IP Header
		IP PDU Len: 0
		Header Len (bytes): 0
		TTL: 38
		Protocol: Unknown
		Checksum: Incorrect (0xf8b0)
		Sender IP: 64.5.0.16
		Dest IP: 0.0.0.0

Packet number: 305  Packet Len: 1294

	Ethernet Header
		Dest MAC: 34:c9:3d:d:55:9d
		Source MAC: a0:7f:8a:2f:ab:cf
		Type: IPv6

	IP Header
		IP PDU Len: 0
		Header Len (bytes): 0
		TTL: 38
		Protocol: Unknown
		Checksum: Incorrect (0xf8b0)
		Sender IP: 64.5.0.16
		Dest IP: 0.0.0.0

Packet number: 306  Packet Len: 1294

	Ethernet Header
		Dest MAC: 34:c9:3d:d:55:9d
		Source MAC: a0:7f:8a:2f:ab:cf
		Type: IPv6

	IP Header
		IP PDU Len: 0
		Header Len (bytes): 0
		TTL: 38
		Protocol: Unknown
		Checksum: Incorrect (0xf8b0)
		Sender IP: 64.5.0.16
		Dest IP: 0.0.0.0

Packet number: 307  Packet Len: 1294

	Ethernet Header
		Dest MAC: 34:c9:3d:d:55:9d
		Source MAC: a0:7f:8a:2f:ab:cf
		Type: IPv6

	IP Header
		IP PDU Len: 0
		Header Len (bytes): 0
		TTL: 38
		Protocol: Unknown
		Checksum: Incorrect (0xf8b0)
		Sender IP: 64.5.0.16
		Dest IP: 0.0.0.0

Packet number: 308  Packet Len: 1294

	Ethernet Header
		Dest MAC: 34:c9:3d:d:55:9d
		Source MAC: a0:7f:8a:2f:ab:cf
		Type: IPv6

	IP Header
		IP PDU Len: 0
		Header Len (bytes): 0
		TTL: 38
		Protocol: Unknown
		Checksum: Incorrect (0xf8b0)
		Sender IP: 64.5.0.16
		Dest IP: 0.0.0.0

Packet number: 309  Packet Len: 1294

	Ethernet Header
		Dest MAC: 34:c9:3d:d:55:9d
		Source MAC: a0:7f:8a:2f:ab:cf
		Type: IPv6

	IP Header
		IP PDU Len: 0
		Header Len (bytes): 0
		TTL: 38
		Protocol: Unknown
		Checksum: Incorrect (0xf8b0)
		Sender IP: 64.5.0.16
		Dest IP: 0.0.0.0

Packet number: 310  Packet Len: 1294

	Ethernet Header
		Dest MAC: 34:c9:3d:d:55:9d
		Source MAC: a0:7f:8a:2f:ab:cf
		Type: IPv6

	IP Header
		IP PDU Len: 0
		Header Len (bytes): 0
		TTL: 38
		Protocol: Unknown
		Checksum: Incorrect (0xf8b0)
		Sender IP: 64.5.0.16
		Dest IP: 0.0.0.0

Packet number: 311  Packet Len: 1294

	Ethernet Header
		Dest MAC: 34:c9:3d:d:55:9d
		Source MAC: a0:7f:8a:2f:ab:cf
		Type: IPv6

	IP Header
		IP PDU Len: 0
		Header Len (bytes): 0
		TTL: 38
		Protocol: Unknown
		Checksum: Incorrect (0xf8b0)
		Sender IP: 64.5.0.16
		Dest IP: 0.0.0.0

Packet number: 312  Packet Len: 1294

	Ethernet Header
		Dest MAC: 34:c9:3d:d:55:9d
		Source MAC: a0:7f:8a:2f:ab:cf
		Type: IPv6

	IP Header
		IP PDU Len: 0
		Header Len (bytes): 0
		TTL: 38
		Protocol: Unknown
		Checksum: Incorrect (0xf8b0)
		Sender IP: 64.5.0.16
		Dest IP: 0.0.0.0

Packet number: 313  Packet Len: 1294

	Ethernet Header
		Dest MAC: 34:c9:3d:d:55:9d
		Source MAC: a0:7f:8a:2f:ab:cf
		Type: IPv6

	IP Header
		IP PDU Len: 0
		Header Len (bytes): 0
		TTL: 38
		Protocol: Unknown
		Checksum: Incorrect (0xf8b0)
		Sender IP: 64.5.0.16
		Dest IP: 0.0.0.0

Packet number: 314  Packet Len: 95

	Ethernet Header
		Dest MAC: a0:7f:8a:2f:ab:cf
		Source MAC: 34:c9:3d:d:55:9d
		Type: IPv6

	IP Header
		IP PDU Len: 10831
		Header Len (bytes): 0
		TTL: 38
		Protocol: Unknown
		Checksum: Incorrect (0x6c52)
		Sender IP: 125.240.137.160
		Dest IP: 173.18.185.215

Packet number: 315  Packet Len: 1294

	Ethernet Header
		Dest MAC: 34:c9:3d:d:55:9d
		Source MAC: a0:7f:8a:2f:ab:cf
		Type: IPv6

	IP Header
		IP PDU Len: 0
		Header Len (bytes): 0
		TTL: 38
		Protocol: Unknown
		Checksum: Incorrect (0xf8b0)
		Sender IP: 64.5.0.16
		Dest IP: 0.0.0.0

Packet number: 316  Packet Len: 1294

	Ethernet Header
		Dest MAC: 34:c9:3d:d:55:9d
		Source MAC: a0:7f:8a:2f:ab:cf
		Type: IPv6

	IP Header
		IP PDU Len: 0
		Header Len (bytes): 0
		TTL: 38
		Protocol: Unknown
		Checksum: Incorrect (0xf8b0)
		Sender IP: 64.5.0.16
		Dest IP: 0.0.0.0

Packet number: 317  Packet Len: 1294

	Ethernet Header
		Dest MAC: 34:c9:3d:d:55:9d
		Source MAC: a0:7f:8a:2f:ab:cf
		Type: IPv6

	IP Header
		IP PDU Len: 0
		Header Len (bytes): 0
		TTL: 38
		Protocol: Unknown
		Checksum: Incorrect (0xf8b0)
		Sender IP: 64.5.0.16
		Dest IP: 0.0.0.0

Packet number: 318  Packet Len: 1294

	Ethernet Header
		Dest MAC: 34:c9:3d:d:55:9d
		Source MAC: a0:7f:8a:2f:ab:cf
		Type: IPv6

	IP Header
		IP PDU Len: 0
		Header Len (bytes): 0
		TTL: 38
		Protocol: Unknown
		Checksum: Incorrect (0xf8b0)
		Sender IP: 64.5.0.16
		Dest IP: 0.0.0.0

Packet number: 319  Packet Len: 1294

	Ethernet Header
		Dest MAC: 34:c9:3d:d:55:9d
		Source MAC: a0:7f:8a:2f:ab:cf
		Type: IPv6

	IP Header
		IP PDU Len: 0
		Header Len (bytes): 0
		TTL: 38
		Protocol: Unknown
		Checksum: Incorrect (0xf8b0)
		Sender IP: 64.5.0.16
		Dest IP: 0.0.0.0

Packet number: 320  Packet Len: 1294

	Ethernet Header
		Dest MAC: 34:c9:3d:d:55:9d
		Source MAC: a0:7f:8a:2f:ab:cf
		Type: IPv6

	IP Header
		IP PDU Len: 0
		Header Len (bytes): 0
		TTL: 38
		Protocol: Unknown
		Checksum: Incorrect (0xf8b0)
		Sender IP: 64.5.0.16
		Dest IP: 0.0.0.0

Packet number: 321  Packet Len: 1294

	Ethernet Header
		Dest MAC: 34:c9:3d:d:55:9d
		Source MAC: a0:7f:8a:2f:ab:cf
		Type: IPv6

	IP Header
		IP PDU Len: 0
		Header Len (bytes): 0
		TTL: 38
		Protocol: Unknown
		Checksum: Incorrect (0xf8b0)
		Sender IP: 64.5.0.16
		Dest IP: 0.0.0.0

Packet number: 322  Packet Len: 1294

	Ethernet Header
		Dest MAC: 34:c9:3d:d:55:9d
		Source MAC: a0:7f:8a:2f:ab:cf
		Type: IPv6

	IP Header
		IP PDU Len: 0
		Header Len (bytes): 0
		TTL: 38
		Protocol: Unknown
		Checksum: Incorrect (0xf8b0)
		Sender IP: 64.5.0.16
		Dest IP: 0.0.0.0

Packet number: 323  Packet Len: 1294

	Ethernet Header
		Dest MAC: 34:c9:3d:d:55:9d
		Source MAC: a0:7f:8a:2f:ab:cf
		Type: IPv6

	IP Header
		IP PDU Len: 0
		Header Len (bytes): 0
		TTL: 38
		Protocol: Unknown
		Checksum: Incorrect (0xf8b0)
		Sender IP: 64.5.0.16
		Dest IP: 0.0.0.0

Packet number: 324  Packet Len: 1294

	Ethernet Header
		Dest MAC: 34:c9:3d:d:55:9d
		Source MAC: a0:7f:8a:2f:ab:cf
		Type: IPv6

	IP Header
		IP PDU Len: 0
		Header Len (bytes): 0
		TTL: 38
		Protocol: Unknown
		Checksum: Incorrect (0xf8b0)
		Sender IP: 64.5.0.16
		Dest IP: 0.0.0.0

Packet number: 325  Packet Len: 1294

	Ethernet Header
		Dest MAC: 34:c9:3d:d:55:9d
		Source MAC: a0:7f:8a:2f:ab:cf
		Type: IPv6

	IP Header
		IP PDU Len: 0
		Header Len (bytes): 0
		TTL: 38
		Protocol: Unknown
		Checksum: Incorrect (0xf8b0)
		Sender IP: 64.5.0.16
		Dest IP: 0.0.0.0

Packet number: 326  Packet Len: 1294

	Ethernet Header
		Dest MAC: 34:c9:3d:d:55:9d
		Source MAC: a0:7f:8a:2f:ab:cf
		Type: IPv6

	IP Header
		IP PDU Len: 0
		Header Len (bytes): 0
		TTL: 38
		Protocol: Unknown
		Checksum: Incorrect (0xf8b0)
		Sender IP: 64.5.0.16
		Dest IP: 0.0.0.0

Packet number: 327  Packet Len: 1294

	Ethernet Header
		Dest MAC: 34:c9:3d:d:55:9d
		Source MAC: a0:7f:8a:2f:ab:cf
		Type: IPv6

	IP Header
		IP PDU Len: 0
		Header Len (bytes): 0
		TTL: 38
		Protocol: Unknown
		Checksum: Incorrect (0xf8b0)
		Sender IP: 64.5.0.16
		Dest IP: 0.0.0.0

Packet number: 328  Packet Len: 1294

	Ethernet Header
		Dest MAC: 34:c9:3d:d:55:9d
		Source MAC: a0:7f:8a:2f:ab:cf
		Type: IPv6

	IP Header
		IP PDU Len: 0
		Header Len (bytes): 0
		TTL: 38
		Protocol: Unknown
		Checksum: Incorrect (0xf8b0)
		Sender IP: 64.5.0.16
		Dest IP: 0.0.0.0

Packet number: 329  Packet Len: 1294

	Ethernet Header
		Dest MAC: 34:c9:3d:d:55:9d
		Source MAC: a0:7f:8a:2f:ab:cf
		Type: IPv6

	IP Header
		IP PDU Len: 0
		Header Len (bytes): 0
		TTL: 38
		Protocol: Unknown
		Checksum: Incorrect (0xf8b0)
		Sender IP: 64.5.0.16
		Dest IP: 0.0.0.0

Packet number: 330  Packet Len: 1294

	Ethernet Header
		Dest MAC: 34:c9:3d:d:55:9d
		Source MAC: a0:7f:8a:2f:ab:cf
		Type: IPv6

	IP Header
		IP PDU Len: 0
		Header Len (bytes): 0
		TTL: 38
		Protocol: Unknown
		Checksum: Incorrect (0xf8b0)
		Sender IP: 64.5.0.16
		Dest IP: 0.0.0.0

Packet number: 331  Packet Len: 1294

	Ethernet Header
		Dest MAC: 34:c9:3d:d:55:9d
		Source MAC: a0:7f:8a:2f:ab:cf
		Type: IPv6

	IP Header
		IP PDU Len: 0
		Header Len (bytes): 0
		TTL: 38
		Protocol: Unknown
		Checksum: Incorrect (0xf8b0)
		Sender IP: 64.5.0.16
		Dest IP: 0.0.0.0

Packet number: 332  Packet Len: 1294

	Ethernet Header
		Dest MAC: 34:c9:3d:d:55:9d
		Source MAC: a0:7f:8a:2f:ab:cf
		Type: IPv6

	IP Header
		IP PDU Len: 0
		Header Len (bytes): 0
		TTL: 38
		Protocol: Unknown
		Checksum: Incorrect (0xf8b0)
		Sender IP: 64.5.0.16
		Dest IP: 0.0.0.0

Packet number: 333  Packet Len: 1294

	Ethernet Header
		Dest MAC: 34:c9:3d:d:55:9d
		Source MAC: a0:7f:8a:2f:ab:cf
		Type: IPv6

	IP Header
		IP PDU Len: 0
		Header Len (bytes): 0
		TTL: 38
		Protocol: Unknown
		Checksum: Incorrect (0xf8b0)
		Sender IP: 64.5.0.16
		Dest IP: 0.0.0.0

Packet number: 334  Packet Len: 1294

	Ethernet Header
		Dest MAC: 34:c9:3d:d:55:9d
		Source MAC: a0:7f:8a:2f:ab:cf
		Type: IPv6

	IP Header
		IP PDU Len: 0
		Header Len (bytes): 0
		TTL: 38
		Protocol: Unknown
		Checksum: Incorrect (0xf8b0)
		Sender IP: 64.5.0.16
		Dest IP: 0.0.0.0

Packet number: 335  Packet Len: 1294

	Ethernet Header
		Dest MAC: 34:c9:3d:d:55:9d
		Source MAC: a0:7f:8a:2f:ab:cf
		Type: IPv6

	IP Header
		IP PDU Len: 0
		Header Len (bytes): 0
		TTL: 38
		Protocol: Unknown
		Checksum: Incorrect (0xf8b0)
		Sender IP: 64.5.0.16
		Dest IP: 0.0.0.0

Packet number: 336  Packet Len: 1294

	Ethernet Header
		Dest MAC: 34:c9:3d:d:55:9d
		Source MAC: a0:7f:8a:2f:ab:cf
		Type: IPv6

	IP Header
		IP PDU Len: 0
		Header Len (bytes): 0
		TTL: 38
		Protocol: Unknown
		Checksum: Incorrect (0xf8b0)
		Sender IP: 64.5.0.16
		Dest IP: 0.0.0.0

Packet number: 337  Packet Len: 1294

	Ethernet Header
		Dest MAC: 34:c9:3d:d:55:9d
		Source MAC: a0:7f:8a:2f:ab:cf
		Type: IPv6

	IP Header
		IP PDU Len: 0
		Header Len (bytes): 0
		TTL: 38
		Protocol: Unknown
		Checksum: Incorrect (0xf8b0)
		Sender IP: 64.5.0.16
		Dest IP: 0.0.0.0

Packet number: 338  Packet Len: 1294

	Ethernet Header
		Dest MAC: 34:c9:3d:d:55:9d
		Source MAC: a0:7f:8a:2f:ab:cf
		Type: IPv6

	IP Header
		IP PDU Len: 0
		Header Len (bytes): 0
		TTL: 38
		Protocol: Unknown
		Checksum: Incorrect (0xf8b0)
		Sender IP: 64.5.0.16
		Dest IP: 0.0.0.0

Packet number: 339  Packet Len: 1294

	Ethernet Header
		Dest MAC: 34:c9:3d:d:55:9d
		Source MAC: a0:7f:8a:2f:ab:cf
		Type: IPv6

	IP Header
		IP PDU Len: 0
		Header Len (bytes): 0
		TTL: 38
		Protocol: Unknown
		Checksum: Incorrect (0xf8b0)
		Sender IP: 64.5.0.16
		Dest IP: 0.0.0.0

Packet number: 340  Packet Len: 1294

	Ethernet Header
		Dest MAC: 34:c9:3d:d:55:9d
		Source MAC: a0:7f:8a:2f:ab:cf
		Type: IPv6

	IP Header
		IP PDU Len: 0
		Header Len (bytes): 0
		TTL: 38
		Protocol: Unknown
		Checksum: Incorrect (0xf8b0)
		Sender IP: 64.5.0.16
		Dest IP: 0.0.0.0

Packet number: 341  Packet Len: 1294

	Ethernet Header
		Dest MAC: 34:c9:3d:d:55:9d
		Source MAC: a0:7f:8a:2f:ab:cf
		Type: IPv6

	IP Header
		IP PDU Len: 0
		Header Len (bytes): 0
		TTL: 38
		Protocol: Unknown
		Checksum: Incorrect (0xf8b0)
		Sender IP: 64.5.0.16
		Dest IP: 0.0.0.0

Packet number: 342  Packet Len: 1294

	Ethernet Header
		Dest MAC: 34:c9:3d:d:55:9d
		Source MAC: a0:7f:8a:2f:ab:cf
		Type: IPv6

	IP Header
		IP PDU Len: 0
		Header Len (bytes): 0
		TTL: 38
		Protocol: Unknown
		Checksum: Incorrect (0xf8b0)
		Sender IP: 64.5.0.16
		Dest IP: 0.0.0.0

Packet number: 343  Packet Len: 1294

	Ethernet Header
		Dest MAC: 34:c9:3d:d:55:9d
		Source MAC: a0:7f:8a:2f:ab:cf
		Type: IPv6

	IP Header
		IP PDU Len: 0
		Header Len (bytes): 0
		TTL: 38
		Protocol: Unknown
		Checksum: Incorrect (0xf8b0)
		Sender IP: 64.5.0.16
		Dest IP: 0.0.0.0

Packet number: 344  Packet Len: 1294

	Ethernet Header
		Dest MAC: 34:c9:3d:d:55:9d
		Source MAC: a0:7f:8a:2f:ab:cf
		Type: IPv6

	IP Header
		IP PDU Len: 0
		Header Len (bytes): 0
		TTL: 38
		Protocol: Unknown
		Checksum: Incorrect (0xf8b0)
		Sender IP: 64.5.0.16
		Dest IP: 0.0.0.0

Packet number: 345  Packet Len: 1294

	Ethernet Header
		Dest MAC: 34:c9:3d:d:55:9d
		Source MAC: a0:7f:8a:2f:ab:cf
		Type: IPv6

	IP Header
		IP PDU Len: 0
		Header Len (bytes): 0
		TTL: 38
		Protocol: Unknown
		Checksum: Incorrect (0xf8b0)
		Sender IP: 64.5.0.16
		Dest IP: 0.0.0.0

Packet number: 346  Packet Len: 1294

	Ethernet Header
		Dest MAC: 34:c9:3d:d:55:9d
		Source MAC: a0:7f:8a:2f:ab:cf
		Type: IPv6

	IP Header
		IP PDU Len: 0
		Header Len (bytes): 0
		TTL: 38
		Protocol: Unknown
		Checksum: Incorrect (0xf8b0)
		Sender IP: 64.5.0.16
		Dest IP: 0.0.0.0

Packet number: 347  Packet Len: 1294

	Ethernet Header
		Dest MAC: 34:c9:3d:d:55:9d
		Source MAC: a0:7f:8a:2f:ab:cf
		Type: IPv6

	IP Header
		IP PDU Len: 0
		Header Len (bytes): 0
		TTL: 38
		Protocol: Unknown
		Checksum: Incorrect (0xf8b0)
		Sender IP: 64.5.0.16
		Dest IP: 0.0.0.0

Packet number: 348  Packet Len: 1294

	Ethernet Header
		Dest MAC: 34:c9:3d:d:55:9d
		Source MAC: a0:7f:8a:2f:ab:cf
		Type: IPv6

	IP Header
		IP PDU Len: 0
		Header Len (bytes): 0
		TTL: 38
		Protocol: Unknown
		Checksum: Incorrect (0xf8b0)
		Sender IP: 64.5.0.16
		Dest IP: 0.0.0.0

Packet number: 349  Packet Len: 1294

	Ethernet Header
		Dest MAC: 34:c9:3d:d:55:9d
		Source MAC: a0:7f:8a:2f:ab:cf
		Type: IPv6

	IP Header
		IP PDU Len: 0
		Header Len (bytes): 0
		TTL: 38
		Protocol: Unknown
		Checksum: Incorrect (0xf8b0)
		Sender IP: 64.5.0.16
		Dest IP: 0.0.0.0

Packet number: 350  Packet Len: 1294

	Ethernet Header
		Dest MAC: 34:c9:3d:d:55:9d
		Source MAC: a0:7f:8a:2f:ab:cf
		Type: IPv6

	IP Header
		IP PDU Len: 0
		Header Len (bytes): 0
		TTL: 38
		Protocol: Unknown
		Checksum: Incorrect (0xf8b0)
		Sender IP: 64.5.0.16
		Dest IP: 0.0.0.0

Packet number: 351  Packet Len: 1294

	Ethernet Header
		Dest MAC: 34:c9:3d:d:55:9d
		Source MAC: a0:7f:8a:2f:ab:cf
		Type: IPv6

	IP Header
		IP PDU Len: 0
		Header Len (bytes): 0
		TTL: 38
		Protocol: Unknown
		Checksum: Incorrect (0xf8b0)
		Sender IP: 64.5.0.16
		Dest IP: 0.0.0.0

Packet number: 352  Packet Len: 1294

	Ethernet Header
		Dest MAC: 34:c9:3d:d:55:9d
		Source MAC: a0:7f:8a:2f:ab:cf
		Type: IPv6

	IP Header
		IP PDU Len: 0
		Header Len (bytes): 0
		TTL: 38
		Protocol: Unknown
		Checksum: Incorrect (0xf8b0)
		Sender IP: 64.5.0.16
		Dest IP: 0.0.0.0

Packet number: 353  Packet Len: 1294

	Ethernet Header
		Dest MAC: 34:c9:3d:d:55:9d
		Source MAC: a0:7f:8a:2f:ab:cf
		Type: IPv6

	IP Header
		IP PDU Len: 0
		Header Len (bytes): 0
		TTL: 38
		Protocol: Unknown
		Checksum: Incorrect (0xf8b0)
		Sender IP: 64.5.0.16
		Dest IP: 0.0.0.0

Packet number: 354  Packet Len: 1294

	Ethernet Header
		Dest MAC: 34:c9:3d:d:55:9d
		Source MAC: a0:7f:8a:2f:ab:cf
		Type: IPv6

	IP Header
		IP PDU Len: 0
		Header Len (bytes): 0
		TTL: 38
		Protocol: Unknown
		Checksum: Incorrect (0xf8b0)
		Sender IP: 64.5.0.16
		Dest IP: 0.0.0.0

Packet number: 355  Packet Len: 1294

	Ethernet Header
		Dest MAC: 34:c9:3d:d:55:9d
		Source MAC: a0:7f:8a:2f:ab:cf
		Type: IPv6

	IP Header
		IP PDU Len: 0
		Header Len (bytes): 0
		TTL: 38
		Protocol: Unknown
		Checksum: Incorrect (0xf8b0)
		Sender IP: 64.5.0.16
		Dest IP: 0.0.0.0

Packet number: 356  Packet Len: 1294

	Ethernet Header
		Dest MAC: 34:c9:3d:d:55:9d
		Source MAC: a0:7f:8a:2f:ab:cf
		Type: IPv6

	IP Header
		IP PDU Len: 0
		Header Len (bytes): 0
		TTL: 38
		Protocol: Unknown
		Checksum: Incorrect (0xf8b0)
		Sender IP: 64.5.0.16
		Dest IP: 0.0.0.0

Packet number: 357  Packet Len: 1294

	Ethernet Header
		Dest MAC: 34:c9:3d:d:55:9d
		Source MAC: a0:7f:8a:2f:ab:cf
		Type: IPv6

	IP Header
		IP PDU Len: 0
		Header Len (bytes): 0
		TTL: 38
		Protocol: Unknown
		Checksum: Incorrect (0xf8b0)
		Sender IP: 64.5.0.16
		Dest IP: 0.0.0.0

Packet number: 358  Packet Len: 1294

	Ethernet Header
		Dest MAC: 34:c9:3d:d:55:9d
		Source MAC: a0:7f:8a:2f:ab:cf
		Type: IPv6

	IP Header
		IP PDU Len: 0
		Header Len (bytes): 0
		TTL: 38
		Protocol: Unknown
		Checksum: Incorrect (0xf8b0)
		Sender IP: 64.5.0.16
		Dest IP: 0.0.0.0

Packet number: 359  Packet Len: 1294

	Ethernet Header
		Dest MAC: 34:c9:3d:d:55:9d
		Source MAC: a0:7f:8a:2f:ab:cf
		Type: IPv6

	IP Header
		IP PDU Len: 0
		Header Len (bytes): 0
		TTL: 38
		Protocol: Unknown
		Checksum: Incorrect (0xf8b0)
		Sender IP: 64.5.0.16
		Dest IP: 0.0.0.0

Packet number: 360  Packet Len: 1294

	Ethernet Header
		Dest MAC: 34:c9:3d:d:55:9d
		Source MAC: a0:7f:8a:2f:ab:cf
		Type: IPv6

	IP Header
		IP PDU Len: 0
		Header Len (bytes): 0
		TTL: 38
		Protocol: Unknown
		Checksum: Incorrect (0xf8b0)
		Sender IP: 64.5.0.16
		Dest IP: 0.0.0.0

Packet number: 361  Packet Len: 1294

	Ethernet Header
		Dest MAC: 34:c9:3d:d:55:9d
		Source MAC: a0:7f:8a:2f:ab:cf
		Type: IPv6

	IP Header
		IP PDU Len: 0
		Header Len (bytes): 0
		TTL: 38
		Protocol: Unknown
		Checksum: Incorrect (0xf8b0)
		Sender IP: 64.5.0.16
		Dest IP: 0.0.0.0

Packet number: 362  Packet Len: 1294

	Ethernet Header
		Dest MAC: 34:c9:3d:d:55:9d
		Source MAC: a0:7f:8a:2f:ab:cf
		Type: IPv6

	IP Header
		IP PDU Len: 0
		Header Len (bytes): 0
		TTL: 38
		Protocol: Unknown
		Checksum: Incorrect (0xf8b0)
		Sender IP: 64.5.0.16
		Dest IP: 0.0.0.0

Packet number: 363  Packet Len: 1294

	Ethernet Header
		Dest MAC: 34:c9:3d:d:55:9d
		Source MAC: a0:7f:8a:2f:ab:cf
		Type: IPv6

	IP Header
		IP PDU Len: 0
		Header Len (bytes): 0
		TTL: 38
		Protocol: Unknown
		Checksum: Incorrect (0xf8b0)
		Sender IP: 64.5.0.16
		Dest IP: 0.0.0.0

Packet number: 364  Packet Len: 1294

	Ethernet Header
		Dest MAC: 34:c9:3d:d:55:9d
		Source MAC: a0:7f:8a:2f:ab:cf
		Type: IPv6

	IP Header
		IP PDU Len: 0
		Header Len (bytes): 0
		TTL: 38
		Protocol: Unknown
		Checksum: Incorrect (0xf8b0)
		Sender IP: 64.5.0.16
		Dest IP: 0.0.0.0

Packet number: 365  Packet Len: 1294

	Ethernet Header
		Dest MAC: 34:c9:3d:d:55:9d
		Source MAC: a0:7f:8a:2f:ab:cf
		Type: IPv6

	IP Header
		IP PDU Len: 0
		Header Len (bytes): 0
		TTL: 38
		Protocol: Unknown
		Checksum: Incorrect (0xf8b0)
		Sender IP: 64.5.0.16
		Dest IP: 0.0.0.0

Packet number: 366  Packet Len: 95

	Ethernet Header
		Dest MAC: a0:7f:8a:2f:ab:cf
		Source MAC: 34:c9:3d:d:55:9d
		Type: IPv6

	IP Header
		IP PDU Len: 10831
		Header Len (bytes): 0
		TTL: 38
		Protocol: Unknown
		Checksum: Incorrect (0x6c52)
		Sender IP: 125.240.137.160
		Dest IP: 173.18.185.215

Packet number: 367  Packet Len: 1294

	Ethernet Header
		Dest MAC: 34:c9:3d:d:55:9d
		Source MAC: a0:7f:8a:2f:ab:cf
		Type: IPv6

	IP Header
		IP PDU Len: 0
		Header Len (bytes): 0
		TTL: 38
		Protocol: Unknown
		Checksum: Incorrect (0xf8b0)
		Sender IP: 64.5.0.16
		Dest IP: 0.0.0.0

Packet number: 368  Packet Len: 1294

	Ethernet Header
		Dest MAC: 34:c9:3d:d:55:9d
		Source MAC: a0:7f:8a:2f:ab:cf
		Type: IPv6

	IP Header
		IP PDU Len: 0
		Header Len (bytes): 0
		TTL: 38
		Protocol: Unknown
		Checksum: Incorrect (0xf8b0)
		Sender IP: 64.5.0.16
		Dest IP: 0.0.0.0

Packet number: 369  Packet Len: 1294

	Ethernet Header
		Dest MAC: 34:c9:3d:d:55:9d
		Source MAC: a0:7f:8a:2f:ab:cf
		Type: IPv6

	IP Header
		IP PDU Len: 0
		Header Len (bytes): 0
		TTL: 38
		Protocol: Unknown
		Checksum: Incorrect (0xf8b0)
		Sender IP: 64.5.0.16
		Dest IP: 0.0.0.0

Packet number: 370  Packet Len: 1294

	Ethernet Header
		Dest MAC: 34:c9:3d:d:55:9d
		Source MAC: a0:7f:8a:2f:ab:cf
		Type: IPv6

	IP Header
		IP PDU Len: 0
		Header Len (bytes): 0
		TTL: 38
		Protocol: Unknown
		Checksum: Incorrect (0xf8b0)
		Sender IP: 64.5.0.16
		Dest IP: 0.0.0.0

Packet number: 371  Packet Len: 1294

	Ethernet Header
		Dest MAC: 34:c9:3d:d:55:9d
		Source MAC: a0:7f:8a:2f:ab:cf
		Type: IPv6

	IP Header
		IP PDU Len: 0
		Header Len (bytes): 0
		TTL: 38
		Protocol: Unknown
		Checksum: Incorrect (0xf8b0)
		Sender IP: 64.5.0.16
		Dest IP: 0.0.0.0

Packet number: 372  Packet Len: 1294

	Ethernet Header
		Dest MAC: 34:c9:3d:d:55:9d
		Source MAC: a0:7f:8a:2f:ab:cf
		Type: IPv6

	IP Header
		IP PDU Len: 0
		Header Len (bytes): 0
		TTL: 38
		Protocol: Unknown
		Checksum: Incorrect (0xf8b0)
		Sender IP: 64.5.0.16
		Dest IP: 0.0.0.0

Packet number: 373  Packet Len: 1294

	Ethernet Header
		Dest MAC: 34:c9:3d:d:55:9d
		Source MAC: a0:7f:8a:2f:ab:cf
		Type: IPv6

	IP Header
		IP PDU Len: 0
		Header Len (bytes): 0
		TTL: 38
		Protocol: Unknown
		Checksum: Incorrect (0xf8b0)
		Sender IP: 64.5.0.16
		Dest IP: 0.0.0.0

Packet number: 374  Packet Len: 1294

	Ethernet Header
		Dest MAC: 34:c9:3d:d:55:9d
		Source MAC: a0:7f:8a:2f:ab:cf
		Type: IPv6

	IP Header
		IP PDU Len: 0
		Header Len (bytes): 0
		TTL: 38
		Protocol: Unknown
		Checksum: Incorrect (0xf8b0)
		Sender IP: 64.5.0.16
		Dest IP: 0.0.0.0

Packet number: 375  Packet Len: 1294

	Ethernet Header
		Dest MAC: 34:c9:3d:d:55:9d
		Source MAC: a0:7f:8a:2f:ab:cf
		Type: IPv6

	IP Header
		IP PDU Len: 0
		Header Len (bytes): 0
		TTL: 38
		Protocol: Unknown
		Checksum: Incorrect (0xf8b0)
		Sender IP: 64.5.0.16
		Dest IP: 0.0.0.0

Packet number: 376  Packet Len: 1294

	Ethernet Header
		Dest MAC: 34:c9:3d:d:55:9d
		Source MAC: a0:7f:8a:2f:ab:cf
		Type: IPv6

	IP Header
		IP PDU Len: 0
		Header Len (bytes): 0
		TTL: 38
		Protocol: Unknown
		Checksum: Incorrect (0xf8b0)
		Sender IP: 64.5.0.16
		Dest IP: 0.0.0.0

Packet number: 377  Packet Len: 1294

	Ethernet Header
		Dest MAC: 34:c9:3d:d:55:9d
		Source MAC: a0:7f:8a:2f:ab:cf
		Type: IPv6

	IP Header
		IP PDU Len: 0
		Header Len (bytes): 0
		TTL: 38
		Protocol: Unknown
		Checksum: Incorrect (0xf8b0)
		Sender IP: 64.5.0.16
		Dest IP: 0.0.0.0

Packet number: 378  Packet Len: 1294

	Ethernet Header
		Dest MAC: 34:c9:3d:d:55:9d
		Source MAC: a0:7f:8a:2f:ab:cf
		Type: IPv6

	IP Header
		IP PDU Len: 0
		Header Len (bytes): 0
		TTL: 38
		Protocol: Unknown
		Checksum: Incorrect (0xf8b0)
		Sender IP: 64.5.0.16
		Dest IP: 0.0.0.0

Packet number: 379  Packet Len: 1294

	Ethernet Header
		Dest MAC: 34:c9:3d:d:55:9d
		Source MAC: a0:7f:8a:2f:ab:cf
		Type: IPv6

	IP Header
		IP PDU Len: 0
		Header Len (bytes): 0
		TTL: 38
		Protocol: Unknown
		Checksum: Incorrect (0xf8b0)
		Sender IP: 64.5.0.16
		Dest IP: 0.0.0.0

Packet number: 380  Packet Len: 1294

	Ethernet Header
		Dest MAC: 34:c9:3d:d:55:9d
		Source MAC: a0:7f:8a:2f:ab:cf
		Type: IPv6

	IP Header
		IP PDU Len: 0
		Header Len (bytes): 0
		TTL: 38
		Protocol: Unknown
		Checksum: Incorrect (0xf8b0)
		Sender IP: 64.5.0.16
		Dest IP: 0.0.0.0

Packet number: 381  Packet Len: 1294

	Ethernet Header
		Dest MAC: 34:c9:3d:d:55:9d
		Source MAC: a0:7f:8a:2f:ab:cf
		Type: IPv6

	IP Header
		IP PDU Len: 0
		Header Len (bytes): 0
		TTL: 38
		Protocol: Unknown
		Checksum: Incorrect (0xf8b0)
		Sender IP: 64.5.0.16
		Dest IP: 0.0.0.0

Packet number: 382  Packet Len: 1294

	Ethernet Header
		Dest MAC: 34:c9:3d:d:55:9d
		Source MAC: a0:7f:8a:2f:ab:cf
		Type: IPv6

	IP Header
		IP PDU Len: 0
		Header Len (bytes): 0
		TTL: 38
		Protocol: Unknown
		Checksum: Incorrect (0xf8b0)
		Sender IP: 64.5.0.16
		Dest IP: 0.0.0.0

Packet number: 383  Packet Len: 1294

	Ethernet Header
		Dest MAC: 34:c9:3d:d:55:9d
		Source MAC: a0:7f:8a:2f:ab:cf
		Type: IPv6

	IP Header
		IP PDU Len: 0
		Header Len (bytes): 0
		TTL: 38
		Protocol: Unknown
		Checksum: Incorrect (0xf8b0)
		Sender IP: 64.5.0.16
		Dest IP: 0.0.0.0

Packet number: 384  Packet Len: 1294

	Ethernet Header
		Dest MAC: 34:c9:3d:d:55:9d
		Source MAC: a0:7f:8a:2f:ab:cf
		Type: IPv6

	IP Header
		IP PDU Len: 0
		Header Len (bytes): 0
		TTL: 38
		Protocol: Unknown
		Checksum: Incorrect (0xf8b0)
		Sender IP: 64.5.0.16
		Dest IP: 0.0.0.0

Packet number: 385  Packet Len: 1294

	Ethernet Header
		Dest MAC: 34:c9:3d:d:55:9d
		Source MAC: a0:7f:8a:2f:ab:cf
		Type: IPv6

	IP Header
		IP PDU Len: 0
		Header Len (bytes): 0
		TTL: 38
		Protocol: Unknown
		Checksum: Incorrect (0xf8b0)
		Sender IP: 64.5.0.16
		Dest IP: 0.0.0.0

Packet number: 386  Packet Len: 1294

	Ethernet Header
		Dest MAC: 34:c9:3d:d:55:9d
		Source MAC: a0:7f:8a:2f:ab:cf
		Type: IPv6

	IP Header
		IP PDU Len: 0
		Header Len (bytes): 0
		TTL: 38
		Protocol: Unknown
		Checksum: Incorrect (0xf8b0)
		Sender IP: 64.5.0.16
		Dest IP: 0.0.0.0

Packet number: 387  Packet Len: 1294

	Ethernet Header
		Dest MAC: 34:c9:3d:d:55:9d
		Source MAC: a0:7f:8a:2f:ab:cf
		Type: IPv6

	IP Header
		IP PDU Len: 0
		Header Len (bytes): 0
		TTL: 38
		Protocol: Unknown
		Checksum: Incorrect (0xf8b0)
		Sender IP: 64.5.0.16
		Dest IP: 0.0.0.0

Packet number: 388  Packet Len: 1294

	Ethernet Header
		Dest MAC: 34:c9:3d:d:55:9d
		Source MAC: a0:7f:8a:2f:ab:cf
		Type: IPv6

	IP Header
		IP PDU Len: 0
		Header Len (bytes): 0
		TTL: 38
		Protocol: Unknown
		Checksum: Incorrect (0xf8b0)
		Sender IP: 64.5.0.16
		Dest IP: 0.0.0.0

Packet number: 389  Packet Len: 1294

	Ethernet Header
		Dest MAC: 34:c9:3d:d:55:9d
		Source MAC: a0:7f:8a:2f:ab:cf
		Type: IPv6

	IP Header
		IP PDU Len: 0
		Header Len (bytes): 0
		TTL: 38
		Protocol: Unknown
		Checksum: Incorrect (0xf8b0)
		Sender IP: 64.5.0.16
		Dest IP: 0.0.0.0

Packet number: 390  Packet Len: 1294

	Ethernet Header
		Dest MAC: 34:c9:3d:d:55:9d
		Source MAC: a0:7f:8a:2f:ab:cf
		Type: IPv6

	IP Header
		IP PDU Len: 0
		Header Len (bytes): 0
		TTL: 38
		Protocol: Unknown
		Checksum: Incorrect (0xf8b0)
		Sender IP: 64.5.0.16
		Dest IP: 0.0.0.0

Packet number: 391  Packet Len: 1294

	Ethernet Header
		Dest MAC: 34:c9:3d:d:55:9d
		Source MAC: a0:7f:8a:2f:ab:cf
		Type: IPv6

	IP Header
		IP PDU Len: 0
		Header Len (bytes): 0
		TTL: 38
		Protocol: Unknown
		Checksum: Incorrect (0xf8b0)
		Sender IP: 64.5.0.16
		Dest IP: 0.0.0.0

Packet number: 392  Packet Len: 1294

	Ethernet Header
		Dest MAC: 34:c9:3d:d:55:9d
		Source MAC: a0:7f:8a:2f:ab:cf
		Type: IPv6

	IP Header
		IP PDU Len: 0
		Header Len (bytes): 0
		TTL: 38
		Protocol: Unknown
		Checksum: Incorrect (0xf8b0)
		Sender IP: 64.5.0.16
		Dest IP: 0.0.0.0

Packet number: 393  Packet Len: 1294

	Ethernet Header
		Dest MAC: 34:c9:3d:d:55:9d
		Source MAC: a0:7f:8a:2f:ab:cf
		Type: IPv6

	IP Header
		IP PDU Len: 0
		Header Len (bytes): 0
		TTL: 38
		Protocol: Unknown
		Checksum: Incorrect (0xf8b0)
		Sender IP: 64.5.0.16
		Dest IP: 0.0.0.0

Packet number: 394  Packet Len: 1294

	Ethernet Header
		Dest MAC: 34:c9:3d:d:55:9d
		Source MAC: a0:7f:8a:2f:ab:cf
		Type: IPv6

	IP Header
		IP PDU Len: 0
		Header Len (bytes): 0
		TTL: 38
		Protocol: Unknown
		Checksum: Incorrect (0xf8b0)
		Sender IP: 64.5.0.16
		Dest IP: 0.0.0.0

Packet number: 395  Packet Len: 1294

	Ethernet Header
		Dest MAC: 34:c9:3d:d:55:9d
		Source MAC: a0:7f:8a:2f:ab:cf
		Type: IPv6

	IP Header
		IP PDU Len: 0
		Header Len (bytes): 0
		TTL: 38
		Protocol: Unknown
		Checksum: Incorrect (0xf8b0)
		Sender IP: 64.5.0.16
		Dest IP: 0.0.0.0

Packet number: 396  Packet Len: 1294

	Ethernet Header
		Dest MAC: 34:c9:3d:d:55:9d
		Source MAC: a0:7f:8a:2f:ab:cf
		Type: IPv6

	IP Header
		IP PDU Len: 0
		Header Len (bytes): 0
		TTL: 38
		Protocol: Unknown
		Checksum: Incorrect (0xf8b0)
		Sender IP: 64.5.0.16
		Dest IP: 0.0.0.0

Packet number: 397  Packet Len: 1294

	Ethernet Header
		Dest MAC: 34:c9:3d:d:55:9d
		Source MAC: a0:7f:8a:2f:ab:cf
		Type: IPv6

	IP Header
		IP PDU Len: 0
		Header Len (bytes): 0
		TTL: 38
		Protocol: Unknown
		Checksum: Incorrect (0xf8b0)
		Sender IP: 64.5.0.16
		Dest IP: 0.0.0.0

Packet number: 398  Packet Len: 1294

	Ethernet Header
		Dest MAC: 34:c9:3d:d:55:9d
		Source MAC: a0:7f:8a:2f:ab:cf
		Type: IPv6

	IP Header
		IP PDU Len: 0
		Header Len (bytes): 0
		TTL: 38
		Protocol: Unknown
		Checksum: Incorrect (0xf8b0)
		Sender IP: 64.5.0.16
		Dest IP: 0.0.0.0

Packet number: 399  Packet Len: 1294

	Ethernet Header
		Dest MAC: 34:c9:3d:d:55:9d
		Source MAC: a0:7f:8a:2f:ab:cf
		Type: IPv6

	IP Header
		IP PDU Len: 0
		Header Len (bytes): 0
		TTL: 38
		Protocol: Unknown
		Checksum: Incorrect (0xf8b0)
		Sender IP: 64.5.0.16
		Dest IP: 0.0.0.0

Packet number: 400  Packet Len: 1294

	Ethernet Header
		Dest MAC: 34:c9:3d:d:55:9d
		Source MAC: a0:7f:8a:2f:ab:cf
		Type: IPv6

	IP Header
		IP PDU Len: 0
		Header Len (bytes): 0
		TTL: 38
		Protocol: Unknown
		Checksum: Incorrect (0xf8b0)
		Sender IP: 64.5.0.16
		Dest IP: 0.0.0.0

Packet number: 401  Packet Len: 1294

	Ethernet Header
		Dest MAC: 34:c9:3d:d:55:9d
		Source MAC: a0:7f:8a:2f:ab:cf
		Type: IPv6

	IP Header
		IP PDU Len: 0
		Header Len (bytes): 0
		TTL: 38
		Protocol: Unknown
		Checksum: Incorrect (0xf8b0)
		Sender IP: 64.5.0.16
		Dest IP: 0.0.0.0

Packet number: 402  Packet Len: 1294

	Ethernet Header
		Dest MAC: 34:c9:3d:d:55:9d
		Source MAC: a0:7f:8a:2f:ab:cf
		Type: IPv6

	IP Header
		IP PDU Len: 0
		Header Len (bytes): 0
		TTL: 38
		Protocol: Unknown
		Checksum: Incorrect (0xf8b0)
		Sender IP: 64.5.0.16
		Dest IP: 0.0.0.0

Packet number: 403  Packet Len: 1294

	Ethernet Header
		Dest MAC: 34:c9:3d:d:55:9d
		Source MAC: a0:7f:8a:2f:ab:cf
		Type: IPv6

	IP Header
		IP PDU Len: 0
		Header Len (bytes): 0
		TTL: 38
		Protocol: Unknown
		Checksum: Incorrect (0xf8b0)
		Sender IP: 64.5.0.16
		Dest IP: 0.0.0.0

Packet number: 404  Packet Len: 1294

	Ethernet Header
		Dest MAC: 34:c9:3d:d:55:9d
		Source MAC: a0:7f:8a:2f:ab:cf
		Type: IPv6

	IP Header
		IP PDU Len: 0
		Header Len (bytes): 0
		TTL: 38
		Protocol: Unknown
		Checksum: Incorrect (0xf8b0)
		Sender IP: 64.5.0.16
		Dest IP: 0.0.0.0

Packet number: 405  Packet Len: 1294

	Ethernet Header
		Dest MAC: 34:c9:3d:d:55:9d
		Source MAC: a0:7f:8a:2f:ab:cf
		Type: IPv6

	IP Header
		IP PDU Len: 0
		Header Len (bytes): 0
		TTL: 38
		Protocol: Unknown
		Checksum: Incorrect (0xf8b0)
		Sender IP: 64.5.0.16
		Dest IP: 0.0.0.0

Packet number: 406  Packet Len: 1294

	Ethernet Header
		Dest MAC: 34:c9:3d:d:55:9d
		Source MAC: a0:7f:8a:2f:ab:cf
		Type: IPv6

	IP Header
		IP PDU Len: 0
		Header Len (bytes): 0
		TTL: 38
		Protocol: Unknown
		Checksum: Incorrect (0xf8b0)
		Sender IP: 64.5.0.16
		Dest IP: 0.0.0.0

Packet number: 407  Packet Len: 1294

	Ethernet Header
		Dest MAC: 34:c9:3d:d:55:9d
		Source MAC: a0:7f:8a:2f:ab:cf
		Type: IPv6

	IP Header
		IP PDU Len: 0
		Header Len (bytes): 0
		TTL: 38
		Protocol: Unknown
		Checksum: Incorrect (0xf8b0)
		Sender IP: 64.5.0.16
		Dest IP: 0.0.0.0

Packet number: 408  Packet Len: 1294

	Ethernet Header
		Dest MAC: 34:c9:3d:d:55:9d
		Source MAC: a0:7f:8a:2f:ab:cf
		Type: IPv6

	IP Header
		IP PDU Len: 0
		Header Len (bytes): 0
		TTL: 38
		Protocol: Unknown
		Checksum: Incorrect (0xf8b0)
		Sender IP: 64.5.0.16
		Dest IP: 0.0.0.0

Packet number: 409  Packet Len: 1294

	Ethernet Header
		Dest MAC: 34:c9:3d:d:55:9d
		Source MAC: a0:7f:8a:2f:ab:cf
		Type: IPv6

	IP Header
		IP PDU Len: 0
		Header Len (bytes): 0
		TTL: 38
		Protocol: Unknown
		Checksum: Incorrect (0xf8b0)
		Sender IP: 64.5.0.16
		Dest IP: 0.0.0.0

Packet number: 410  Packet Len: 1294

	Ethernet Header
		Dest MAC: 34:c9:3d:d:55:9d
		Source MAC: a0:7f:8a:2f:ab:cf
		Type: IPv6

	IP Header
		IP PDU Len: 0
		Header Len (bytes): 0
		TTL: 38
		Protocol: Unknown
		Checksum: Incorrect (0xf8b0)
		Sender IP: 64.5.0.16
		Dest IP: 0.0.0.0

Packet number: 411  Packet Len: 1294

	Ethernet Header
		Dest MAC: 34:c9:3d:d:55:9d
		Source MAC: a0:7f:8a:2f:ab:cf
		Type: IPv6

	IP Header
		IP PDU Len: 0
		Header Len (bytes): 0
		TTL: 38
		Protocol: Unknown
		Checksum: Incorrect (0xf8b0)
		Sender IP: 64.5.0.16
		Dest IP: 0.0.0.0

Packet number: 412  Packet Len: 1294

	Ethernet Header
		Dest MAC: 34:c9:3d:d:55:9d
		Source MAC: a0:7f:8a:2f:ab:cf
		Type: IPv6

	IP Header
		IP PDU Len: 0
		Header Len (bytes): 0
		TTL: 38
		Protocol: Unknown
		Checksum: Incorrect (0xf8b0)
		Sender IP: 64.5.0.16
		Dest IP: 0.0.0.0

Packet number: 413  Packet Len: 1294

	Ethernet Header
		Dest MAC: 34:c9:3d:d:55:9d
		Source MAC: a0:7f:8a:2f:ab:cf
		Type: IPv6

	IP Header
		IP PDU Len: 0
		Header Len (bytes): 0
		TTL: 38
		Protocol: Unknown
		Checksum: Incorrect (0xf8b0)
		Sender IP: 64.5.0.16
		Dest IP: 0.0.0.0

Packet number: 414  Packet Len: 1294

	Ethernet Header
		Dest MAC: 34:c9:3d:d:55:9d
		Source MAC: a0:7f:8a:2f:ab:cf
		Type: IPv6

	IP Header
		IP PDU Len: 0
		Header Len (bytes): 0
		TTL: 38
		Protocol: Unknown
		Checksum: Incorrect (0xf8b0)
		Sender IP: 64.5.0.16
		Dest IP: 0.0.0.0

Packet number: 415  Packet Len: 95

	Ethernet Header
		Dest MAC: a0:7f:8a:2f:ab:cf
		Source MAC: 34:c9:3d:d:55:9d
		Type: IPv6

	IP Header
		IP PDU Len: 10831
		Header Len (bytes): 0
		TTL: 38
		Protocol: Unknown
		Checksum: Incorrect (0x6c52)
		Sender IP: 125.240.137.160
		Dest IP: 173.18.185.215

Packet number: 416  Packet Len: 1294

	Ethernet Header
		Dest MAC: 34:c9:3d:d:55:9d
		Source MAC: a0:7f:8a:2f:ab:cf
		Type: IPv6

	IP Header
		IP PDU Len: 0
		Header Len (bytes): 0
		TTL: 38
		Protocol: Unknown
		Checksum: Incorrect (0xf8b0)
		Sender IP: 64.5.0.16
		Dest IP: 0.0.0.0

Packet number: 417  Packet Len: 1294

	Ethernet Header
		Dest MAC: 34:c9:3d:d:55:9d
		Source MAC: a0:7f:8a:2f:ab:cf
		Type: IPv6

	IP Header
		IP PDU Len: 0
		Header Len (bytes): 0
		TTL: 38
		Protocol: Unknown
		Checksum: Incorrect (0xf8b0)
		Sender IP: 64.5.0.16
		Dest IP: 0.0.0.0

Packet number: 418  Packet Len: 1294

	Ethernet Header
		Dest MAC: 34:c9:3d:d:55:9d
		Source MAC: a0:7f:8a:2f:ab:cf
		Type: IPv6

	IP Header
		IP PDU Len: 0
		Header Len (bytes): 0
		TTL: 38
		Protocol: Unknown
		Checksum: Incorrect (0xf8b0)
		Sender IP: 64.5.0.16
		Dest IP: 0.0.0.0

Packet number: 419  Packet Len: 1294

	Ethernet Header
		Dest MAC: 34:c9:3d:d:55:9d
		Source MAC: a0:7f:8a:2f:ab:cf
		Type: IPv6

	IP Header
		IP PDU Len: 0
		Header Len (bytes): 0
		TTL: 38
		Protocol: Unknown
		Checksum: Incorrect (0xf8b0)
		Sender IP: 64.5.0.16
		Dest IP: 0.0.0.0

Packet number: 420  Packet Len: 1294

	Ethernet Header
		Dest MAC: 34:c9:3d:d:55:9d
		Source MAC: a0:7f:8a:2f:ab:cf
		Type: IPv6

	IP Header
		IP PDU Len: 0
		Header Len (bytes): 0
		TTL: 38
		Protocol: Unknown
		Checksum: Incorrect (0xf8b0)
		Sender IP: 64.5.0.16
		Dest IP: 0.0.0.0

Packet number: 421  Packet Len: 1294

	Ethernet Header
		Dest MAC: 34:c9:3d:d:55:9d
		Source MAC: a0:7f:8a:2f:ab:cf
		Type: IPv6

	IP Header
		IP PDU Len: 0
		Header Len (bytes): 0
		TTL: 38
		Protocol: Unknown
		Checksum: Incorrect (0xf8b0)
		Sender IP: 64.5.0.16
		Dest IP: 0.0.0.0

Packet number: 422  Packet Len: 1294

	Ethernet Header
		Dest MAC: 34:c9:3d:d:55:9d
		Source MAC: a0:7f:8a:2f:ab:cf
		Type: IPv6

	IP Header
		IP PDU Len: 0
		Header Len (bytes): 0
		TTL: 38
		Protocol: Unknown
		Checksum: Incorrect (0xf8b0)
		Sender IP: 64.5.0.16
		Dest IP: 0.0.0.0

Packet number: 423  Packet Len: 1294

	Ethernet Header
		Dest MAC: 34:c9:3d:d:55:9d
		Source MAC: a0:7f:8a:2f:ab:cf
		Type: IPv6

	IP Header
		IP PDU Len: 0
		Header Len (bytes): 0
		TTL: 38
		Protocol: Unknown
		Checksum: Incorrect (0xf8b0)
		Sender IP: 64.5.0.16
		Dest IP: 0.0.0.0

Packet number: 424  Packet Len: 1294

	Ethernet Header
		Dest MAC: 34:c9:3d:d:55:9d
		Source MAC: a0:7f:8a:2f:ab:cf
		Type: IPv6

	IP Header
		IP PDU Len: 0
		Header Len (bytes): 0
		TTL: 38
		Protocol: Unknown
		Checksum: Incorrect (0xf8b0)
		Sender IP: 64.5.0.16
		Dest IP: 0.0.0.0

Packet number: 425  Packet Len: 1294

	Ethernet Header
		Dest MAC: 34:c9:3d:d:55:9d
		Source MAC: a0:7f:8a:2f:ab:cf
		Type: IPv6

	IP Header
		IP PDU Len: 0
		Header Len (bytes): 0
		TTL: 38
		Protocol: Unknown
		Checksum: Incorrect (0xf8b0)
		Sender IP: 64.5.0.16
		Dest IP: 0.0.0.0

Packet number: 426  Packet Len: 1294

	Ethernet Header
		Dest MAC: 34:c9:3d:d:55:9d
		Source MAC: a0:7f:8a:2f:ab:cf
		Type: IPv6

	IP Header
		IP PDU Len: 0
		Header Len (bytes): 0
		TTL: 38
		Protocol: Unknown
		Checksum: Incorrect (0xf8b0)
		Sender IP: 64.5.0.16
		Dest IP: 0.0.0.0

Packet number: 427  Packet Len: 1294

	Ethernet Header
		Dest MAC: 34:c9:3d:d:55:9d
		Source MAC: a0:7f:8a:2f:ab:cf
		Type: IPv6

	IP Header
		IP PDU Len: 0
		Header Len (bytes): 0
		TTL: 38
		Protocol: Unknown
		Checksum: Incorrect (0xf8b0)
		Sender IP: 64.5.0.16
		Dest IP: 0.0.0.0

Packet number: 428  Packet Len: 1294

	Ethernet Header
		Dest MAC: 34:c9:3d:d:55:9d
		Source MAC: a0:7f:8a:2f:ab:cf
		Type: IPv6

	IP Header
		IP PDU Len: 0
		Header Len (bytes): 0
		TTL: 38
		Protocol: Unknown
		Checksum: Incorrect (0xf8b0)
		Sender IP: 64.5.0.16
		Dest IP: 0.0.0.0

Packet number: 429  Packet Len: 1294

	Ethernet Header
		Dest MAC: 34:c9:3d:d:55:9d
		Source MAC: a0:7f:8a:2f:ab:cf
		Type: IPv6

	IP Header
		IP PDU Len: 0
		Header Len (bytes): 0
		TTL: 38
		Protocol: Unknown
		Checksum: Incorrect (0xf8b0)
		Sender IP: 64.5.0.16
		Dest IP: 0.0.0.0

Packet number: 430  Packet Len: 1294

	Ethernet Header
		Dest MAC: 34:c9:3d:d:55:9d
		Source MAC: a0:7f:8a:2f:ab:cf
		Type: IPv6

	IP Header
		IP PDU Len: 0
		Header Len (bytes): 0
		TTL: 38
		Protocol: Unknown
		Checksum: Incorrect (0xf8b0)
		Sender IP: 64.5.0.16
		Dest IP: 0.0.0.0

Packet number: 431  Packet Len: 1294

	Ethernet Header
		Dest MAC: 34:c9:3d:d:55:9d
		Source MAC: a0:7f:8a:2f:ab:cf
		Type: IPv6

	IP Header
		IP PDU Len: 0
		Header Len (bytes): 0
		TTL: 38
		Protocol: Unknown
		Checksum: Incorrect (0xf8b0)
		Sender IP: 64.5.0.16
		Dest IP: 0.0.0.0

Packet number: 432  Packet Len: 1294

	Ethernet Header
		Dest MAC: 34:c9:3d:d:55:9d
		Source MAC: a0:7f:8a:2f:ab:cf
		Type: IPv6

	IP Header
		IP PDU Len: 0
		Header Len (bytes): 0
		TTL: 38
		Protocol: Unknown
		Checksum: Incorrect (0xf8b0)
		Sender IP: 64.5.0.16
		Dest IP: 0.0.0.0

Packet number: 433  Packet Len: 1294

	Ethernet Header
		Dest MAC: 34:c9:3d:d:55:9d
		Source MAC: a0:7f:8a:2f:ab:cf
		Type: IPv6

	IP Header
		IP PDU Len: 0
		Header Len (bytes): 0
		TTL: 38
		Protocol: Unknown
		Checksum: Incorrect (0xf8b0)
		Sender IP: 64.5.0.16
		Dest IP: 0.0.0.0

Packet number: 434  Packet Len: 1294

	Ethernet Header
		Dest MAC: 34:c9:3d:d:55:9d
		Source MAC: a0:7f:8a:2f:ab:cf
		Type: IPv6

	IP Header
		IP PDU Len: 0
		Header Len (bytes): 0
		TTL: 38
		Protocol: Unknown
		Checksum: Incorrect (0xf8b0)
		Sender IP: 64.5.0.16
		Dest IP: 0.0.0.0

Packet number: 435  Packet Len: 1294

	Ethernet Header
		Dest MAC: 34:c9:3d:d:55:9d
		Source MAC: a0:7f:8a:2f:ab:cf
		Type: IPv6

	IP Header
		IP PDU Len: 0
		Header Len (bytes): 0
		TTL: 38
		Protocol: Unknown
		Checksum: Incorrect (0xf8b0)
		Sender IP: 64.5.0.16
		Dest IP: 0.0.0.0

Packet number: 436  Packet Len: 1294

	Ethernet Header
		Dest MAC: 34:c9:3d:d:55:9d
		Source MAC: a0:7f:8a:2f:ab:cf
		Type: IPv6

	IP Header
		IP PDU Len: 0
		Header Len (bytes): 0
		TTL: 38
		Protocol: Unknown
		Checksum: Incorrect (0xf8b0)
		Sender IP: 64.5.0.16
		Dest IP: 0.0.0.0

Packet number: 437  Packet Len: 1294

	Ethernet Header
		Dest MAC: 34:c9:3d:d:55:9d
		Source MAC: a0:7f:8a:2f:ab:cf
		Type: IPv6

	IP Header
		IP PDU Len: 0
		Header Len (bytes): 0
		TTL: 38
		Protocol: Unknown
		Checksum: Incorrect (0xf8b0)
		Sender IP: 64.5.0.16
		Dest IP: 0.0.0.0

Packet number: 438  Packet Len: 1294

	Ethernet Header
		Dest MAC: 34:c9:3d:d:55:9d
		Source MAC: a0:7f:8a:2f:ab:cf
		Type: IPv6

	IP Header
		IP PDU Len: 0
		Header Len (bytes): 0
		TTL: 38
		Protocol: Unknown
		Checksum: Incorrect (0xf8b0)
		Sender IP: 64.5.0.16
		Dest IP: 0.0.0.0

Packet number: 439  Packet Len: 1294

	Ethernet Header
		Dest MAC: 34:c9:3d:d:55:9d
		Source MAC: a0:7f:8a:2f:ab:cf
		Type: IPv6

	IP Header
		IP PDU Len: 0
		Header Len (bytes): 0
		TTL: 38
		Protocol: Unknown
		Checksum: Incorrect (0xf8b0)
		Sender IP: 64.5.0.16
		Dest IP: 0.0.0.0

Packet number: 440  Packet Len: 95

	Ethernet Header
		Dest MAC: a0:7f:8a:2f:ab:cf
		Source MAC: 34:c9:3d:d:55:9d
		Type: IPv6

	IP Header
		IP PDU Len: 10831
		Header Len (bytes): 0
		TTL: 38
		Protocol: Unknown
		Checksum: Incorrect (0x6c52)
		Sender IP: 125.240.137.160
		Dest IP: 173.18.185.215

Packet number: 441  Packet Len: 1294

	Ethernet Header
		Dest MAC: 34:c9:3d:d:55:9d
		Source MAC: a0:7f:8a:2f:ab:cf
		Type: IPv6

	IP Header
		IP PDU Len: 0
		Header Len (bytes): 0
		TTL: 38
		Protocol: Unknown
		Checksum: Incorrect (0xf8b0)
		Sender IP: 64.5.0.16
		Dest IP: 0.0.0.0

Packet number: 442  Packet Len: 1294

	Ethernet Header
		Dest MAC: 34:c9:3d:d:55:9d
		Source MAC: a0:7f:8a:2f:ab:cf
		Type: IPv6

	IP Header
		IP PDU Len: 0
		Header Len (bytes): 0
		TTL: 38
		Protocol: Unknown
		Checksum: Incorrect (0xf8b0)
		Sender IP: 64.5.0.16
		Dest IP: 0.0.0.0

Packet number: 443  Packet Len: 1294

	Ethernet Header
		Dest MAC: 34:c9:3d:d:55:9d
		Source MAC: a0:7f:8a:2f:ab:cf
		Type: IPv6

	IP Header
		IP PDU Len: 0
		Header Len (bytes): 0
		TTL: 38
		Protocol: Unknown
		Checksum: Incorrect (0xf8b0)
		Sender IP: 64.5.0.16
		Dest IP: 0.0.0.0

Packet number: 444  Packet Len: 1294

	Ethernet Header
		Dest MAC: 34:c9:3d:d:55:9d
		Source MAC: a0:7f:8a:2f:ab:cf
		Type: IPv6

	IP Header
		IP PDU Len: 0
		Header Len (bytes): 0
		TTL: 38
		Protocol: Unknown
		Checksum: Incorrect (0xf8b0)
		Sender IP: 64.5.0.16
		Dest IP: 0.0.0.0

Packet number: 445  Packet Len: 1294

	Ethernet Header
		Dest MAC: 34:c9:3d:d:55:9d
		Source MAC: a0:7f:8a:2f:ab:cf
		Type: IPv6

	IP Header
		IP PDU Len: 0
		Header Len (bytes): 0
		TTL: 38
		Protocol: Unknown
		Checksum: Incorrect (0xf8b0)
		Sender IP: 64.5.0.16
		Dest IP: 0.0.0.0

Packet number: 446  Packet Len: 1294

	Ethernet Header
		Dest MAC: 34:c9:3d:d:55:9d
		Source MAC: a0:7f:8a:2f:ab:cf
		Type: IPv6

	IP Header
		IP PDU Len: 0
		Header Len (bytes): 0
		TTL: 38
		Protocol: Unknown
		Checksum: Incorrect (0xf8b0)
		Sender IP: 64.5.0.16
		Dest IP: 0.0.0.0

Packet number: 447  Packet Len: 1294

	Ethernet Header
		Dest MAC: 34:c9:3d:d:55:9d
		Source MAC: a0:7f:8a:2f:ab:cf
		Type: IPv6

	IP Header
		IP PDU Len: 0
		Header Len (bytes): 0
		TTL: 38
		Protocol: Unknown
		Checksum: Incorrect (0xf8b0)
		Sender IP: 64.5.0.16
		Dest IP: 0.0.0.0

Packet number: 448  Packet Len: 1294

	Ethernet Header
		Dest MAC: 34:c9:3d:d:55:9d
		Source MAC: a0:7f:8a:2f:ab:cf
		Type: IPv6

	IP Header
		IP PDU Len: 0
		Header Len (bytes): 0
		TTL: 38
		Protocol: Unknown
		Checksum: Incorrect (0xf8b0)
		Sender IP: 64.5.0.16
		Dest IP: 0.0.0.0

Packet number: 449  Packet Len: 1294

	Ethernet Header
		Dest MAC: 34:c9:3d:d:55:9d
		Source MAC: a0:7f:8a:2f:ab:cf
		Type: IPv6

	IP Header
		IP PDU Len: 0
		Header Len (bytes): 0
		TTL: 38
		Protocol: Unknown
		Checksum: Incorrect (0xf8b0)
		Sender IP: 64.5.0.16
		Dest IP: 0.0.0.0

Packet number: 450  Packet Len: 1294

	Ethernet Header
		Dest MAC: 34:c9:3d:d:55:9d
		Source MAC: a0:7f:8a:2f:ab:cf
		Type: IPv6

	IP Header
		IP PDU Len: 0
		Header Len (bytes): 0
		TTL: 38
		Protocol: Unknown
		Checksum: Incorrect (0xf8b0)
		Sender IP: 64.5.0.16
		Dest IP: 0.0.0.0

Packet number: 451  Packet Len: 1294

	Ethernet Header
		Dest MAC: 34:c9:3d:d:55:9d
		Source MAC: a0:7f:8a:2f:ab:cf
		Type: IPv6

	IP Header
		IP PDU Len: 0
		Header Len (bytes): 0
		TTL: 38
		Protocol: Unknown
		Checksum: Incorrect (0xf8b0)
		Sender IP: 64.5.0.16
		Dest IP: 0.0.0.0

Packet number: 452  Packet Len: 1294

	Ethernet Header
		Dest MAC: 34:c9:3d:d:55:9d
		Source MAC: a0:7f:8a:2f:ab:cf
		Type: IPv6

	IP Header
		IP PDU Len: 0
		Header Len (bytes): 0
		TTL: 38
		Protocol: Unknown
		Checksum: Incorrect (0xf8b0)
		Sender IP: 64.5.0.16
		Dest IP: 0.0.0.0

Packet number: 453  Packet Len: 1294

	Ethernet Header
		Dest MAC: 34:c9:3d:d:55:9d
		Source MAC: a0:7f:8a:2f:ab:cf
		Type: IPv6

	IP Header
		IP PDU Len: 0
		Header Len (bytes): 0
		TTL: 38
		Protocol: Unknown
		Checksum: Incorrect (0xf8b0)
		Sender IP: 64.5.0.16
		Dest IP: 0.0.0.0

Packet number: 454  Packet Len: 1294

	Ethernet Header
		Dest MAC: 34:c9:3d:d:55:9d
		Source MAC: a0:7f:8a:2f:ab:cf
		Type: IPv6

	IP Header
		IP PDU Len: 0
		Header Len (bytes): 0
		TTL: 38
		Protocol: Unknown
		Checksum: Incorrect (0xf8b0)
		Sender IP: 64.5.0.16
		Dest IP: 0.0.0.0

Packet number: 455  Packet Len: 1294

	Ethernet Header
		Dest MAC: 34:c9:3d:d:55:9d
		Source MAC: a0:7f:8a:2f:ab:cf
		Type: IPv6

	IP Header
		IP PDU Len: 0
		Header Len (bytes): 0
		TTL: 38
		Protocol: Unknown
		Checksum: Incorrect (0xf8b0)
		Sender IP: 64.5.0.16
		Dest IP: 0.0.0.0

Packet number: 456  Packet Len: 1294

	Ethernet Header
		Dest MAC: 34:c9:3d:d:55:9d
		Source MAC: a0:7f:8a:2f:ab:cf
		Type: IPv6

	IP Header
		IP PDU Len: 0
		Header Len (bytes): 0
		TTL: 38
		Protocol: Unknown
		Checksum: Incorrect (0xf8b0)
		Sender IP: 64.5.0.16
		Dest IP: 0.0.0.0

Packet number: 457  Packet Len: 1294

	Ethernet Header
		Dest MAC: 34:c9:3d:d:55:9d
		Source MAC: a0:7f:8a:2f:ab:cf
		Type: IPv6

	IP Header
		IP PDU Len: 0
		Header Len (bytes): 0
		TTL: 38
		Protocol: Unknown
		Checksum: Incorrect (0xf8b0)
		Sender IP: 64.5.0.16
		Dest IP: 0.0.0.0

Packet number: 458  Packet Len: 1294

	Ethernet Header
		Dest MAC: 34:c9:3d:d:55:9d
		Source MAC: a0:7f:8a:2f:ab:cf
		Type: IPv6

	IP Header
		IP PDU Len: 0
		Header Len (bytes): 0
		TTL: 38
		Protocol: Unknown
		Checksum: Incorrect (0xf8b0)
		Sender IP: 64.5.0.16
		Dest IP: 0.0.0.0

Packet number: 459  Packet Len: 1294

	Ethernet Header
		Dest MAC: 34:c9:3d:d:55:9d
		Source MAC: a0:7f:8a:2f:ab:cf
		Type: IPv6

	IP Header
		IP PDU Len: 0
		Header Len (bytes): 0
		TTL: 38
		Protocol: Unknown
		Checksum: Incorrect (0xf8b0)
		Sender IP: 64.5.0.16
		Dest IP: 0.0.0.0

Packet number: 460  Packet Len: 1294

	Ethernet Header
		Dest MAC: 34:c9:3d:d:55:9d
		Source MAC: a0:7f:8a:2f:ab:cf
		Type: IPv6

	IP Header
		IP PDU Len: 0
		Header Len (bytes): 0
		TTL: 38
		Protocol: Unknown
		Checksum: Incorrect (0xf8b0)
		Sender IP: 64.5.0.16
		Dest IP: 0.0.0.0

Packet number: 461  Packet Len: 1294

	Ethernet Header
		Dest MAC: 34:c9:3d:d:55:9d
		Source MAC: a0:7f:8a:2f:ab:cf
		Type: IPv6

	IP Header
		IP PDU Len: 0
		Header Len (bytes): 0
		TTL: 38
		Protocol: Unknown
		Checksum: Incorrect (0xf8b0)
		Sender IP: 64.5.0.16
		Dest IP: 0.0.0.0

Packet number: 462  Packet Len: 1294

	Ethernet Header
		Dest MAC: 34:c9:3d:d:55:9d
		Source MAC: a0:7f:8a:2f:ab:cf
		Type: IPv6

	IP Header
		IP PDU Len: 0
		Header Len (bytes): 0
		TTL: 38
		Protocol: Unknown
		Checksum: Incorrect (0xf8b0)
		Sender IP: 64.5.0.16
		Dest IP: 0.0.0.0

Packet number: 463  Packet Len: 1294

	Ethernet Header
		Dest MAC: 34:c9:3d:d:55:9d
		Source MAC: a0:7f:8a:2f:ab:cf
		Type: IPv6

	IP Header
		IP PDU Len: 0
		Header Len (bytes): 0
		TTL: 38
		Protocol: Unknown
		Checksum: Incorrect (0xf8b0)
		Sender IP: 64.5.0.16
		Dest IP: 0.0.0.0

Packet number: 464  Packet Len: 1294

	Ethernet Header
		Dest MAC: 34:c9:3d:d:55:9d
		Source MAC: a0:7f:8a:2f:ab:cf
		Type: IPv6

	IP Header
		IP PDU Len: 0
		Header Len (bytes): 0
		TTL: 38
		Protocol: Unknown
		Checksum: Incorrect (0xf8b0)
		Sender IP: 64.5.0.16
		Dest IP: 0.0.0.0

Packet number: 465  Packet Len: 1294

	Ethernet Header
		Dest MAC: 34:c9:3d:d:55:9d
		Source MAC: a0:7f:8a:2f:ab:cf
		Type: IPv6

	IP Header
		IP PDU Len: 0
		Header Len (bytes): 0
		TTL: 38
		Protocol: Unknown
		Checksum: Incorrect (0xf8b0)
		Sender IP: 64.5.0.16
		Dest IP: 0.0.0.0

Packet number: 466  Packet Len: 1294

	Ethernet Header
		Dest MAC: 34:c9:3d:d:55:9d
		Source MAC: a0:7f:8a:2f:ab:cf
		Type: IPv6

	IP Header
		IP PDU Len: 0
		Header Len (bytes): 0
		TTL: 38
		Protocol: Unknown
		Checksum: Incorrect (0xf8b0)
		Sender IP: 64.5.0.16
		Dest IP: 0.0.0.0

Packet number: 467  Packet Len: 1294

	Ethernet Header
		Dest MAC: 34:c9:3d:d:55:9d
		Source MAC: a0:7f:8a:2f:ab:cf
		Type: IPv6

	IP Header
		IP PDU Len: 0
		Header Len (bytes): 0
		TTL: 38
		Protocol: Unknown
		Checksum: Incorrect (0xf8b0)
		Sender IP: 64.5.0.16
		Dest IP: 0.0.0.0

Packet number: 468  Packet Len: 1294

	Ethernet Header
		Dest MAC: 34:c9:3d:d:55:9d
		Source MAC: a0:7f:8a:2f:ab:cf
		Type: IPv6

	IP Header
		IP PDU Len: 0
		Header Len (bytes): 0
		TTL: 38
		Protocol: Unknown
		Checksum: Incorrect (0xf8b0)
		Sender IP: 64.5.0.16
		Dest IP: 0.0.0.0

Packet number: 469  Packet Len: 1294

	Ethernet Header
		Dest MAC: 34:c9:3d:d:55:9d
		Source MAC: a0:7f:8a:2f:ab:cf
		Type: IPv6

	IP Header
		IP PDU Len: 0
		Header Len (bytes): 0
		TTL: 38
		Protocol: Unknown
		Checksum: Incorrect (0xf8b0)
		Sender IP: 64.5.0.16
		Dest IP: 0.0.0.0

Packet number: 470  Packet Len: 1294

	Ethernet Header
		Dest MAC: 34:c9:3d:d:55:9d
		Source MAC: a0:7f:8a:2f:ab:cf
		Type: IPv6

	IP Header
		IP PDU Len: 0
		Header Len (bytes): 0
		TTL: 38
		Protocol: Unknown
		Checksum: Incorrect (0xf8b0)
		Sender IP: 64.5.0.16
		Dest IP: 0.0.0.0

Packet number: 471  Packet Len: 1294

	Ethernet Header
		Dest MAC: 34:c9:3d:d:55:9d
		Source MAC: a0:7f:8a:2f:ab:cf
		Type: IPv6

	IP Header
		IP PDU Len: 0
		Header Len (bytes): 0
		TTL: 38
		Protocol: Unknown
		Checksum: Incorrect (0xf8b0)
		Sender IP: 64.5.0.16
		Dest IP: 0.0.0.0

Packet number: 472  Packet Len: 1294

	Ethernet Header
		Dest MAC: 34:c9:3d:d:55:9d
		Source MAC: a0:7f:8a:2f:ab:cf
		Type: IPv6

	IP Header
		IP PDU Len: 0
		Header Len (bytes): 0
		TTL: 38
		Protocol: Unknown
		Checksum: Incorrect (0xf8b0)
		Sender IP: 64.5.0.16
		Dest IP: 0.0.0.0

Packet number: 473  Packet Len: 1294

	Ethernet Header
		Dest MAC: 34:c9:3d:d:55:9d
		Source MAC: a0:7f:8a:2f:ab:cf
		Type: IPv6

	IP Header
		IP PDU Len: 0
		Header Len (bytes): 0
		TTL: 38
		Protocol: Unknown
		Checksum: Incorrect (0xf8b0)
		Sender IP: 64.5.0.16
		Dest IP: 0.0.0.0

Packet number: 474  Packet Len: 1294

	Ethernet Header
		Dest MAC: 34:c9:3d:d:55:9d
		Source MAC: a0:7f:8a:2f:ab:cf
		Type: IPv6

	IP Header
		IP PDU Len: 0
		Header Len (bytes): 0
		TTL: 38
		Protocol: Unknown
		Checksum: Incorrect (0xf8b0)
		Sender IP: 64.5.0.16
		Dest IP: 0.0.0.0

Packet number: 475  Packet Len: 1294

	Ethernet Header
		Dest MAC: 34:c9:3d:d:55:9d
		Source MAC: a0:7f:8a:2f:ab:cf
		Type: IPv6

	IP Header
		IP PDU Len: 0
		Header Len (bytes): 0
		TTL: 38
		Protocol: Unknown
		Checksum: Incorrect (0xf8b0)
		Sender IP: 64.5.0.16
		Dest IP: 0.0.0.0

Packet number: 476  Packet Len: 1294

	Ethernet Header
		Dest MAC: 34:c9:3d:d:55:9d
		Source MAC: a0:7f:8a:2f:ab:cf
		Type: IPv6

	IP Header
		IP PDU Len: 0
		Header Len (bytes): 0
		TTL: 38
		Protocol: Unknown
		Checksum: Incorrect (0xf8b0)
		Sender IP: 64.5.0.16
		Dest IP: 0.0.0.0

Packet number: 477  Packet Len: 95

	Ethernet Header
		Dest MAC: a0:7f:8a:2f:ab:cf
		Source MAC: 34:c9:3d:d:55:9d
		Type: IPv6

	IP Header
		IP PDU Len: 10831
		Header Len (bytes): 0
		TTL: 38
		Protocol: Unknown
		Checksum: Incorrect (0x6c52)
		Sender IP: 125.240.137.160
		Dest IP: 173.18.185.215

Packet number: 478  Packet Len: 1294

	Ethernet Header
		Dest MAC: 34:c9:3d:d:55:9d
		Source MAC: a0:7f:8a:2f:ab:cf
		Type: IPv6

	IP Header
		IP PDU Len: 0
		Header Len (bytes): 0
		TTL: 38
		Protocol: Unknown
		Checksum: Incorrect (0xf8b0)
		Sender IP: 64.5.0.16
		Dest IP: 0.0.0.0

Packet number: 479  Packet Len: 1294

	Ethernet Header
		Dest MAC: 34:c9:3d:d:55:9d
		Source MAC: a0:7f:8a:2f:ab:cf
		Type: IPv6

	IP Header
		IP PDU Len: 0
		Header Len (bytes): 0
		TTL: 38
		Protocol: Unknown
		Checksum: Incorrect (0xf8b0)
		Sender IP: 64.5.0.16
		Dest IP: 0.0.0.0

Packet number: 480  Packet Len: 1294

	Ethernet Header
		Dest MAC: 34:c9:3d:d:55:9d
		Source MAC: a0:7f:8a:2f:ab:cf
		Type: IPv6

	IP Header
		IP PDU Len: 0
		Header Len (bytes): 0
		TTL: 38
		Protocol: Unknown
		Checksum: Incorrect (0xf8b0)
		Sender IP: 64.5.0.16
		Dest IP: 0.0.0.0

Packet number: 481  Packet Len: 1294

	Ethernet Header
		Dest MAC: 34:c9:3d:d:55:9d
		Source MAC: a0:7f:8a:2f:ab:cf
		Type: IPv6

	IP Header
		IP PDU Len: 0
		Header Len (bytes): 0
		TTL: 38
		Protocol: Unknown
		Checksum: Incorrect (0xf8b0)
		Sender IP: 64.5.0.16
		Dest IP: 0.0.0.0

Packet number: 482  Packet Len: 1294

	Ethernet Header
		Dest MAC: 34:c9:3d:d:55:9d
		Source MAC: a0:7f:8a:2f:ab:cf
		Type: IPv6

	IP Header
		IP PDU Len: 0
		Header Len (bytes): 0
		TTL: 38
		Protocol: Unknown
		Checksum: Incorrect (0xf8b0)
		Sender IP: 64.5.0.16
		Dest IP: 0.0.0.0

Packet number: 483  Packet Len: 1294

	Ethernet Header
		Dest MAC: 34:c9:3d:d:55:9d
		Source MAC: a0:7f:8a:2f:ab:cf
		Type: IPv6

	IP Header
		IP PDU Len: 0
		Header Len (bytes): 0
		TTL: 38
		Protocol: Unknown
		Checksum: Incorrect (0xf8b0)
		Sender IP: 64.5.0.16
		Dest IP: 0.0.0.0

Packet number: 484  Packet Len: 1294

	Ethernet Header
		Dest MAC: 34:c9:3d:d:55:9d
		Source MAC: a0:7f:8a:2f:ab:cf
		Type: IPv6

	IP Header
		IP PDU Len: 0
		Header Len (bytes): 0
		TTL: 38
		Protocol: Unknown
		Checksum: Incorrect (0xf8b0)
		Sender IP: 64.5.0.16
		Dest IP: 0.0.0.0

Packet number: 485  Packet Len: 1294

	Ethernet Header
		Dest MAC: 34:c9:3d:d:55:9d
		Source MAC: a0:7f:8a:2f:ab:cf
		Type: IPv6

	IP Header
		IP PDU Len: 0
		Header Len (bytes): 0
		TTL: 38
		Protocol: Unknown
		Checksum: Incorrect (0xf8b0)
		Sender IP: 64.5.0.16
		Dest IP: 0.0.0.0

Packet number: 486  Packet Len: 1294

	Ethernet Header
		Dest MAC: 34:c9:3d:d:55:9d
		Source MAC: a0:7f:8a:2f:ab:cf
		Type: IPv6

	IP Header
		IP PDU Len: 0
		Header Len (bytes): 0
		TTL: 38
		Protocol: Unknown
		Checksum: Incorrect (0xf8b0)
		Sender IP: 64.5.0.16
		Dest IP: 0.0.0.0

Packet number: 487  Packet Len: 1294

	Ethernet Header
		Dest MAC: 34:c9:3d:d:55:9d
		Source MAC: a0:7f:8a:2f:ab:cf
		Type: IPv6

	IP Header
		IP PDU Len: 0
		Header Len (bytes): 0
		TTL: 38
		Protocol: Unknown
		Checksum: Incorrect (0xf8b0)
		Sender IP: 64.5.0.16
		Dest IP: 0.0.0.0

Packet number: 488  Packet Len: 1294

	Ethernet Header
		Dest MAC: 34:c9:3d:d:55:9d
		Source MAC: a0:7f:8a:2f:ab:cf
		Type: IPv6

	IP Header
		IP PDU Len: 0
		Header Len (bytes): 0
		TTL: 38
		Protocol: Unknown
		Checksum: Incorrect (0xf8b0)
		Sender IP: 64.5.0.16
		Dest IP: 0.0.0.0

Packet number: 489  Packet Len: 1294

	Ethernet Header
		Dest MAC: 34:c9:3d:d:55:9d
		Source MAC: a0:7f:8a:2f:ab:cf
		Type: IPv6

	IP Header
		IP PDU Len: 0
		Header Len (bytes): 0
		TTL: 38
		Protocol: Unknown
		Checksum: Incorrect (0xf8b0)
		Sender IP: 64.5.0.16
		Dest IP: 0.0.0.0

Packet number: 490  Packet Len: 95

	Ethernet Header
		Dest MAC: a0:7f:8a:2f:ab:cf
		Source MAC: 34:c9:3d:d:55:9d
		Type: IPv6

	IP Header
		IP PDU Len: 10831
		Header Len (bytes): 0
		TTL: 38
		Protocol: Unknown
		Checksum: Incorrect (0x6c52)
		Sender IP: 125.240.137.160
		Dest IP: 173.18.185.215

Packet number: 491  Packet Len: 1294

	Ethernet Header
		Dest MAC: 34:c9:3d:d:55:9d
		Source MAC: a0:7f:8a:2f:ab:cf
		Type: IPv6

	IP Header
		IP PDU Len: 0
		Header Len (bytes): 0
		TTL: 38
		Protocol: Unknown
		Checksum: Incorrect (0xf8b0)
		Sender IP: 64.5.0.16
		Dest IP: 0.0.0.0

Packet number: 492  Packet Len: 1294

	Ethernet Header
		Dest MAC: 34:c9:3d:d:55:9d
		Source MAC: a0:7f:8a:2f:ab:cf
		Type: IPv6

	IP Header
		IP PDU Len: 0
		Header Len (bytes): 0
		TTL: 38
		Protocol: Unknown
		Checksum: Incorrect (0xf8b0)
		Sender IP: 64.5.0.16
		Dest IP: 0.0.0.0

Packet number: 493  Packet Len: 1294

	Ethernet Header
		Dest MAC: 34:c9:3d:d:55:9d
		Source MAC: a0:7f:8a:2f:ab:cf
		Type: IPv6

	IP Header
		IP PDU Len: 0
		Header Len (bytes): 0
		TTL: 38
		Protocol: Unknown
		Checksum: Incorrect (0xf8b0)
		Sender IP: 64.5.0.16
		Dest IP: 0.0.0.0

Packet number: 494  Packet Len: 1294

	Ethernet Header
		Dest MAC: 34:c9:3d:d:55:9d
		Source MAC: a0:7f:8a:2f:ab:cf
		Type: IPv6

	IP Header
		IP PDU Len: 0
		Header Len (bytes): 0
		TTL: 38
		Protocol: Unknown
		Checksum: Incorrect (0xf8b0)
		Sender IP: 64.5.0.16
		Dest IP: 0.0.0.0

Packet number: 495  Packet Len: 1294

	Ethernet Header
		Dest MAC: 34:c9:3d:d:55:9d
		Source MAC: a0:7f:8a:2f:ab:cf
		Type: IPv6

	IP Header
		IP PDU Len: 0
		Header Len (bytes): 0
		TTL: 38
		Protocol: Unknown
		Checksum: Incorrect (0xf8b0)
		Sender IP: 64.5.0.16
		Dest IP: 0.0.0.0

Packet number: 496  Packet Len: 1294

	Ethernet Header
		Dest MAC: 34:c9:3d:d:55:9d
		Source MAC: a0:7f:8a:2f:ab:cf
		Type: IPv6

	IP Header
		IP PDU Len: 0
		Header Len (bytes): 0
		TTL: 38
		Protocol: Unknown
		Checksum: Incorrect (0xf8b0)
		Sender IP: 64.5.0.16
		Dest IP: 0.0.0.0

Packet number: 497  Packet Len: 1294

	Ethernet Header
		Dest MAC: 34:c9:3d:d:55:9d
		Source MAC: a0:7f:8a:2f:ab:cf
		Type: IPv6

	IP Header
		IP PDU Len: 0
		Header Len (bytes): 0
		TTL: 38
		Protocol: Unknown
		Checksum: Incorrect (0xf8b0)
		Sender IP: 64.5.0.16
		Dest IP: 0.0.0.0

Packet number: 498  Packet Len: 1294

	Ethernet Header
		Dest MAC: 34:c9:3d:d:55:9d
		Source MAC: a0:7f:8a:2f:ab:cf
		Type: IPv6

	IP Header
		IP PDU Len: 0
		Header Len (bytes): 0
		TTL: 38
		Protocol: Unknown
		Checksum: Incorrect (0xf8b0)
		Sender IP: 64.5.0.16
		Dest IP: 0.0.0.0

Packet number: 499  Packet Len: 1294

	Ethernet Header
		Dest MAC: 34:c9:3d:d:55:9d
		Source MAC: a0:7f:8a:2f:ab:cf
		Type: IPv6

	IP Header
		IP PDU Len: 0
		Header Len (bytes): 0
		TTL: 38
		Protocol: Unknown
		Checksum: Incorrect (0xf8b0)
		Sender IP: 64.5.0.16
		Dest IP: 0.0.0.0

Packet number: 500  Packet Len: 1294

	Ethernet Header
		Dest MAC: 34:c9:3d:d:55:9d
		Source MAC: a0:7f:8a:2f:ab:cf
		Type: IPv6

	IP Header
		IP PDU Len: 0
		Header Len (bytes): 0
		TTL: 38
		Protocol: Unknown
		Checksum: Incorrect (0xf8b0)
		Sender IP: 64.5.0.16
		Dest IP: 0.0.0.0

Packet number: 501  Packet Len: 1294

	Ethernet Header
		Dest MAC: 34:c9:3d:d:55:9d
		Source MAC: a0:7f:8a:2f:ab:cf
		Type: IPv6

	IP Header
		IP PDU Len: 0
		Header Len (bytes): 0
		TTL: 38
		Protocol: Unknown
		Checksum: Incorrect (0xf8b0)
		Sender IP: 64.5.0.16
		Dest IP: 0.0.0.0

Packet number: 502  Packet Len: 1294

	Ethernet Header
		Dest MAC: 34:c9:3d:d:55:9d
		Source MAC: a0:7f:8a:2f:ab:cf
		Type: IPv6

	IP Header
		IP PDU Len: 0
		Header Len (bytes): 0
		TTL: 38
		Protocol: Unknown
		Checksum: Incorrect (0xf8b0)
		Sender IP: 64.5.0.16
		Dest IP: 0.0.0.0

Packet number: 503  Packet Len: 1294

	Ethernet Header
		Dest MAC: 34:c9:3d:d:55:9d
		Source MAC: a0:7f:8a:2f:ab:cf
		Type: IPv6

	IP Header
		IP PDU Len: 0
		Header Len (bytes): 0
		TTL: 38
		Protocol: Unknown
		Checksum: Incorrect (0xf8b0)
		Sender IP: 64.5.0.16
		Dest IP: 0.0.0.0

Packet number: 504  Packet Len: 1294

	Ethernet Header
		Dest MAC: 34:c9:3d:d:55:9d
		Source MAC: a0:7f:8a:2f:ab:cf
		Type: IPv6

	IP Header
		IP PDU Len: 0
		Header Len (bytes): 0
		TTL: 38
		Protocol: Unknown
		Checksum: Incorrect (0xf8b0)
		Sender IP: 64.5.0.16
		Dest IP: 0.0.0.0

Packet number: 505  Packet Len: 1294

	Ethernet Header
		Dest MAC: 34:c9:3d:d:55:9d
		Source MAC: a0:7f:8a:2f:ab:cf
		Type: IPv6

	IP Header
		IP PDU Len: 0
		Header Len (bytes): 0
		TTL: 38
		Protocol: Unknown
		Checksum: Incorrect (0xf8b0)
		Sender IP: 64.5.0.16
		Dest IP: 0.0.0.0

Packet number: 506  Packet Len: 1294

	Ethernet Header
		Dest MAC: 34:c9:3d:d:55:9d
		Source MAC: a0:7f:8a:2f:ab:cf
		Type: IPv6

	IP Header
		IP PDU Len: 0
		Header Len (bytes): 0
		TTL: 38
		Protocol: Unknown
		Checksum: Incorrect (0xf8b0)
		Sender IP: 64.5.0.16
		Dest IP: 0.0.0.0

Packet number: 507  Packet Len: 1294

	Ethernet Header
		Dest MAC: 34:c9:3d:d:55:9d
		Source MAC: a0:7f:8a:2f:ab:cf
		Type: IPv6

	IP Header
		IP PDU Len: 0
		Header Len (bytes): 0
		TTL: 38
		Protocol: Unknown
		Checksum: Incorrect (0xf8b0)
		Sender IP: 64.5.0.16
		Dest IP: 0.0.0.0

Packet number: 508  Packet Len: 1294

	Ethernet Header
		Dest MAC: 34:c9:3d:d:55:9d
		Source MAC: a0:7f:8a:2f:ab:cf
		Type: IPv6

	IP Header
		IP PDU Len: 0
		Header Len (bytes): 0
		TTL: 38
		Protocol: Unknown
		Checksum: Incorrect (0xf8b0)
		Sender IP: 64.5.0.16
		Dest IP: 0.0.0.0

Packet number: 509  Packet Len: 1294

	Ethernet Header
		Dest MAC: 34:c9:3d:d:55:9d
		Source MAC: a0:7f:8a:2f:ab:cf
		Type: IPv6

	IP Header
		IP PDU Len: 0
		Header Len (bytes): 0
		TTL: 38
		Protocol: Unknown
		Checksum: Incorrect (0xf8b0)
		Sender IP: 64.5.0.16
		Dest IP: 0.0.0.0

Packet number: 510  Packet Len: 1294

	Ethernet Header
		Dest MAC: 34:c9:3d:d:55:9d
		Source MAC: a0:7f:8a:2f:ab:cf
		Type: IPv6

	IP Header
		IP PDU Len: 0
		Header Len (bytes): 0
		TTL: 38
		Protocol: Unknown
		Checksum: Incorrect (0xf8b0)
		Sender IP: 64.5.0.16
		Dest IP: 0.0.0.0

Packet number: 511  Packet Len: 1294

	Ethernet Header
		Dest MAC: 34:c9:3d:d:55:9d
		Source MAC: a0:7f:8a:2f:ab:cf
		Type: IPv6

	IP Header
		IP PDU Len: 0
		Header Len (bytes): 0
		TTL: 38
		Protocol: Unknown
		Checksum: Incorrect (0xf8b0)
		Sender IP: 64.5.0.16
		Dest IP: 0.0.0.0

Packet number: 512  Packet Len: 1294

	Ethernet Header
		Dest MAC: 34:c9:3d:d:55:9d
		Source MAC: a0:7f:8a:2f:ab:cf
		Type: IPv6

	IP Header
		IP PDU Len: 0
		Header Len (bytes): 0
		TTL: 38
		Protocol: Unknown
		Checksum: Incorrect (0xf8b0)
		Sender IP: 64.5.0.16
		Dest IP: 0.0.0.0

Packet number: 513  Packet Len: 1294

	Ethernet Header
		Dest MAC: 34:c9:3d:d:55:9d
		Source MAC: a0:7f:8a:2f:ab:cf
		Type: IPv6

	IP Header
		IP PDU Len: 0
		Header Len (bytes): 0
		TTL: 38
		Protocol: Unknown
		Checksum: Incorrect (0xf8b0)
		Sender IP: 64.5.0.16
		Dest IP: 0.0.0.0

Packet number: 514  Packet Len: 1294

	Ethernet Header
		Dest MAC: 34:c9:3d:d:55:9d
		Source MAC: a0:7f:8a:2f:ab:cf
		Type: IPv6

	IP Header
		IP PDU Len: 0
		Header Len (bytes): 0
		TTL: 38
		Protocol: Unknown
		Checksum: Incorrect (0xf8b0)
		Sender IP: 64.5.0.16
		Dest IP: 0.0.0.0

Packet number: 515  Packet Len: 1294

	Ethernet Header
		Dest MAC: 34:c9:3d:d:55:9d
		Source MAC: a0:7f:8a:2f:ab:cf
		Type: IPv6

	IP Header
		IP PDU Len: 0
		Header Len (bytes): 0
		TTL: 38
		Protocol: Unknown
		Checksum: Incorrect (0xf8b0)
		Sender IP: 64.5.0.16
		Dest IP: 0.0.0.0

Packet number: 516  Packet Len: 95

	Ethernet Header
		Dest MAC: a0:7f:8a:2f:ab:cf
		Source MAC: 34:c9:3d:d:55:9d
		Type: IPv6

	IP Header
		IP PDU Len: 10831
		Header Len (bytes): 0
		TTL: 38
		Protocol: Unknown
		Checksum: Incorrect (0x6c52)
		Sender IP: 125.240.137.160
		Dest IP: 173.18.185.215

Packet number: 517  Packet Len: 1294

	Ethernet Header
		Dest MAC: 34:c9:3d:d:55:9d
		Source MAC: a0:7f:8a:2f:ab:cf
		Type: IPv6

	IP Header
		IP PDU Len: 0
		Header Len (bytes): 0
		TTL: 38
		Protocol: Unknown
		Checksum: Incorrect (0xf8b0)
		Sender IP: 64.5.0.16
		Dest IP: 0.0.0.0

Packet number: 518  Packet Len: 1294

	Ethernet Header
		Dest MAC: 34:c9:3d:d:55:9d
		Source MAC: a0:7f:8a:2f:ab:cf
		Type: IPv6

	IP Header
		IP PDU Len: 0
		Header Len (bytes): 0
		TTL: 38
		Protocol: Unknown
		Checksum: Incorrect (0xf8b0)
		Sender IP: 64.5.0.16
		Dest IP: 0.0.0.0

Packet number: 519  Packet Len: 1294

	Ethernet Header
		Dest MAC: 34:c9:3d:d:55:9d
		Source MAC: a0:7f:8a:2f:ab:cf
		Type: IPv6

	IP Header
		IP PDU Len: 0
		Header Len (bytes): 0
		TTL: 38
		Protocol: Unknown
		Checksum: Incorrect (0xf8b0)
		Sender IP: 64.5.0.16
		Dest IP: 0.0.0.0

Packet number: 520  Packet Len: 1294

	Ethernet Header
		Dest MAC: 34:c9:3d:d:55:9d
		Source MAC: a0:7f:8a:2f:ab:cf
		Type: IPv6

	IP Header
		IP PDU Len: 0
		Header Len (bytes): 0
		TTL: 38
		Protocol: Unknown
		Checksum: Incorrect (0xf8b0)
		Sender IP: 64.5.0.16
		Dest IP: 0.0.0.0

Packet number: 521  Packet Len: 1294

	Ethernet Header
		Dest MAC: 34:c9:3d:d:55:9d
		Source MAC: a0:7f:8a:2f:ab:cf
		Type: IPv6

	IP Header
		IP PDU Len: 0
		Header Len (bytes): 0
		TTL: 38
		Protocol: Unknown
		Checksum: Incorrect (0xf8b0)
		Sender IP: 64.5.0.16
		Dest IP: 0.0.0.0

Packet number: 522  Packet Len: 95

	Ethernet Header
		Dest MAC: a0:7f:8a:2f:ab:cf
		Source MAC: 34:c9:3d:d:55:9d
		Type: IPv6

	IP Header
		IP PDU Len: 10831
		Header Len (bytes): 0
		TTL: 38
		Protocol: Unknown
		Checksum: Incorrect (0x6c52)
		Sender IP: 125.240.137.160
		Dest IP: 173.18.185.215

Packet number: 523  Packet Len: 1294

	Ethernet Header
		Dest MAC: 34:c9:3d:d:55:9d
		Source MAC: a0:7f:8a:2f:ab:cf
		Type: IPv6

	IP Header
		IP PDU Len: 0
		Header Len (bytes): 0
		TTL: 38
		Protocol: Unknown
		Checksum: Incorrect (0xf8b0)
		Sender IP: 64.5.0.16
		Dest IP: 0.0.0.0

Packet number: 524  Packet Len: 1294

	Ethernet Header
		Dest MAC: 34:c9:3d:d:55:9d
		Source MAC: a0:7f:8a:2f:ab:cf
		Type: IPv6

	IP Header
		IP PDU Len: 0
		Header Len (bytes): 0
		TTL: 38
		Protocol: Unknown
		Checksum: Incorrect (0xf8b0)
		Sender IP: 64.5.0.16
		Dest IP: 0.0.0.0

Packet number: 525  Packet Len: 1294

	Ethernet Header
		Dest MAC: 34:c9:3d:d:55:9d
		Source MAC: a0:7f:8a:2f:ab:cf
		Type: IPv6

	IP Header
		IP PDU Len: 0
		Header Len (bytes): 0
		TTL: 38
		Protocol: Unknown
		Checksum: Incorrect (0xf8b0)
		Sender IP: 64.5.0.16
		Dest IP: 0.0.0.0

Packet number: 526  Packet Len: 1294

	Ethernet Header
		Dest MAC: 34:c9:3d:d:55:9d
		Source MAC: a0:7f:8a:2f:ab:cf
		Type: IPv6

	IP Header
		IP PDU Len: 0
		Header Len (bytes): 0
		TTL: 38
		Protocol: Unknown
		Checksum: Incorrect (0xf8b0)
		Sender IP: 64.5.0.16
		Dest IP: 0.0.0.0

Packet number: 527  Packet Len: 1294

	Ethernet Header
		Dest MAC: 34:c9:3d:d:55:9d
		Source MAC: a0:7f:8a:2f:ab:cf
		Type: IPv6

	IP Header
		IP PDU Len: 0
		Header Len (bytes): 0
		TTL: 38
		Protocol: Unknown
		Checksum: Incorrect (0xf8b0)
		Sender IP: 64.5.0.16
		Dest IP: 0.0.0.0

Packet number: 528  Packet Len: 1294

	Ethernet Header
		Dest MAC: 34:c9:3d:d:55:9d
		Source MAC: a0:7f:8a:2f:ab:cf
		Type: IPv6

	IP Header
		IP PDU Len: 0
		Header Len (bytes): 0
		TTL: 38
		Protocol: Unknown
		Checksum: Incorrect (0xf8b0)
		Sender IP: 64.5.0.16
		Dest IP: 0.0.0.0

Packet number: 529  Packet Len: 1294

	Ethernet Header
		Dest MAC: 34:c9:3d:d:55:9d
		Source MAC: a0:7f:8a:2f:ab:cf
		Type: IPv6

	IP Header
		IP PDU Len: 0
		Header Len (bytes): 0
		TTL: 38
		Protocol: Unknown
		Checksum: Incorrect (0xf8b0)
		Sender IP: 64.5.0.16
		Dest IP: 0.0.0.0

Packet number: 530  Packet Len: 1294

	Ethernet Header
		Dest MAC: 34:c9:3d:d:55:9d
		Source MAC: a0:7f:8a:2f:ab:cf
		Type: IPv6

	IP Header
		IP PDU Len: 0
		Header Len (bytes): 0
		TTL: 38
		Protocol: Unknown
		Checksum: Incorrect (0xf8b0)
		Sender IP: 64.5.0.16
		Dest IP: 0.0.0.0

Packet number: 531  Packet Len: 1294

	Ethernet Header
		Dest MAC: 34:c9:3d:d:55:9d
		Source MAC: a0:7f:8a:2f:ab:cf
		Type: IPv6

	IP Header
		IP PDU Len: 0
		Header Len (bytes): 0
		TTL: 38
		Protocol: Unknown
		Checksum: Incorrect (0xf8b0)
		Sender IP: 64.5.0.16
		Dest IP: 0.0.0.0

Packet number: 532  Packet Len: 1294

	Ethernet Header
		Dest MAC: 34:c9:3d:d:55:9d
		Source MAC: a0:7f:8a:2f:ab:cf
		Type: IPv6

	IP Header
		IP PDU Len: 0
		Header Len (bytes): 0
		TTL: 38
		Protocol: Unknown
		Checksum: Incorrect (0xf8b0)
		Sender IP: 64.5.0.16
		Dest IP: 0.0.0.0

Packet number: 533  Packet Len: 1294

	Ethernet Header
		Dest MAC: 34:c9:3d:d:55:9d
		Source MAC: a0:7f:8a:2f:ab:cf
		Type: IPv6

	IP Header
		IP PDU Len: 0
		Header Len (bytes): 0
		TTL: 38
		Protocol: Unknown
		Checksum: Incorrect (0xf8b0)
		Sender IP: 64.5.0.16
		Dest IP: 0.0.0.0

Packet number: 534  Packet Len: 1294

	Ethernet Header
		Dest MAC: 34:c9:3d:d:55:9d
		Source MAC: a0:7f:8a:2f:ab:cf
		Type: IPv6

	IP Header
		IP PDU Len: 0
		Header Len (bytes): 0
		TTL: 38
		Protocol: Unknown
		Checksum: Incorrect (0xf8b0)
		Sender IP: 64.5.0.16
		Dest IP: 0.0.0.0

Packet number: 535  Packet Len: 1294

	Ethernet Header
		Dest MAC: 34:c9:3d:d:55:9d
		Source MAC: a0:7f:8a:2f:ab:cf
		Type: IPv6

	IP Header
		IP PDU Len: 0
		Header Len (bytes): 0
		TTL: 38
		Protocol: Unknown
		Checksum: Incorrect (0xf8b0)
		Sender IP: 64.5.0.16
		Dest IP: 0.0.0.0

Packet number: 536  Packet Len: 1294

	Ethernet Header
		Dest MAC: 34:c9:3d:d:55:9d
		Source MAC: a0:7f:8a:2f:ab:cf
		Type: IPv6

	IP Header
		IP PDU Len: 0
		Header Len (bytes): 0
		TTL: 38
		Protocol: Unknown
		Checksum: Incorrect (0xf8b0)
		Sender IP: 64.5.0.16
		Dest IP: 0.0.0.0

Packet number: 537  Packet Len: 1294

	Ethernet Header
		Dest MAC: 34:c9:3d:d:55:9d
		Source MAC: a0:7f:8a:2f:ab:cf
		Type: IPv6

	IP Header
		IP PDU Len: 0
		Header Len (bytes): 0
		TTL: 38
		Protocol: Unknown
		Checksum: Incorrect (0xf8b0)
		Sender IP: 64.5.0.16
		Dest IP: 0.0.0.0

Packet number: 538  Packet Len: 1294

	Ethernet Header
		Dest MAC: 34:c9:3d:d:55:9d
		Source MAC: a0:7f:8a:2f:ab:cf
		Type: IPv6

	IP Header
		IP PDU Len: 0
		Header Len (bytes): 0
		TTL: 38
		Protocol: Unknown
		Checksum: Incorrect (0xf8b0)
		Sender IP: 64.5.0.16
		Dest IP: 0.0.0.0

Packet number: 539  Packet Len: 1294

	Ethernet Header
		Dest MAC: 34:c9:3d:d:55:9d
		Source MAC: a0:7f:8a:2f:ab:cf
		Type: IPv6

	IP Header
		IP PDU Len: 0
		Header Len (bytes): 0
		TTL: 38
		Protocol: Unknown
		Checksum: Incorrect (0xf8b0)
		Sender IP: 64.5.0.16
		Dest IP: 0.0.0.0

Packet number: 540  Packet Len: 1294

	Ethernet Header
		Dest MAC: 34:c9:3d:d:55:9d
		Source MAC: a0:7f:8a:2f:ab:cf
		Type: IPv6

	IP Header
		IP PDU Len: 0
		Header Len (bytes): 0
		TTL: 38
		Protocol: Unknown
		Checksum: Incorrect (0xf8b0)
		Sender IP: 64.5.0.16
		Dest IP: 0.0.0.0

Packet number: 541  Packet Len: 1294

	Ethernet Header
		Dest MAC: 34:c9:3d:d:55:9d
		Source MAC: a0:7f:8a:2f:ab:cf
		Type: IPv6

	IP Header
		IP PDU Len: 0
		Header Len (bytes): 0
		TTL: 38
		Protocol: Unknown
		Checksum: Incorrect (0xf8b0)
		Sender IP: 64.5.0.16
		Dest IP: 0.0.0.0

Packet number: 542  Packet Len: 1294

	Ethernet Header
		Dest MAC: 34:c9:3d:d:55:9d
		Source MAC: a0:7f:8a:2f:ab:cf
		Type: IPv6

	IP Header
		IP PDU Len: 0
		Header Len (bytes): 0
		TTL: 38
		Protocol: Unknown
		Checksum: Incorrect (0xf8b0)
		Sender IP: 64.5.0.16
		Dest IP: 0.0.0.0

Packet number: 543  Packet Len: 1294

	Ethernet Header
		Dest MAC: 34:c9:3d:d:55:9d
		Source MAC: a0:7f:8a:2f:ab:cf
		Type: IPv6

	IP Header
		IP PDU Len: 0
		Header Len (bytes): 0
		TTL: 38
		Protocol: Unknown
		Checksum: Incorrect (0xf8b0)
		Sender IP: 64.5.0.16
		Dest IP: 0.0.0.0

Packet number: 544  Packet Len: 1294

	Ethernet Header
		Dest MAC: 34:c9:3d:d:55:9d
		Source MAC: a0:7f:8a:2f:ab:cf
		Type: IPv6

	IP Header
		IP PDU Len: 0
		Header Len (bytes): 0
		TTL: 38
		Protocol: Unknown
		Checksum: Incorrect (0xf8b0)
		Sender IP: 64.5.0.16
		Dest IP: 0.0.0.0

Packet number: 545  Packet Len: 1294

	Ethernet Header
		Dest MAC: 34:c9:3d:d:55:9d
		Source MAC: a0:7f:8a:2f:ab:cf
		Type: IPv6

	IP Header
		IP PDU Len: 0
		Header Len (bytes): 0
		TTL: 38
		Protocol: Unknown
		Checksum: Incorrect (0xf8b0)
		Sender IP: 64.5.0.16
		Dest IP: 0.0.0.0

Packet number: 546  Packet Len: 1294

	Ethernet Header
		Dest MAC: 34:c9:3d:d:55:9d
		Source MAC: a0:7f:8a:2f:ab:cf
		Type: IPv6

	IP Header
		IP PDU Len: 0
		Header Len (bytes): 0
		TTL: 38
		Protocol: Unknown
		Checksum: Incorrect (0xf8b0)
		Sender IP: 64.5.0.16
		Dest IP: 0.0.0.0

Packet number: 547  Packet Len: 1294

	Ethernet Header
		Dest MAC: 34:c9:3d:d:55:9d
		Source MAC: a0:7f:8a:2f:ab:cf
		Type: IPv6

	IP Header
		IP PDU Len: 0
		Header Len (bytes): 0
		TTL: 38
		Protocol: Unknown
		Checksum: Incorrect (0xf8b0)
		Sender IP: 64.5.0.16
		Dest IP: 0.0.0.0

Packet number: 548  Packet Len: 1294

	Ethernet Header
		Dest MAC: 34:c9:3d:d:55:9d
		Source MAC: a0:7f:8a:2f:ab:cf
		Type: IPv6

	IP Header
		IP PDU Len: 0
		Header Len (bytes): 0
		TTL: 38
		Protocol: Unknown
		Checksum: Incorrect (0xf8b0)
		Sender IP: 64.5.0.16
		Dest IP: 0.0.0.0

Packet number: 549  Packet Len: 1294

	Ethernet Header
		Dest MAC: 34:c9:3d:d:55:9d
		Source MAC: a0:7f:8a:2f:ab:cf
		Type: IPv6

	IP Header
		IP PDU Len: 0
		Header Len (bytes): 0
		TTL: 38
		Protocol: Unknown
		Checksum: Incorrect (0xf8b0)
		Sender IP: 64.5.0.16
		Dest IP: 0.0.0.0

Packet number: 550  Packet Len: 1294

	Ethernet Header
		Dest MAC: 34:c9:3d:d:55:9d
		Source MAC: a0:7f:8a:2f:ab:cf
		Type: IPv6

	IP Header
		IP PDU Len: 0
		Header Len (bytes): 0
		TTL: 38
		Protocol: Unknown
		Checksum: Incorrect (0xf8b0)
		Sender IP: 64.5.0.16
		Dest IP: 0.0.0.0

Packet number: 551  Packet Len: 1294

	Ethernet Header
		Dest MAC: 34:c9:3d:d:55:9d
		Source MAC: a0:7f:8a:2f:ab:cf
		Type: IPv6

	IP Header
		IP PDU Len: 0
		Header Len (bytes): 0
		TTL: 38
		Protocol: Unknown
		Checksum: Incorrect (0xf8b0)
		Sender IP: 64.5.0.16
		Dest IP: 0.0.0.0

Packet number: 552  Packet Len: 1294

	Ethernet Header
		Dest MAC: 34:c9:3d:d:55:9d
		Source MAC: a0:7f:8a:2f:ab:cf
		Type: IPv6

	IP Header
		IP PDU Len: 0
		Header Len (bytes): 0
		TTL: 38
		Protocol: Unknown
		Checksum: Incorrect (0xf8b0)
		Sender IP: 64.5.0.16
		Dest IP: 0.0.0.0

Packet number: 553  Packet Len: 1294

	Ethernet Header
		Dest MAC: 34:c9:3d:d:55:9d
		Source MAC: a0:7f:8a:2f:ab:cf
		Type: IPv6

	IP Header
		IP PDU Len: 0
		Header Len (bytes): 0
		TTL: 38
		Protocol: Unknown
		Checksum: Incorrect (0xf8b0)
		Sender IP: 64.5.0.16
		Dest IP: 0.0.0.0

Packet number: 554  Packet Len: 1294

	Ethernet Header
		Dest MAC: 34:c9:3d:d:55:9d
		Source MAC: a0:7f:8a:2f:ab:cf
		Type: IPv6

	IP Header
		IP PDU Len: 0
		Header Len (bytes): 0
		TTL: 38
		Protocol: Unknown
		Checksum: Incorrect (0xf8b0)
		Sender IP: 64.5.0.16
		Dest IP: 0.0.0.0

Packet number: 555  Packet Len: 95

	Ethernet Header
		Dest MAC: a0:7f:8a:2f:ab:cf
		Source MAC: 34:c9:3d:d:55:9d
		Type: IPv6

	IP Header
		IP PDU Len: 10831
		Header Len (bytes): 0
		TTL: 38
		Protocol: Unknown
		Checksum: Incorrect (0x6c52)
		Sender IP: 125.240.137.160
		Dest IP: 173.18.185.215

Packet number: 556  Packet Len: 1294

	Ethernet Header
		Dest MAC: 34:c9:3d:d:55:9d
		Source MAC: a0:7f:8a:2f:ab:cf
		Type: IPv6

	IP Header
		IP PDU Len: 0
		Header Len (bytes): 0
		TTL: 38
		Protocol: Unknown
		Checksum: Incorrect (0xf8b0)
		Sender IP: 64.5.0.16
		Dest IP: 0.0.0.0

Packet number: 557  Packet Len: 1294

	Ethernet Header
		Dest MAC: 34:c9:3d:d:55:9d
		Source MAC: a0:7f:8a:2f:ab:cf
		Type: IPv6

	IP Header
		IP PDU Len: 0
		Header Len (bytes): 0
		TTL: 38
		Protocol: Unknown
		Checksum: Incorrect (0xf8b0)
		Sender IP: 64.5.0.16
		Dest IP: 0.0.0.0

Packet number: 558  Packet Len: 1294

	Ethernet Header
		Dest MAC: 34:c9:3d:d:55:9d
		Source MAC: a0:7f:8a:2f:ab:cf
		Type: IPv6

	IP Header
		IP PDU Len: 0
		Header Len (bytes): 0
		TTL: 38
		Protocol: Unknown
		Checksum: Incorrect (0xf8b0)
		Sender IP: 64.5.0.16
		Dest IP: 0.0.0.0

Packet number: 559  Packet Len: 1294

	Ethernet Header
		Dest MAC: 34:c9:3d:d:55:9d
		Source MAC: a0:7f:8a:2f:ab:cf
		Type: IPv6

	IP Header
		IP PDU Len: 0
		Header Len (bytes): 0
		TTL: 38
		Protocol: Unknown
		Checksum: Incorrect (0xf8b0)
		Sender IP: 64.5.0.16
		Dest IP: 0.0.0.0

Packet number: 560  Packet Len: 1294

	Ethernet Header
		Dest MAC: 34:c9:3d:d:55:9d
		Source MAC: a0:7f:8a:2f:ab:cf
		Type: IPv6

	IP Header
		IP PDU Len: 0
		Header Len (bytes): 0
		TTL: 38
		Protocol: Unknown
		Checksum: Incorrect (0xf8b0)
		Sender IP: 64.5.0.16
		Dest IP: 0.0.0.0

Packet number: 561  Packet Len: 1294

	Ethernet Header
		Dest MAC: 34:c9:3d:d:55:9d
		Source MAC: a0:7f:8a:2f:ab:cf
		Type: IPv6

	IP Header
		IP PDU Len: 0
		Header Len (bytes): 0
		TTL: 38
		Protocol: Unknown
		Checksum: Incorrect (0xf8b0)
		Sender IP: 64.5.0.16
		Dest IP: 0.0.0.0

Packet number: 562  Packet Len: 1294

	Ethernet Header
		Dest MAC: 34:c9:3d:d:55:9d
		Source MAC: a0:7f:8a:2f:ab:cf
		Type: IPv6

	IP Header
		IP PDU Len: 0
		Header Len (bytes): 0
		TTL: 38
		Protocol: Unknown
		Checksum: Incorrect (0xf8b0)
		Sender IP: 64.5.0.16
		Dest IP: 0.0.0.0

Packet number: 563  Packet Len: 1294

	Ethernet Header
		Dest MAC: 34:c9:3d:d:55:9d
		Source MAC: a0:7f:8a:2f:ab:cf
		Type: IPv6

	IP Header
		IP PDU Len: 0
		Header Len (bytes): 0
		TTL: 38
		Protocol: Unknown
		Checksum: Incorrect (0xf8b0)
		Sender IP: 64.5.0.16
		Dest IP: 0.0.0.0

Packet number: 564  Packet Len: 1294

	Ethernet Header
		Dest MAC: 34:c9:3d:d:55:9d
		Source MAC: a0:7f:8a:2f:ab:cf
		Type: IPv6

	IP Header
		IP PDU Len: 0
		Header Len (bytes): 0
		TTL: 38
		Protocol: Unknown
		Checksum: Incorrect (0xf8b0)
		Sender IP: 64.5.0.16
		Dest IP: 0.0.0.0

Packet number: 565  Packet Len: 1294

	Ethernet Header
		Dest MAC: 34:c9:3d:d:55:9d
		Source MAC: a0:7f:8a:2f:ab:cf
		Type: IPv6

	IP Header
		IP PDU Len: 0
		Header Len (bytes): 0
		TTL: 38
		Protocol: Unknown
		Checksum: Incorrect (0xf8b0)
		Sender IP: 64.5.0.16
		Dest IP: 0.0.0.0

Packet number: 566  Packet Len: 1294

	Ethernet Header
		Dest MAC: 34:c9:3d:d:55:9d
		Source MAC: a0:7f:8a:2f:ab:cf
		Type: IPv6

	IP Header
		IP PDU Len: 0
		Header Len (bytes): 0
		TTL: 38
		Protocol: Unknown
		Checksum: Incorrect (0xf8b0)
		Sender IP: 64.5.0.16
		Dest IP: 0.0.0.0

Packet number: 567  Packet Len: 1294

	Ethernet Header
		Dest MAC: 34:c9:3d:d:55:9d
		Source MAC: a0:7f:8a:2f:ab:cf
		Type: IPv6

	IP Header
		IP PDU Len: 0
		Header Len (bytes): 0
		TTL: 38
		Protocol: Unknown
		Checksum: Incorrect (0xf8b0)
		Sender IP: 64.5.0.16
		Dest IP: 0.0.0.0

Packet number: 568  Packet Len: 1294

	Ethernet Header
		Dest MAC: 34:c9:3d:d:55:9d
		Source MAC: a0:7f:8a:2f:ab:cf
		Type: IPv6

	IP Header
		IP PDU Len: 0
		Header Len (bytes): 0
		TTL: 38
		Protocol: Unknown
		Checksum: Incorrect (0xf8b0)
		Sender IP: 64.5.0.16
		Dest IP: 0.0.0.0

Packet number: 569  Packet Len: 1294

	Ethernet Header
		Dest MAC: 34:c9:3d:d:55:9d
		Source MAC: a0:7f:8a:2f:ab:cf
		Type: IPv6

	IP Header
		IP PDU Len: 0
		Header Len (bytes): 0
		TTL: 38
		Protocol: Unknown
		Checksum: Incorrect (0xf8b0)
		Sender IP: 64.5.0.16
		Dest IP: 0.0.0.0

Packet number: 570  Packet Len: 1294

	Ethernet Header
		Dest MAC: 34:c9:3d:d:55:9d
		Source MAC: a0:7f:8a:2f:ab:cf
		Type: IPv6

	IP Header
		IP PDU Len: 0
		Header Len (bytes): 0
		TTL: 38
		Protocol: Unknown
		Checksum: Incorrect (0xf8b0)
		Sender IP: 64.5.0.16
		Dest IP: 0.0.0.0

Packet number: 571  Packet Len: 1294

	Ethernet Header
		Dest MAC: 34:c9:3d:d:55:9d
		Source MAC: a0:7f:8a:2f:ab:cf
		Type: IPv6

	IP Header
		IP PDU Len: 0
		Header Len (bytes): 0
		TTL: 38
		Protocol: Unknown
		Checksum: Incorrect (0xf8b0)
		Sender IP: 64.5.0.16
		Dest IP: 0.0.0.0

Packet number: 572  Packet Len: 1294

	Ethernet Header
		Dest MAC: 34:c9:3d:d:55:9d
		Source MAC: a0:7f:8a:2f:ab:cf
		Type: IPv6

	IP Header
		IP PDU Len: 0
		Header Len (bytes): 0
		TTL: 38
		Protocol: Unknown
		Checksum: Incorrect (0xf8b0)
		Sender IP: 64.5.0.16
		Dest IP: 0.0.0.0

Packet number: 573  Packet Len: 1294

	Ethernet Header
		Dest MAC: 34:c9:3d:d:55:9d
		Source MAC: a0:7f:8a:2f:ab:cf
		Type: IPv6

	IP Header
		IP PDU Len: 0
		Header Len (bytes): 0
		TTL: 38
		Protocol: Unknown
		Checksum: Incorrect (0xf8b0)
		Sender IP: 64.5.0.16
		Dest IP: 0.0.0.0

Packet number: 574  Packet Len: 1294

	Ethernet Header
		Dest MAC: 34:c9:3d:d:55:9d
		Source MAC: a0:7f:8a:2f:ab:cf
		Type: IPv6

	IP Header
		IP PDU Len: 0
		Header Len (bytes): 0
		TTL: 38
		Protocol: Unknown
		Checksum: Incorrect (0xf8b0)
		Sender IP: 64.5.0.16
		Dest IP: 0.0.0.0

Packet number: 575  Packet Len: 1294

	Ethernet Header
		Dest MAC: 34:c9:3d:d:55:9d
		Source MAC: a0:7f:8a:2f:ab:cf
		Type: IPv6

	IP Header
		IP PDU Len: 0
		Header Len (bytes): 0
		TTL: 38
		Protocol: Unknown
		Checksum: Incorrect (0xf8b0)
		Sender IP: 64.5.0.16
		Dest IP: 0.0.0.0

Packet number: 576  Packet Len: 1294

	Ethernet Header
		Dest MAC: 34:c9:3d:d:55:9d
		Source MAC: a0:7f:8a:2f:ab:cf
		Type: IPv6

	IP Header
		IP PDU Len: 0
		Header Len (bytes): 0
		TTL: 38
		Protocol: Unknown
		Checksum: Incorrect (0xf8b0)
		Sender IP: 64.5.0.16
		Dest IP: 0.0.0.0

Packet number: 577  Packet Len: 1294

	Ethernet Header
		Dest MAC: 34:c9:3d:d:55:9d
		Source MAC: a0:7f:8a:2f:ab:cf
		Type: IPv6

	IP Header
		IP PDU Len: 0
		Header Len (bytes): 0
		TTL: 38
		Protocol: Unknown
		Checksum: Incorrect (0xf8b0)
		Sender IP: 64.5.0.16
		Dest IP: 0.0.0.0

Packet number: 578  Packet Len: 1294

	Ethernet Header
		Dest MAC: 34:c9:3d:d:55:9d
		Source MAC: a0:7f:8a:2f:ab:cf
		Type: IPv6

	IP Header
		IP PDU Len: 0
		Header Len (bytes): 0
		TTL: 38
		Protocol: Unknown
		Checksum: Incorrect (0xf8b0)
		Sender IP: 64.5.0.16
		Dest IP: 0.0.0.0

Packet number: 579  Packet Len: 1294

	Ethernet Header
		Dest MAC: 34:c9:3d:d:55:9d
		Source MAC: a0:7f:8a:2f:ab:cf
		Type: IPv6

	IP Header
		IP PDU Len: 0
		Header Len (bytes): 0
		TTL: 38
		Protocol: Unknown
		Checksum: Incorrect (0xf8b0)
		Sender IP: 64.5.0.16
		Dest IP: 0.0.0.0

Packet number: 580  Packet Len: 1294

	Ethernet Header
		Dest MAC: 34:c9:3d:d:55:9d
		Source MAC: a0:7f:8a:2f:ab:cf
		Type: IPv6

	IP Header
		IP PDU Len: 0
		Header Len (bytes): 0
		TTL: 38
		Protocol: Unknown
		Checksum: Incorrect (0xf8b0)
		Sender IP: 64.5.0.16
		Dest IP: 0.0.0.0

Packet number: 581  Packet Len: 1294

	Ethernet Header
		Dest MAC: 34:c9:3d:d:55:9d
		Source MAC: a0:7f:8a:2f:ab:cf
		Type: IPv6

	IP Header
		IP PDU Len: 0
		Header Len (bytes): 0
		TTL: 38
		Protocol: Unknown
		Checksum: Incorrect (0xf8b0)
		Sender IP: 64.5.0.16
		Dest IP: 0.0.0.0

Packet number: 582  Packet Len: 1294

	Ethernet Header
		Dest MAC: 34:c9:3d:d:55:9d
		Source MAC: a0:7f:8a:2f:ab:cf
		Type: IPv6

	IP Header
		IP PDU Len: 0
		Header Len (bytes): 0
		TTL: 38
		Protocol: Unknown
		Checksum: Incorrect (0xf8b0)
		Sender IP: 64.5.0.16
		Dest IP: 0.0.0.0

Packet number: 583  Packet Len: 1294

	Ethernet Header
		Dest MAC: 34:c9:3d:d:55:9d
		Source MAC: a0:7f:8a:2f:ab:cf
		Type: IPv6

	IP Header
		IP PDU Len: 0
		Header Len (bytes): 0
		TTL: 38
		Protocol: Unknown
		Checksum: Incorrect (0xf8b0)
		Sender IP: 64.5.0.16
		Dest IP: 0.0.0.0

Packet number: 584  Packet Len: 1294

	Ethernet Header
		Dest MAC: 34:c9:3d:d:55:9d
		Source MAC: a0:7f:8a:2f:ab:cf
		Type: IPv6

	IP Header
		IP PDU Len: 0
		Header Len (bytes): 0
		TTL: 38
		Protocol: Unknown
		Checksum: Incorrect (0xf8b0)
		Sender IP: 64.5.0.16
		Dest IP: 0.0.0.0

Packet number: 585  Packet Len: 1294

	Ethernet Header
		Dest MAC: 34:c9:3d:d:55:9d
		Source MAC: a0:7f:8a:2f:ab:cf
		Type: IPv6

	IP Header
		IP PDU Len: 0
		Header Len (bytes): 0
		TTL: 38
		Protocol: Unknown
		Checksum: Incorrect (0xf8b0)
		Sender IP: 64.5.0.16
		Dest IP: 0.0.0.0

Packet number: 586  Packet Len: 1294

	Ethernet Header
		Dest MAC: 34:c9:3d:d:55:9d
		Source MAC: a0:7f:8a:2f:ab:cf
		Type: IPv6

	IP Header
		IP PDU Len: 0
		Header Len (bytes): 0
		TTL: 38
		Protocol: Unknown
		Checksum: Incorrect (0xf8b0)
		Sender IP: 64.5.0.16
		Dest IP: 0.0.0.0

Packet number: 587  Packet Len: 1294

	Ethernet Header
		Dest MAC: 34:c9:3d:d:55:9d
		Source MAC: a0:7f:8a:2f:ab:cf
		Type: IPv6

	IP Header
		IP PDU Len: 0
		Header Len (bytes): 0
		TTL: 38
		Protocol: Unknown
		Checksum: Incorrect (0xf8b0)
		Sender IP: 64.5.0.16
		Dest IP: 0.0.0.0

Packet number: 588  Packet Len: 1294

	Ethernet Header
		Dest MAC: 34:c9:3d:d:55:9d
		Source MAC: a0:7f:8a:2f:ab:cf
		Type: IPv6

	IP Header
		IP PDU Len: 0
		Header Len (bytes): 0
		TTL: 38
		Protocol: Unknown
		Checksum: Incorrect (0xf8b0)
		Sender IP: 64.5.0.16
		Dest IP: 0.0.0.0

Packet number: 589  Packet Len: 1294

	Ethernet Header
		Dest MAC: 34:c9:3d:d:55:9d
		Source MAC: a0:7f:8a:2f:ab:cf
		Type: IPv6

	IP Header
		IP PDU Len: 0
		Header Len (bytes): 0
		TTL: 38
		Protocol: Unknown
		Checksum: Incorrect (0xf8b0)
		Sender IP: 64.5.0.16
		Dest IP: 0.0.0.0

Packet number: 590  Packet Len: 1294

	Ethernet Header
		Dest MAC: 34:c9:3d:d:55:9d
		Source MAC: a0:7f:8a:2f:ab:cf
		Type: IPv6

	IP Header
		IP PDU Len: 0
		Header Len (bytes): 0
		TTL: 38
		Protocol: Unknown
		Checksum: Incorrect (0xf8b0)
		Sender IP: 64.5.0.16
		Dest IP: 0.0.0.0

Packet number: 591  Packet Len: 1294

	Ethernet Header
		Dest MAC: 34:c9:3d:d:55:9d
		Source MAC: a0:7f:8a:2f:ab:cf
		Type: IPv6

	IP Header
		IP PDU Len: 0
		Header Len (bytes): 0
		TTL: 38
		Protocol: Unknown
		Checksum: Incorrect (0xf8b0)
		Sender IP: 64.5.0.16
		Dest IP: 0.0.0.0

Packet number: 592  Packet Len: 1294

	Ethernet Header
		Dest MAC: 34:c9:3d:d:55:9d
		Source MAC: a0:7f:8a:2f:ab:cf
		Type: IPv6

	IP Header
		IP PDU Len: 0
		Header Len (bytes): 0
		TTL: 38
		Protocol: Unknown
		Checksum: Incorrect (0xf8b0)
		Sender IP: 64.5.0.16
		Dest IP: 0.0.0.0

Packet number: 593  Packet Len: 95

	Ethernet Header
		Dest MAC: a0:7f:8a:2f:ab:cf
		Source MAC: 34:c9:3d:d:55:9d
		Type: IPv6

	IP Header
		IP PDU Len: 10831
		Header Len (bytes): 0
		TTL: 38
		Protocol: Unknown
		Checksum: Incorrect (0x6c52)
		Sender IP: 125.240.137.160
		Dest IP: 173.18.185.215

Packet number: 594  Packet Len: 1294

	Ethernet Header
		Dest MAC: 34:c9:3d:d:55:9d
		Source MAC: a0:7f:8a:2f:ab:cf
		Type: IPv6

	IP Header
		IP PDU Len: 0
		Header Len (bytes): 0
		TTL: 38
		Protocol: Unknown
		Checksum: Incorrect (0xf8b0)
		Sender IP: 64.5.0.16
		Dest IP: 0.0.0.0

Packet number: 595  Packet Len: 1294

	Ethernet Header
		Dest MAC: 34:c9:3d:d:55:9d
		Source MAC: a0:7f:8a:2f:ab:cf
		Type: IPv6

	IP Header
		IP PDU Len: 0
		Header Len (bytes): 0
		TTL: 38
		Protocol: Unknown
		Checksum: Incorrect (0xf8b0)
		Sender IP: 64.5.0.16
		Dest IP: 0.0.0.0

Packet number: 596  Packet Len: 1294

	Ethernet Header
		Dest MAC: 34:c9:3d:d:55:9d
		Source MAC: a0:7f:8a:2f:ab:cf
		Type: IPv6

	IP Header
		IP PDU Len: 0
		Header Len (bytes): 0
		TTL: 38
		Protocol: Unknown
		Checksum: Incorrect (0xf8b0)
		Sender IP: 64.5.0.16
		Dest IP: 0.0.0.0

Packet number: 597  Packet Len: 1294

	Ethernet Header
		Dest MAC: 34:c9:3d:d:55:9d
		Source MAC: a0:7f:8a:2f:ab:cf
		Type: IPv6

	IP Header
		IP PDU Len: 0
		Header Len (bytes): 0
		TTL: 38
		Protocol: Unknown
		Checksum: Incorrect (0xf8b0)
		Sender IP: 64.5.0.16
		Dest IP: 0.0.0.0

Packet number: 598  Packet Len: 1294

	Ethernet Header
		Dest MAC: 34:c9:3d:d:55:9d
		Source MAC: a0:7f:8a:2f:ab:cf
		Type: IPv6

	IP Header
		IP PDU Len: 0
		Header Len (bytes): 0
		TTL: 38
		Protocol: Unknown
		Checksum: Incorrect (0xf8b0)
		Sender IP: 64.5.0.16
		Dest IP: 0.0.0.0

Packet number: 599  Packet Len: 1294

	Ethernet Header
		Dest MAC: 34:c9:3d:d:55:9d
		Source MAC: a0:7f:8a:2f:ab:cf
		Type: IPv6

	IP Header
		IP PDU Len: 0
		Header Len (bytes): 0
		TTL: 38
		Protocol: Unknown
		Checksum: Incorrect (0xf8b0)
		Sender IP: 64.5.0.16
		Dest IP: 0.0.0.0

Packet number: 600  Packet Len: 1294

	Ethernet Header
		Dest MAC: 34:c9:3d:d:55:9d
		Source MAC: a0:7f:8a:2f:ab:cf
		Type: IPv6

	IP Header
		IP PDU Len: 0
		Header Len (bytes): 0
		TTL: 38
		Protocol: Unknown
		Checksum: Incorrect (0xf8b0)
		Sender IP: 64.5.0.16
		Dest IP: 0.0.0.0

Packet number: 601  Packet Len: 1294

	Ethernet Header
		Dest MAC: 34:c9:3d:d:55:9d
		Source MAC: a0:7f:8a:2f:ab:cf
		Type: IPv6

	IP Header
		IP PDU Len: 0
		Header Len (bytes): 0
		TTL: 38
		Protocol: Unknown
		Checksum: Incorrect (0xf8b0)
		Sender IP: 64.5.0.16
		Dest IP: 0.0.0.0

Packet number: 602  Packet Len: 1294

	Ethernet Header
		Dest MAC: 34:c9:3d:d:55:9d
		Source MAC: a0:7f:8a:2f:ab:cf
		Type: IPv6

	IP Header
		IP PDU Len: 0
		Header Len (bytes): 0
		TTL: 38
		Protocol: Unknown
		Checksum: Incorrect (0xf8b0)
		Sender IP: 64.5.0.16
		Dest IP: 0.0.0.0

Packet number: 603  Packet Len: 1294

	Ethernet Header
		Dest MAC: 34:c9:3d:d:55:9d
		Source MAC: a0:7f:8a:2f:ab:cf
		Type: IPv6

	IP Header
		IP PDU Len: 0
		Header Len (bytes): 0
		TTL: 38
		Protocol: Unknown
		Checksum: Incorrect (0xf8b0)
		Sender IP: 64.5.0.16
		Dest IP: 0.0.0.0

Packet number: 604  Packet Len: 1294

	Ethernet Header
		Dest MAC: 34:c9:3d:d:55:9d
		Source MAC: a0:7f:8a:2f:ab:cf
		Type: IPv6

	IP Header
		IP PDU Len: 0
		Header Len (bytes): 0
		TTL: 38
		Protocol: Unknown
		Checksum: Incorrect (0xf8b0)
		Sender IP: 64.5.0.16
		Dest IP: 0.0.0.0

Packet number: 605  Packet Len: 1294

	Ethernet Header
		Dest MAC: 34:c9:3d:d:55:9d
		Source MAC: a0:7f:8a:2f:ab:cf
		Type: IPv6

	IP Header
		IP PDU Len: 0
		Header Len (bytes): 0
		TTL: 38
		Protocol: Unknown
		Checksum: Incorrect (0xf8b0)
		Sender IP: 64.5.0.16
		Dest IP: 0.0.0.0

Packet number: 606  Packet Len: 1294

	Ethernet Header
		Dest MAC: 34:c9:3d:d:55:9d
		Source MAC: a0:7f:8a:2f:ab:cf
		Type: IPv6

	IP Header
		IP PDU Len: 0
		Header Len (bytes): 0
		TTL: 38
		Protocol: Unknown
		Checksum: Incorrect (0xf8b0)
		Sender IP: 64.5.0.16
		Dest IP: 0.0.0.0

Packet number: 607  Packet Len: 1294

	Ethernet Header
		Dest MAC: 34:c9:3d:d:55:9d
		Source MAC: a0:7f:8a:2f:ab:cf
		Type: IPv6

	IP Header
		IP PDU Len: 0
		Header Len (bytes): 0
		TTL: 38
		Protocol: Unknown
		Checksum: Incorrect (0xf8b0)
		Sender IP: 64.5.0.16
		Dest IP: 0.0.0.0

Packet number: 608  Packet Len: 1294

	Ethernet Header
		Dest MAC: 34:c9:3d:d:55:9d
		Source MAC: a0:7f:8a:2f:ab:cf
		Type: IPv6

	IP Header
		IP PDU Len: 0
		Header Len (bytes): 0
		TTL: 38
		Protocol: Unknown
		Checksum: Incorrect (0xf8b0)
		Sender IP: 64.5.0.16
		Dest IP: 0.0.0.0

Packet number: 609  Packet Len: 1294

	Ethernet Header
		Dest MAC: 34:c9:3d:d:55:9d
		Source MAC: a0:7f:8a:2f:ab:cf
		Type: IPv6

	IP Header
		IP PDU Len: 0
		Header Len (bytes): 0
		TTL: 38
		Protocol: Unknown
		Checksum: Incorrect (0xf8b0)
		Sender IP: 64.5.0.16
		Dest IP: 0.0.0.0

Packet number: 610  Packet Len: 1294

	Ethernet Header
		Dest MAC: 34:c9:3d:d:55:9d
		Source MAC: a0:7f:8a:2f:ab:cf
		Type: IPv6

	IP Header
		IP PDU Len: 0
		Header Len (bytes): 0
		TTL: 38
		Protocol: Unknown
		Checksum: Incorrect (0xf8b0)
		Sender IP: 64.5.0.16
		Dest IP: 0.0.0.0

Packet number: 611  Packet Len: 1294

	Ethernet Header
		Dest MAC: 34:c9:3d:d:55:9d
		Source MAC: a0:7f:8a:2f:ab:cf
		Type: IPv6

	IP Header
		IP PDU Len: 0
		Header Len (bytes): 0
		TTL: 38
		Protocol: Unknown
		Checksum: Incorrect (0xf8b0)
		Sender IP: 64.5.0.16
		Dest IP: 0.0.0.0

Packet number: 612  Packet Len: 1294

	Ethernet Header
		Dest MAC: 34:c9:3d:d:55:9d
		Source MAC: a0:7f:8a:2f:ab:cf
		Type: IPv6

	IP Header
		IP PDU Len: 0
		Header Len (bytes): 0
		TTL: 38
		Protocol: Unknown
		Checksum: Incorrect (0xf8b0)
		Sender IP: 64.5.0.16
		Dest IP: 0.0.0.0

Packet number: 613  Packet Len: 1294

	Ethernet Header
		Dest MAC: 34:c9:3d:d:55:9d
		Source MAC: a0:7f:8a:2f:ab:cf
		Type: IPv6

	IP Header
		IP PDU Len: 0
		Header Len (bytes): 0
		TTL: 38
		Protocol: Unknown
		Checksum: Incorrect (0xf8b0)
		Sender IP: 64.5.0.16
		Dest IP: 0.0.0.0

Packet number: 614  Packet Len: 1294

	Ethernet Header
		Dest MAC: 34:c9:3d:d:55:9d
		Source MAC: a0:7f:8a:2f:ab:cf
		Type: IPv6

	IP Header
		IP PDU Len: 0
		Header Len (bytes): 0
		TTL: 38
		Protocol: Unknown
		Checksum: Incorrect (0xf8b0)
		Sender IP: 64.5.0.16
		Dest IP: 0.0.0.0

Packet number: 615  Packet Len: 1294

	Ethernet Header
		Dest MAC: 34:c9:3d:d:55:9d
		Source MAC: a0:7f:8a:2f:ab:cf
		Type: IPv6

	IP Header
		IP PDU Len: 0
		Header Len (bytes): 0
		TTL: 38
		Protocol: Unknown
		Checksum: Incorrect (0xf8b0)
		Sender IP: 64.5.0.16
		Dest IP: 0.0.0.0

Packet number: 616  Packet Len: 1294

	Ethernet Header
		Dest MAC: 34:c9:3d:d:55:9d
		Source MAC: a0:7f:8a:2f:ab:cf
		Type: IPv6

	IP Header
		IP PDU Len: 0
		Header Len (bytes): 0
		TTL: 38
		Protocol: Unknown
		Checksum: Incorrect (0xf8b0)
		Sender IP: 64.5.0.16
		Dest IP: 0.0.0.0

Packet number: 617  Packet Len: 1294

	Ethernet Header
		Dest MAC: 34:c9:3d:d:55:9d
		Source MAC: a0:7f:8a:2f:ab:cf
		Type: IPv6

	IP Header
		IP PDU Len: 0
		Header Len (bytes): 0
		TTL: 38
		Protocol: Unknown
		Checksum: Incorrect (0xf8b0)
		Sender IP: 64.5.0.16
		Dest IP: 0.0.0.0

Packet number: 618  Packet Len: 95

	Ethernet Header
		Dest MAC: a0:7f:8a:2f:ab:cf
		Source MAC: 34:c9:3d:d:55:9d
		Type: IPv6

	IP Header
		IP PDU Len: 10831
		Header Len (bytes): 0
		TTL: 38
		Protocol: Unknown
		Checksum: Incorrect (0x6c52)
		Sender IP: 125.240.137.160
		Dest IP: 173.18.185.215

Packet number: 619  Packet Len: 1294

	Ethernet Header
		Dest MAC: 34:c9:3d:d:55:9d
		Source MAC: a0:7f:8a:2f:ab:cf
		Type: IPv6

	IP Header
		IP PDU Len: 0
		Header Len (bytes): 0
		TTL: 38
		Protocol: Unknown
		Checksum: Incorrect (0xf8b0)
		Sender IP: 64.5.0.16
		Dest IP: 0.0.0.0

Packet number: 620  Packet Len: 1294

	Ethernet Header
		Dest MAC: 34:c9:3d:d:55:9d
		Source MAC: a0:7f:8a:2f:ab:cf
		Type: IPv6

	IP Header
		IP PDU Len: 0
		Header Len (bytes): 0
		TTL: 38
		Protocol: Unknown
		Checksum: Incorrect (0xf8b0)
		Sender IP: 64.5.0.16
		Dest IP: 0.0.0.0

Packet number: 621  Packet Len: 1294

	Ethernet Header
		Dest MAC: 34:c9:3d:d:55:9d
		Source MAC: a0:7f:8a:2f:ab:cf
		Type: IPv6

	IP Header
		IP PDU Len: 0
		Header Len (bytes): 0
		TTL: 38
		Protocol: Unknown
		Checksum: Incorrect (0xf8b0)
		Sender IP: 64.5.0.16
		Dest IP: 0.0.0.0

Packet number: 622  Packet Len: 1294

	Ethernet Header
		Dest MAC: 34:c9:3d:d:55:9d
		Source MAC: a0:7f:8a:2f:ab:cf
		Type: IPv6

	IP Header
		IP PDU Len: 0
		Header Len (bytes): 0
		TTL: 38
		Protocol: Unknown
		Checksum: Incorrect (0xf8b0)
		Sender IP: 64.5.0.16
		Dest IP: 0.0.0.0

Packet number: 623  Packet Len: 1294

	Ethernet Header
		Dest MAC: 34:c9:3d:d:55:9d
		Source MAC: a0:7f:8a:2f:ab:cf
		Type: IPv6

	IP Header
		IP PDU Len: 0
		Header Len (bytes): 0
		TTL: 38
		Protocol: Unknown
		Checksum: Incorrect (0xf8b0)
		Sender IP: 64.5.0.16
		Dest IP: 0.0.0.0

Packet number: 624  Packet Len: 1294

	Ethernet Header
		Dest MAC: 34:c9:3d:d:55:9d
		Source MAC: a0:7f:8a:2f:ab:cf
		Type: IPv6

	IP Header
		IP PDU Len: 0
		Header Len (bytes): 0
		TTL: 38
		Protocol: Unknown
		Checksum: Incorrect (0xf8b0)
		Sender IP: 64.5.0.16
		Dest IP: 0.0.0.0

Packet number: 625  Packet Len: 1294

	Ethernet Header
		Dest MAC: 34:c9:3d:d:55:9d
		Source MAC: a0:7f:8a:2f:ab:cf
		Type: IPv6

	IP Header
		IP PDU Len: 0
		Header Len (bytes): 0
		TTL: 38
		Protocol: Unknown
		Checksum: Incorrect (0xf8b0)
		Sender IP: 64.5.0.16
		Dest IP: 0.0.0.0

Packet number: 626  Packet Len: 1294

	Ethernet Header
		Dest MAC: 34:c9:3d:d:55:9d
		Source MAC: a0:7f:8a:2f:ab:cf
		Type: IPv6

	IP Header
		IP PDU Len: 0
		Header Len (bytes): 0
		TTL: 38
		Protocol: Unknown
		Checksum: Incorrect (0xf8b0)
		Sender IP: 64.5.0.16
		Dest IP: 0.0.0.0

Packet number: 627  Packet Len: 1294

	Ethernet Header
		Dest MAC: 34:c9:3d:d:55:9d
		Source MAC: a0:7f:8a:2f:ab:cf
		Type: IPv6

	IP Header
		IP PDU Len: 0
		Header Len (bytes): 0
		TTL: 38
		Protocol: Unknown
		Checksum: Incorrect (0xf8b0)
		Sender IP: 64.5.0.16
		Dest IP: 0.0.0.0

Packet number: 628  Packet Len: 1294

	Ethernet Header
		Dest MAC: 34:c9:3d:d:55:9d
		Source MAC: a0:7f:8a:2f:ab:cf
		Type: IPv6

	IP Header
		IP PDU Len: 0
		Header Len (bytes): 0
		TTL: 38
		Protocol: Unknown
		Checksum: Incorrect (0xf8b0)
		Sender IP: 64.5.0.16
		Dest IP: 0.0.0.0

Packet number: 629  Packet Len: 1294

	Ethernet Header
		Dest MAC: 34:c9:3d:d:55:9d
		Source MAC: a0:7f:8a:2f:ab:cf
		Type: IPv6

	IP Header
		IP PDU Len: 0
		Header Len (bytes): 0
		TTL: 38
		Protocol: Unknown
		Checksum: Incorrect (0xf8b0)
		Sender IP: 64.5.0.16
		Dest IP: 0.0.0.0

Packet number: 630  Packet Len: 1294

	Ethernet Header
		Dest MAC: 34:c9:3d:d:55:9d
		Source MAC: a0:7f:8a:2f:ab:cf
		Type: IPv6

	IP Header
		IP PDU Len: 0
		Header Len (bytes): 0
		TTL: 38
		Protocol: Unknown
		Checksum: Incorrect (0xf8b0)
		Sender IP: 64.5.0.16
		Dest IP: 0.0.0.0

Packet number: 631  Packet Len: 1294

	Ethernet Header
		Dest MAC: 34:c9:3d:d:55:9d
		Source MAC: a0:7f:8a:2f:ab:cf
		Type: IPv6

	IP Header
		IP PDU Len: 0
		Header Len (bytes): 0
		TTL: 38
		Protocol: Unknown
		Checksum: Incorrect (0xf8b0)
		Sender IP: 64.5.0.16
		Dest IP: 0.0.0.0

Packet number: 632  Packet Len: 1294

	Ethernet Header
		Dest MAC: 34:c9:3d:d:55:9d
		Source MAC: a0:7f:8a:2f:ab:cf
		Type: IPv6

	IP Header
		IP PDU Len: 0
		Header Len (bytes): 0
		TTL: 38
		Protocol: Unknown
		Checksum: Incorrect (0xf8b0)
		Sender IP: 64.5.0.16
		Dest IP: 0.0.0.0

Packet number: 633  Packet Len: 1294

	Ethernet Header
		Dest MAC: 34:c9:3d:d:55:9d
		Source MAC: a0:7f:8a:2f:ab:cf
		Type: IPv6

	IP Header
		IP PDU Len: 0
		Header Len (bytes): 0
		TTL: 38
		Protocol: Unknown
		Checksum: Incorrect (0xf8b0)
		Sender IP: 64.5.0.16
		Dest IP: 0.0.0.0

Packet number: 634  Packet Len: 1294

	Ethernet Header
		Dest MAC: 34:c9:3d:d:55:9d
		Source MAC: a0:7f:8a:2f:ab:cf
		Type: IPv6

	IP Header
		IP PDU Len: 0
		Header Len (bytes): 0
		TTL: 38
		Protocol: Unknown
		Checksum: Incorrect (0xf8b0)
		Sender IP: 64.5.0.16
		Dest IP: 0.0.0.0

Packet number: 635  Packet Len: 1294

	Ethernet Header
		Dest MAC: 34:c9:3d:d:55:9d
		Source MAC: a0:7f:8a:2f:ab:cf
		Type: IPv6

	IP Header
		IP PDU Len: 0
		Header Len (bytes): 0
		TTL: 38
		Protocol: Unknown
		Checksum: Incorrect (0xf8b0)
		Sender IP: 64.5.0.16
		Dest IP: 0.0.0.0

Packet number: 636  Packet Len: 1294

	Ethernet Header
		Dest MAC: 34:c9:3d:d:55:9d
		Source MAC: a0:7f:8a:2f:ab:cf
		Type: IPv6

	IP Header
		IP PDU Len: 0
		Header Len (bytes): 0
		TTL: 38
		Protocol: Unknown
		Checksum: Incorrect (0xf8b0)
		Sender IP: 64.5.0.16
		Dest IP: 0.0.0.0

Packet number: 637  Packet Len: 1294

	Ethernet Header
		Dest MAC: 34:c9:3d:d:55:9d
		Source MAC: a0:7f:8a:2f:ab:cf
		Type: IPv6

	IP Header
		IP PDU Len: 0
		Header Len (bytes): 0
		TTL: 38
		Protocol: Unknown
		Checksum: Incorrect (0xf8b0)
		Sender IP: 64.5.0.16
		Dest IP: 0.0.0.0

Packet number: 638  Packet Len: 1294

	Ethernet Header
		Dest MAC: 34:c9:3d:d:55:9d
		Source MAC: a0:7f:8a:2f:ab:cf
		Type: IPv6

	IP Header
		IP PDU Len: 0
		Header Len (bytes): 0
		TTL: 38
		Protocol: Unknown
		Checksum: Incorrect (0xf8b0)
		Sender IP: 64.5.0.16
		Dest IP: 0.0.0.0

Packet number: 639  Packet Len: 1294

	Ethernet Header
		Dest MAC: 34:c9:3d:d:55:9d
		Source MAC: a0:7f:8a:2f:ab:cf
		Type: IPv6

	IP Header
		IP PDU Len: 0
		Header Len (bytes): 0
		TTL: 38
		Protocol: Unknown
		Checksum: Incorrect (0xf8b0)
		Sender IP: 64.5.0.16
		Dest IP: 0.0.0.0

Packet number: 640  Packet Len: 1294

	Ethernet Header
		Dest MAC: 34:c9:3d:d:55:9d
		Source MAC: a0:7f:8a:2f:ab:cf
		Type: IPv6

	IP Header
		IP PDU Len: 0
		Header Len (bytes): 0
		TTL: 38
		Protocol: Unknown
		Checksum: Incorrect (0xf8b0)
		Sender IP: 64.5.0.16
		Dest IP: 0.0.0.0

Packet number: 641  Packet Len: 1294

	Ethernet Header
		Dest MAC: 34:c9:3d:d:55:9d
		Source MAC: a0:7f:8a:2f:ab:cf
		Type: IPv6

	IP Header
		IP PDU Len: 0
		Header Len (bytes): 0
		TTL: 38
		Protocol: Unknown
		Checksum: Incorrect (0xf8b0)
		Sender IP: 64.5.0.16
		Dest IP: 0.0.0.0

Packet number: 642  Packet Len: 1294

	Ethernet Header
		Dest MAC: 34:c9:3d:d:55:9d
		Source MAC: a0:7f:8a:2f:ab:cf
		Type: IPv6

	IP Header
		IP PDU Len: 0
		Header Len (bytes): 0
		TTL: 38
		Protocol: Unknown
		Checksum: Incorrect (0xf8b0)
		Sender IP: 64.5.0.16
		Dest IP: 0.0.0.0

Packet number: 643  Packet Len: 1294

	Ethernet Header
		Dest MAC: 34:c9:3d:d:55:9d
		Source MAC: a0:7f:8a:2f:ab:cf
		Type: IPv6

	IP Header
		IP PDU Len: 0
		Header Len (bytes): 0
		TTL: 38
		Protocol: Unknown
		Checksum: Incorrect (0xf8b0)
		Sender IP: 64.5.0.16
		Dest IP: 0.0.0.0

Packet number: 644  Packet Len: 1294

	Ethernet Header
		Dest MAC: 34:c9:3d:d:55:9d
		Source MAC: a0:7f:8a:2f:ab:cf
		Type: IPv6

	IP Header
		IP PDU Len: 0
		Header Len (bytes): 0
		TTL: 38
		Protocol: Unknown
		Checksum: Incorrect (0xf8b0)
		Sender IP: 64.5.0.16
		Dest IP: 0.0.0.0

Packet number: 645  Packet Len: 1294

	Ethernet Header
		Dest MAC: 34:c9:3d:d:55:9d
		Source MAC: a0:7f:8a:2f:ab:cf
		Type: IPv6

	IP Header
		IP PDU Len: 0
		Header Len (bytes): 0
		TTL: 38
		Protocol: Unknown
		Checksum: Incorrect (0xf8b0)
		Sender IP: 64.5.0.16
		Dest IP: 0.0.0.0

Packet number: 646  Packet Len: 1294

	Ethernet Header
		Dest MAC: 34:c9:3d:d:55:9d
		Source MAC: a0:7f:8a:2f:ab:cf
		Type: IPv6

	IP Header
		IP PDU Len: 0
		Header Len (bytes): 0
		TTL: 38
		Protocol: Unknown
		Checksum: Incorrect (0xf8b0)
		Sender IP: 64.5.0.16
		Dest IP: 0.0.0.0

Packet number: 647  Packet Len: 1294

	Ethernet Header
		Dest MAC: 34:c9:3d:d:55:9d
		Source MAC: a0:7f:8a:2f:ab:cf
		Type: IPv6

	IP Header
		IP PDU Len: 0
		Header Len (bytes): 0
		TTL: 38
		Protocol: Unknown
		Checksum: Incorrect (0xf8b0)
		Sender IP: 64.5.0.16
		Dest IP: 0.0.0.0

Packet number: 648  Packet Len: 1294

	Ethernet Header
		Dest MAC: 34:c9:3d:d:55:9d
		Source MAC: a0:7f:8a:2f:ab:cf
		Type: IPv6

	IP Header
		IP PDU Len: 0
		Header Len (bytes): 0
		TTL: 38
		Protocol: Unknown
		Checksum: Incorrect (0xf8b0)
		Sender IP: 64.5.0.16
		Dest IP: 0.0.0.0

Packet number: 649  Packet Len: 1294

	Ethernet Header
		Dest MAC: 34:c9:3d:d:55:9d
		Source MAC: a0:7f:8a:2f:ab:cf
		Type: IPv6

	IP Header
		IP PDU Len: 0
		Header Len (bytes): 0
		TTL: 38
		Protocol: Unknown
		Checksum: Incorrect (0xf8b0)
		Sender IP: 64.5.0.16
		Dest IP: 0.0.0.0

Packet number: 650  Packet Len: 1294

	Ethernet Header
		Dest MAC: 34:c9:3d:d:55:9d
		Source MAC: a0:7f:8a:2f:ab:cf
		Type: IPv6

	IP Header
		IP PDU Len: 0
		Header Len (bytes): 0
		TTL: 38
		Protocol: Unknown
		Checksum: Incorrect (0xf8b0)
		Sender IP: 64.5.0.16
		Dest IP: 0.0.0.0

Packet number: 651  Packet Len: 1294

	Ethernet Header
		Dest MAC: 34:c9:3d:d:55:9d
		Source MAC: a0:7f:8a:2f:ab:cf
		Type: IPv6

	IP Header
		IP PDU Len: 0
		Header Len (bytes): 0
		TTL: 38
		Protocol: Unknown
		Checksum: Incorrect (0xf8b0)
		Sender IP: 64.5.0.16
		Dest IP: 0.0.0.0

Packet number: 652  Packet Len: 1294

	Ethernet Header
		Dest MAC: 34:c9:3d:d:55:9d
		Source MAC: a0:7f:8a:2f:ab:cf
		Type: IPv6

	IP Header
		IP PDU Len: 0
		Header Len (bytes): 0
		TTL: 38
		Protocol: Unknown
		Checksum: Incorrect (0xf8b0)
		Sender IP: 64.5.0.16
		Dest IP: 0.0.0.0

Packet number: 653  Packet Len: 1294

	Ethernet Header
		Dest MAC: 34:c9:3d:d:55:9d
		Source MAC: a0:7f:8a:2f:ab:cf
		Type: IPv6

	IP Header
		IP PDU Len: 0
		Header Len (bytes): 0
		TTL: 38
		Protocol: Unknown
		Checksum: Incorrect (0xf8b0)
		Sender IP: 64.5.0.16
		Dest IP: 0.0.0.0

Packet number: 654  Packet Len: 1294

	Ethernet Header
		Dest MAC: 34:c9:3d:d:55:9d
		Source MAC: a0:7f:8a:2f:ab:cf
		Type: IPv6

	IP Header
		IP PDU Len: 0
		Header Len (bytes): 0
		TTL: 38
		Protocol: Unknown
		Checksum: Incorrect (0xf8b0)
		Sender IP: 64.5.0.16
		Dest IP: 0.0.0.0

Packet number: 655  Packet Len: 1294

	Ethernet Header
		Dest MAC: 34:c9:3d:d:55:9d
		Source MAC: a0:7f:8a:2f:ab:cf
		Type: IPv6

	IP Header
		IP PDU Len: 0
		Header Len (bytes): 0
		TTL: 38
		Protocol: Unknown
		Checksum: Incorrect (0xf8b0)
		Sender IP: 64.5.0.16
		Dest IP: 0.0.0.0

Packet number: 656  Packet Len: 1294

	Ethernet Header
		Dest MAC: 34:c9:3d:d:55:9d
		Source MAC: a0:7f:8a:2f:ab:cf
		Type: IPv6

	IP Header
		IP PDU Len: 0
		Header Len (bytes): 0
		TTL: 38
		Protocol: Unknown
		Checksum: Incorrect (0xf8b0)
		Sender IP: 64.5.0.16
		Dest IP: 0.0.0.0

Packet number: 657  Packet Len: 1294

	Ethernet Header
		Dest MAC: 34:c9:3d:d:55:9d
		Source MAC: a0:7f:8a:2f:ab:cf
		Type: IPv6

	IP Header
		IP PDU Len: 0
		Header Len (bytes): 0
		TTL: 38
		Protocol: Unknown
		Checksum: Incorrect (0xf8b0)
		Sender IP: 64.5.0.16
		Dest IP: 0.0.0.0

Packet number: 658  Packet Len: 1294

	Ethernet Header
		Dest MAC: 34:c9:3d:d:55:9d
		Source MAC: a0:7f:8a:2f:ab:cf
		Type: IPv6

	IP Header
		IP PDU Len: 0
		Header Len (bytes): 0
		TTL: 38
		Protocol: Unknown
		Checksum: Incorrect (0xf8b0)
		Sender IP: 64.5.0.16
		Dest IP: 0.0.0.0

Packet number: 659  Packet Len: 1294

	Ethernet Header
		Dest MAC: 34:c9:3d:d:55:9d
		Source MAC: a0:7f:8a:2f:ab:cf
		Type: IPv6

	IP Header
		IP PDU Len: 0
		Header Len (bytes): 0
		TTL: 38
		Protocol: Unknown
		Checksum: Incorrect (0xf8b0)
		Sender IP: 64.5.0.16
		Dest IP: 0.0.0.0

Packet number: 660  Packet Len: 1294

	Ethernet Header
		Dest MAC: 34:c9:3d:d:55:9d
		Source MAC: a0:7f:8a:2f:ab:cf
		Type: IPv6

	IP Header
		IP PDU Len: 0
		Header Len (bytes): 0
		TTL: 38
		Protocol: Unknown
		Checksum: Incorrect (0xf8b0)
		Sender IP: 64.5.0.16
		Dest IP: 0.0.0.0

Packet number: 661  Packet Len: 1294

	Ethernet Header
		Dest MAC: 34:c9:3d:d:55:9d
		Source MAC: a0:7f:8a:2f:ab:cf
		Type: IPv6

	IP Header
		IP PDU Len: 0
		Header Len (bytes): 0
		TTL: 38
		Protocol: Unknown
		Checksum: Incorrect (0xf8b0)
		Sender IP: 64.5.0.16
		Dest IP: 0.0.0.0

Packet number: 662  Packet Len: 1294

	Ethernet Header
		Dest MAC: 34:c9:3d:d:55:9d
		Source MAC: a0:7f:8a:2f:ab:cf
		Type: IPv6

	IP Header
		IP PDU Len: 0
		Header Len (bytes): 0
		TTL: 38
		Protocol: Unknown
		Checksum: Incorrect (0xf8b0)
		Sender IP: 64.5.0.16
		Dest IP: 0.0.0.0

Packet number: 663  Packet Len: 1294

	Ethernet Header
		Dest MAC: 34:c9:3d:d:55:9d
		Source MAC: a0:7f:8a:2f:ab:cf
		Type: IPv6

	IP Header
		IP PDU Len: 0
		Header Len (bytes): 0
		TTL: 38
		Protocol: Unknown
		Checksum: Incorrect (0xf8b0)
		Sender IP: 64.5.0.16
		Dest IP: 0.0.0.0

Packet number: 664  Packet Len: 1294

	Ethernet Header
		Dest MAC: 34:c9:3d:d:55:9d
		Source MAC: a0:7f:8a:2f:ab:cf
		Type: IPv6

	IP Header
		IP PDU Len: 0
		Header Len (bytes): 0
		TTL: 38
		Protocol: Unknown
		Checksum: Incorrect (0xf8b0)
		Sender IP: 64.5.0.16
		Dest IP: 0.0.0.0

Packet number: 665  Packet Len: 1294

	Ethernet Header
		Dest MAC: 34:c9:3d:d:55:9d
		Source MAC: a0:7f:8a:2f:ab:cf
		Type: IPv6

	IP Header
		IP PDU Len: 0
		Header Len (bytes): 0
		TTL: 38
		Protocol: Unknown
		Checksum: Incorrect (0xf8b0)
		Sender IP: 64.5.0.16
		Dest IP: 0.0.0.0

Packet number: 666  Packet Len: 1294

	Ethernet Header
		Dest MAC: 34:c9:3d:d:55:9d
		Source MAC: a0:7f:8a:2f:ab:cf
		Type: IPv6

	IP Header
		IP PDU Len: 0
		Header Len (bytes): 0
		TTL: 38
		Protocol: Unknown
		Checksum: Incorrect (0xf8b0)
		Sender IP: 64.5.0.16
		Dest IP: 0.0.0.0

Packet number: 667  Packet Len: 95

	Ethernet Header
		Dest MAC: a0:7f:8a:2f:ab:cf
		Source MAC: 34:c9:3d:d:55:9d
		Type: IPv6

	IP Header
		IP PDU Len: 10831
		Header Len (bytes): 0
		TTL: 38
		Protocol: Unknown
		Checksum: Incorrect (0x6c52)
		Sender IP: 125.240.137.160
		Dest IP: 173.18.185.215

Packet number: 668  Packet Len: 1294

	Ethernet Header
		Dest MAC: 34:c9:3d:d:55:9d
		Source MAC: a0:7f:8a:2f:ab:cf
		Type: IPv6

	IP Header
		IP PDU Len: 0
		Header Len (bytes): 0
		TTL: 38
		Protocol: Unknown
		Checksum: Incorrect (0xf8b0)
		Sender IP: 64.5.0.16
		Dest IP: 0.0.0.0

Packet number: 669  Packet Len: 1294

	Ethernet Header
		Dest MAC: 34:c9:3d:d:55:9d
		Source MAC: a0:7f:8a:2f:ab:cf
		Type: IPv6

	IP Header
		IP PDU Len: 0
		Header Len (bytes): 0
		TTL: 38
		Protocol: Unknown
		Checksum: Incorrect (0xf8b0)
		Sender IP: 64.5.0.16
		Dest IP: 0.0.0.0

Packet number: 670  Packet Len: 1294

	Ethernet Header
		Dest MAC: 34:c9:3d:d:55:9d
		Source MAC: a0:7f:8a:2f:ab:cf
		Type: IPv6

	IP Header
		IP PDU Len: 0
		Header Len (bytes): 0
		TTL: 38
		Protocol: Unknown
		Checksum: Incorrect (0xf8b0)
		Sender IP: 64.5.0.16
		Dest IP: 0.0.0.0

Packet number: 671  Packet Len: 1294

	Ethernet Header
		Dest MAC: 34:c9:3d:d:55:9d
		Source MAC: a0:7f:8a:2f:ab:cf
		Type: IPv6

	IP Header
		IP PDU Len: 0
		Header Len (bytes): 0
		TTL: 38
		Protocol: Unknown
		Checksum: Incorrect (0xf8b0)
		Sender IP: 64.5.0.16
		Dest IP: 0.0.0.0

Packet number: 672  Packet Len: 1294

	Ethernet Header
		Dest MAC: 34:c9:3d:d:55:9d
		Source MAC: a0:7f:8a:2f:ab:cf
		Type: IPv6

	IP Header
		IP PDU Len: 0
		Header Len (bytes): 0
		TTL: 38
		Protocol: Unknown
		Checksum: Incorrect (0xf8b0)
		Sender IP: 64.5.0.16
		Dest IP: 0.0.0.0

Packet number: 673  Packet Len: 1294

	Ethernet Header
		Dest MAC: 34:c9:3d:d:55:9d
		Source MAC: a0:7f:8a:2f:ab:cf
		Type: IPv6

	IP Header
		IP PDU Len: 0
		Header Len (bytes): 0
		TTL: 38
		Protocol: Unknown
		Checksum: Incorrect (0xf8b0)
		Sender IP: 64.5.0.16
		Dest IP: 0.0.0.0

Packet number: 674  Packet Len: 1294

	Ethernet Header
		Dest MAC: 34:c9:3d:d:55:9d
		Source MAC: a0:7f:8a:2f:ab:cf
		Type: IPv6

	IP Header
		IP PDU Len: 0
		Header Len (bytes): 0
		TTL: 38
		Protocol: Unknown
		Checksum: Incorrect (0xf8b0)
		Sender IP: 64.5.0.16
		Dest IP: 0.0.0.0

Packet number: 675  Packet Len: 1294

	Ethernet Header
		Dest MAC: 34:c9:3d:d:55:9d
		Source MAC: a0:7f:8a:2f:ab:cf
		Type: IPv6

	IP Header
		IP PDU Len: 0
		Header Len (bytes): 0
		TTL: 38
		Protocol: Unknown
		Checksum: Incorrect (0xf8b0)
		Sender IP: 64.5.0.16
		Dest IP: 0.0.0.0

Packet number: 676  Packet Len: 1294

	Ethernet Header
		Dest MAC: 34:c9:3d:d:55:9d
		Source MAC: a0:7f:8a:2f:ab:cf
		Type: IPv6

	IP Header
		IP PDU Len: 0
		Header Len (bytes): 0
		TTL: 38
		Protocol: Unknown
		Checksum: Incorrect (0xf8b0)
		Sender IP: 64.5.0.16
		Dest IP: 0.0.0.0

Packet number: 677  Packet Len: 1294

	Ethernet Header
		Dest MAC: 34:c9:3d:d:55:9d
		Source MAC: a0:7f:8a:2f:ab:cf
		Type: IPv6

	IP Header
		IP PDU Len: 0
		Header Len (bytes): 0
		TTL: 38
		Protocol: Unknown
		Checksum: Incorrect (0xf8b0)
		Sender IP: 64.5.0.16
		Dest IP: 0.0.0.0

Packet number: 678  Packet Len: 1294

	Ethernet Header
		Dest MAC: 34:c9:3d:d:55:9d
		Source MAC: a0:7f:8a:2f:ab:cf
		Type: IPv6

	IP Header
		IP PDU Len: 0
		Header Len (bytes): 0
		TTL: 38
		Protocol: Unknown
		Checksum: Incorrect (0xf8b0)
		Sender IP: 64.5.0.16
		Dest IP: 0.0.0.0

Packet number: 679  Packet Len: 1294

	Ethernet Header
		Dest MAC: 34:c9:3d:d:55:9d
		Source MAC: a0:7f:8a:2f:ab:cf
		Type: IPv6

	IP Header
		IP PDU Len: 0
		Header Len (bytes): 0
		TTL: 38
		Protocol: Unknown
		Checksum: Incorrect (0xf8b0)
		Sender IP: 64.5.0.16
		Dest IP: 0.0.0.0

Packet number: 680  Packet Len: 1294

	Ethernet Header
		Dest MAC: 34:c9:3d:d:55:9d
		Source MAC: a0:7f:8a:2f:ab:cf
		Type: IPv6

	IP Header
		IP PDU Len: 0
		Header Len (bytes): 0
		TTL: 38
		Protocol: Unknown
		Checksum: Incorrect (0xf8b0)
		Sender IP: 64.5.0.16
		Dest IP: 0.0.0.0

Packet number: 681  Packet Len: 1294

	Ethernet Header
		Dest MAC: 34:c9:3d:d:55:9d
		Source MAC: a0:7f:8a:2f:ab:cf
		Type: IPv6

	IP Header
		IP PDU Len: 0
		Header Len (bytes): 0
		TTL: 38
		Protocol: Unknown
		Checksum: Incorrect (0xf8b0)
		Sender IP: 64.5.0.16
		Dest IP: 0.0.0.0

Packet number: 682  Packet Len: 1294

	Ethernet Header
		Dest MAC: 34:c9:3d:d:55:9d
		Source MAC: a0:7f:8a:2f:ab:cf
		Type: IPv6

	IP Header
		IP PDU Len: 0
		Header Len (bytes): 0
		TTL: 38
		Protocol: Unknown
		Checksum: Incorrect (0xf8b0)
		Sender IP: 64.5.0.16
		Dest IP: 0.0.0.0

Packet number: 683  Packet Len: 1294

	Ethernet Header
		Dest MAC: 34:c9:3d:d:55:9d
		Source MAC: a0:7f:8a:2f:ab:cf
		Type: IPv6

	IP Header
		IP PDU Len: 0
		Header Len (bytes): 0
		TTL: 38
		Protocol: Unknown
		Checksum: Incorrect (0xf8b0)
		Sender IP: 64.5.0.16
		Dest IP: 0.0.0.0

Packet number: 684  Packet Len: 1294

	Ethernet Header
		Dest MAC: 34:c9:3d:d:55:9d
		Source MAC: a0:7f:8a:2f:ab:cf
		Type: IPv6

	IP Header
		IP PDU Len: 0
		Header Len (bytes): 0
		TTL: 38
		Protocol: Unknown
		Checksum: Incorrect (0xf8b0)
		Sender IP: 64.5.0.16
		Dest IP: 0.0.0.0

Packet number: 685  Packet Len: 1294

	Ethernet Header
		Dest MAC: 34:c9:3d:d:55:9d
		Source MAC: a0:7f:8a:2f:ab:cf
		Type: IPv6

	IP Header
		IP PDU Len: 0
		Header Len (bytes): 0
		TTL: 38
		Protocol: Unknown
		Checksum: Incorrect (0xf8b0)
		Sender IP: 64.5.0.16
		Dest IP: 0.0.0.0

Packet number: 686  Packet Len: 1294

	Ethernet Header
		Dest MAC: 34:c9:3d:d:55:9d
		Source MAC: a0:7f:8a:2f:ab:cf
		Type: IPv6

	IP Header
		IP PDU Len: 0
		Header Len (bytes): 0
		TTL: 38
		Protocol: Unknown
		Checksum: Incorrect (0xf8b0)
		Sender IP: 64.5.0.16
		Dest IP: 0.0.0.0

Packet number: 687  Packet Len: 1294

	Ethernet Header
		Dest MAC: 34:c9:3d:d:55:9d
		Source MAC: a0:7f:8a:2f:ab:cf
		Type: IPv6

	IP Header
		IP PDU Len: 0
		Header Len (bytes): 0
		TTL: 38
		Protocol: Unknown
		Checksum: Incorrect (0xf8b0)
		Sender IP: 64.5.0.16
		Dest IP: 0.0.0.0

Packet number: 688  Packet Len: 1294

	Ethernet Header
		Dest MAC: 34:c9:3d:d:55:9d
		Source MAC: a0:7f:8a:2f:ab:cf
		Type: IPv6

	IP Header
		IP PDU Len: 0
		Header Len (bytes): 0
		TTL: 38
		Protocol: Unknown
		Checksum: Incorrect (0xf8b0)
		Sender IP: 64.5.0.16
		Dest IP: 0.0.0.0

Packet number: 689  Packet Len: 1294

	Ethernet Header
		Dest MAC: 34:c9:3d:d:55:9d
		Source MAC: a0:7f:8a:2f:ab:cf
		Type: IPv6

	IP Header
		IP PDU Len: 0
		Header Len (bytes): 0
		TTL: 38
		Protocol: Unknown
		Checksum: Incorrect (0xf8b0)
		Sender IP: 64.5.0.16
		Dest IP: 0.0.0.0

Packet number: 690  Packet Len: 1294

	Ethernet Header
		Dest MAC: 34:c9:3d:d:55:9d
		Source MAC: a0:7f:8a:2f:ab:cf
		Type: IPv6

	IP Header
		IP PDU Len: 0
		Header Len (bytes): 0
		TTL: 38
		Protocol: Unknown
		Checksum: Incorrect (0xf8b0)
		Sender IP: 64.5.0.16
		Dest IP: 0.0.0.0

Packet number: 691  Packet Len: 1294

	Ethernet Header
		Dest MAC: 34:c9:3d:d:55:9d
		Source MAC: a0:7f:8a:2f:ab:cf
		Type: IPv6

	IP Header
		IP PDU Len: 0
		Header Len (bytes): 0
		TTL: 38
		Protocol: Unknown
		Checksum: Incorrect (0xf8b0)
		Sender IP: 64.5.0.16
		Dest IP: 0.0.0.0

Packet number: 692  Packet Len: 1294

	Ethernet Header
		Dest MAC: 34:c9:3d:d:55:9d
		Source MAC: a0:7f:8a:2f:ab:cf
		Type: IPv6

	IP Header
		IP PDU Len: 0
		Header Len (bytes): 0
		TTL: 38
		Protocol: Unknown
		Checksum: Incorrect (0xf8b0)
		Sender IP: 64.5.0.16
		Dest IP: 0.0.0.0

Packet number: 693  Packet Len: 1294

	Ethernet Header
		Dest MAC: 34:c9:3d:d:55:9d
		Source MAC: a0:7f:8a:2f:ab:cf
		Type: IPv6

	IP Header
		IP PDU Len: 0
		Header Len (bytes): 0
		TTL: 38
		Protocol: Unknown
		Checksum: Incorrect (0xf8b0)
		Sender IP: 64.5.0.16
		Dest IP: 0.0.0.0

Packet number: 694  Packet Len: 1294

	Ethernet Header
		Dest MAC: 34:c9:3d:d:55:9d
		Source MAC: a0:7f:8a:2f:ab:cf
		Type: IPv6

	IP Header
		IP PDU Len: 0
		Header Len (bytes): 0
		TTL: 38
		Protocol: Unknown
		Checksum: Incorrect (0xf8b0)
		Sender IP: 64.5.0.16
		Dest IP: 0.0.0.0

Packet number: 695  Packet Len: 1294

	Ethernet Header
		Dest MAC: 34:c9:3d:d:55:9d
		Source MAC: a0:7f:8a:2f:ab:cf
		Type: IPv6

	IP Header
		IP PDU Len: 0
		Header Len (bytes): 0
		TTL: 38
		Protocol: Unknown
		Checksum: Incorrect (0xf8b0)
		Sender IP: 64.5.0.16
		Dest IP: 0.0.0.0

Packet number: 696  Packet Len: 1294

	Ethernet Header
		Dest MAC: 34:c9:3d:d:55:9d
		Source MAC: a0:7f:8a:2f:ab:cf
		Type: IPv6

	IP Header
		IP PDU Len: 0
		Header Len (bytes): 0
		TTL: 38
		Protocol: Unknown
		Checksum: Incorrect (0xf8b0)
		Sender IP: 64.5.0.16
		Dest IP: 0.0.0.0

Packet number: 697  Packet Len: 1294

	Ethernet Header
		Dest MAC: 34:c9:3d:d:55:9d
		Source MAC: a0:7f:8a:2f:ab:cf
		Type: IPv6

	IP Header
		IP PDU Len: 0
		Header Len (bytes): 0
		TTL: 38
		Protocol: Unknown
		Checksum: Incorrect (0xf8b0)
		Sender IP: 64.5.0.16
		Dest IP: 0.0.0.0

Packet number: 698  Packet Len: 1294

	Ethernet Header
		Dest MAC: 34:c9:3d:d:55:9d
		Source MAC: a0:7f:8a:2f:ab:cf
		Type: IPv6

	IP Header
		IP PDU Len: 0
		Header Len (bytes): 0
		TTL: 38
		Protocol: Unknown
		Checksum: Incorrect (0xf8b0)
		Sender IP: 64.5.0.16
		Dest IP: 0.0.0.0

Packet number: 699  Packet Len: 1294

	Ethernet Header
		Dest MAC: 34:c9:3d:d:55:9d
		Source MAC: a0:7f:8a:2f:ab:cf
		Type: IPv6

	IP Header
		IP PDU Len: 0
		Header Len (bytes): 0
		TTL: 38
		Protocol: Unknown
		Checksum: Incorrect (0xf8b0)
		Sender IP: 64.5.0.16
		Dest IP: 0.0.0.0

Packet number: 700  Packet Len: 1294

	Ethernet Header
		Dest MAC: 34:c9:3d:d:55:9d
		Source MAC: a0:7f:8a:2f:ab:cf
		Type: IPv6

	IP Header
		IP PDU Len: 0
		Header Len (bytes): 0
		TTL: 38
		Protocol: Unknown
		Checksum: Incorrect (0xf8b0)
		Sender IP: 64.5.0.16
		Dest IP: 0.0.0.0

Packet number: 701  Packet Len: 1294

	Ethernet Header
		Dest MAC: 34:c9:3d:d:55:9d
		Source MAC: a0:7f:8a:2f:ab:cf
		Type: IPv6

	IP Header
		IP PDU Len: 0
		Header Len (bytes): 0
		TTL: 38
		Protocol: Unknown
		Checksum: Incorrect (0xf8b0)
		Sender IP: 64.5.0.16
		Dest IP: 0.0.0.0

Packet number: 702  Packet Len: 1294

	Ethernet Header
		Dest MAC: 34:c9:3d:d:55:9d
		Source MAC: a0:7f:8a:2f:ab:cf
		Type: IPv6

	IP Header
		IP PDU Len: 0
		Header Len (bytes): 0
		TTL: 38
		Protocol: Unknown
		Checksum: Incorrect (0xf8b0)
		Sender IP: 64.5.0.16
		Dest IP: 0.0.0.0

Packet number: 703  Packet Len: 1294

	Ethernet Header
		Dest MAC: 34:c9:3d:d:55:9d
		Source MAC: a0:7f:8a:2f:ab:cf
		Type: IPv6

	IP Header
		IP PDU Len: 0
		Header Len (bytes): 0
		TTL: 38
		Protocol: Unknown
		Checksum: Incorrect (0xf8b0)
		Sender IP: 64.5.0.16
		Dest IP: 0.0.0.0

Packet number: 704  Packet Len: 95

	Ethernet Header
		Dest MAC: a0:7f:8a:2f:ab:cf
		Source MAC: 34:c9:3d:d:55:9d
		Type: IPv6

	IP Header
		IP PDU Len: 10831
		Header Len (bytes): 0
		TTL: 38
		Protocol: Unknown
		Checksum: Incorrect (0x6c52)
		Sender IP: 125.240.137.160
		Dest IP: 173.18.185.215

Packet number: 705  Packet Len: 1294

	Ethernet Header
		Dest MAC: 34:c9:3d:d:55:9d
		Source MAC: a0:7f:8a:2f:ab:cf
		Type: IPv6

	IP Header
		IP PDU Len: 0
		Header Len (bytes): 0
		TTL: 38
		Protocol: Unknown
		Checksum: Incorrect (0xf8b0)
		Sender IP: 64.5.0.16
		Dest IP: 0.0.0.0

Packet number: 706  Packet Len: 1294

	Ethernet Header
		Dest MAC: 34:c9:3d:d:55:9d
		Source MAC: a0:7f:8a:2f:ab:cf
		Type: IPv6

	IP Header
		IP PDU Len: 0
		Header Len (bytes): 0
		TTL: 38
		Protocol: Unknown
		Checksum: Incorrect (0xf8b0)
		Sender IP: 64.5.0.16
		Dest IP: 0.0.0.0

Packet number: 707  Packet Len: 1294

	Ethernet Header
		Dest MAC: 34:c9:3d:d:55:9d
		Source MAC: a0:7f:8a:2f:ab:cf
		Type: IPv6

	IP Header
		IP PDU Len: 0
		Header Len (bytes): 0
		TTL: 38
		Protocol: Unknown
		Checksum: Incorrect (0xf8b0)
		Sender IP: 64.5.0.16
		Dest IP: 0.0.0.0

Packet number: 708  Packet Len: 1294

	Ethernet Header
		Dest MAC: 34:c9:3d:d:55:9d
		Source MAC: a0:7f:8a:2f:ab:cf
		Type: IPv6

	IP Header
		IP PDU Len: 0
		Header Len (bytes): 0
		TTL: 38
		Protocol: Unknown
		Checksum: Incorrect (0xf8b0)
		Sender IP: 64.5.0.16
		Dest IP: 0.0.0.0

Packet number: 709  Packet Len: 1294

	Ethernet Header
		Dest MAC: 34:c9:3d:d:55:9d
		Source MAC: a0:7f:8a:2f:ab:cf
		Type: IPv6

	IP Header
		IP PDU Len: 0
		Header Len (bytes): 0
		TTL: 38
		Protocol: Unknown
		Checksum: Incorrect (0xf8b0)
		Sender IP: 64.5.0.16
		Dest IP: 0.0.0.0

Packet number: 710  Packet Len: 1294

	Ethernet Header
		Dest MAC: 34:c9:3d:d:55:9d
		Source MAC: a0:7f:8a:2f:ab:cf
		Type: IPv6

	IP Header
		IP PDU Len: 0
		Header Len (bytes): 0
		TTL: 38
		Protocol: Unknown
		Checksum: Incorrect (0xf8b0)
		Sender IP: 64.5.0.16
		Dest IP: 0.0.0.0

Packet number: 711  Packet Len: 1294

	Ethernet Header
		Dest MAC: 34:c9:3d:d:55:9d
		Source MAC: a0:7f:8a:2f:ab:cf
		Type: IPv6

	IP Header
		IP PDU Len: 0
		Header Len (bytes): 0
		TTL: 38
		Protocol: Unknown
		Checksum: Incorrect (0xf8b0)
		Sender IP: 64.5.0.16
		Dest IP: 0.0.0.0

Packet number: 712  Packet Len: 1294

	Ethernet Header
		Dest MAC: 34:c9:3d:d:55:9d
		Source MAC: a0:7f:8a:2f:ab:cf
		Type: IPv6

	IP Header
		IP PDU Len: 0
		Header Len (bytes): 0
		TTL: 38
		Protocol: Unknown
		Checksum: Incorrect (0xf8b0)
		Sender IP: 64.5.0.16
		Dest IP: 0.0.0.0

Packet number: 713  Packet Len: 1294

	Ethernet Header
		Dest MAC: 34:c9:3d:d:55:9d
		Source MAC: a0:7f:8a:2f:ab:cf
		Type: IPv6

	IP Header
		IP PDU Len: 0
		Header Len (bytes): 0
		TTL: 38
		Protocol: Unknown
		Checksum: Incorrect (0xf8b0)
		Sender IP: 64.5.0.16
		Dest IP: 0.0.0.0

Packet number: 714  Packet Len: 1294

	Ethernet Header
		Dest MAC: 34:c9:3d:d:55:9d
		Source MAC: a0:7f:8a:2f:ab:cf
		Type: IPv6

	IP Header
		IP PDU Len: 0
		Header Len (bytes): 0
		TTL: 38
		Protocol: Unknown
		Checksum: Incorrect (0xf8b0)
		Sender IP: 64.5.0.16
		Dest IP: 0.0.0.0

Packet number: 715  Packet Len: 1294

	Ethernet Header
		Dest MAC: 34:c9:3d:d:55:9d
		Source MAC: a0:7f:8a:2f:ab:cf
		Type: IPv6

	IP Header
		IP PDU Len: 0
		Header Len (bytes): 0
		TTL: 38
		Protocol: Unknown
		Checksum: Incorrect (0xf8b0)
		Sender IP: 64.5.0.16
		Dest IP: 0.0.0.0

Packet number: 716  Packet Len: 1294

	Ethernet Header
		Dest MAC: 34:c9:3d:d:55:9d
		Source MAC: a0:7f:8a:2f:ab:cf
		Type: IPv6

	IP Header
		IP PDU Len: 0
		Header Len (bytes): 0
		TTL: 38
		Protocol: Unknown
		Checksum: Incorrect (0xf8b0)
		Sender IP: 64.5.0.16
		Dest IP: 0.0.0.0

Packet number: 717  Packet Len: 1294

	Ethernet Header
		Dest MAC: 34:c9:3d:d:55:9d
		Source MAC: a0:7f:8a:2f:ab:cf
		Type: IPv6

	IP Header
		IP PDU Len: 0
		Header Len (bytes): 0
		TTL: 38
		Protocol: Unknown
		Checksum: Incorrect (0xf8b0)
		Sender IP: 64.5.0.16
		Dest IP: 0.0.0.0

Packet number: 718  Packet Len: 1294

	Ethernet Header
		Dest MAC: 34:c9:3d:d:55:9d
		Source MAC: a0:7f:8a:2f:ab:cf
		Type: IPv6

	IP Header
		IP PDU Len: 0
		Header Len (bytes): 0
		TTL: 38
		Protocol: Unknown
		Checksum: Incorrect (0xf8b0)
		Sender IP: 64.5.0.16
		Dest IP: 0.0.0.0

Packet number: 719  Packet Len: 1294

	Ethernet Header
		Dest MAC: 34:c9:3d:d:55:9d
		Source MAC: a0:7f:8a:2f:ab:cf
		Type: IPv6

	IP Header
		IP PDU Len: 0
		Header Len (bytes): 0
		TTL: 38
		Protocol: Unknown
		Checksum: Incorrect (0xf8b0)
		Sender IP: 64.5.0.16
		Dest IP: 0.0.0.0

Packet number: 720  Packet Len: 1294

	Ethernet Header
		Dest MAC: 34:c9:3d:d:55:9d
		Source MAC: a0:7f:8a:2f:ab:cf
		Type: IPv6

	IP Header
		IP PDU Len: 0
		Header Len (bytes): 0
		TTL: 38
		Protocol: Unknown
		Checksum: Incorrect (0xf8b0)
		Sender IP: 64.5.0.16
		Dest IP: 0.0.0.0

Packet number: 721  Packet Len: 1294

	Ethernet Header
		Dest MAC: 34:c9:3d:d:55:9d
		Source MAC: a0:7f:8a:2f:ab:cf
		Type: IPv6

	IP Header
		IP PDU Len: 0
		Header Len (bytes): 0
		TTL: 38
		Protocol: Unknown
		Checksum: Incorrect (0xf8b0)
		Sender IP: 64.5.0.16
		Dest IP: 0.0.0.0

Packet number: 722  Packet Len: 1294

	Ethernet Header
		Dest MAC: 34:c9:3d:d:55:9d
		Source MAC: a0:7f:8a:2f:ab:cf
		Type: IPv6

	IP Header
		IP PDU Len: 0
		Header Len (bytes): 0
		TTL: 38
		Protocol: Unknown
		Checksum: Incorrect (0xf8b0)
		Sender IP: 64.5.0.16
		Dest IP: 0.0.0.0

Packet number: 723  Packet Len: 1294

	Ethernet Header
		Dest MAC: 34:c9:3d:d:55:9d
		Source MAC: a0:7f:8a:2f:ab:cf
		Type: IPv6

	IP Header
		IP PDU Len: 0
		Header Len (bytes): 0
		TTL: 38
		Protocol: Unknown
		Checksum: Incorrect (0xf8b0)
		Sender IP: 64.5.0.16
		Dest IP: 0.0.0.0

Packet number: 724  Packet Len: 1294

	Ethernet Header
		Dest MAC: 34:c9:3d:d:55:9d
		Source MAC: a0:7f:8a:2f:ab:cf
		Type: IPv6

	IP Header
		IP PDU Len: 0
		Header Len (bytes): 0
		TTL: 38
		Protocol: Unknown
		Checksum: Incorrect (0xf8b0)
		Sender IP: 64.5.0.16
		Dest IP: 0.0.0.0

Packet number: 725  Packet Len: 1294

	Ethernet Header
		Dest MAC: 34:c9:3d:d:55:9d
		Source MAC: a0:7f:8a:2f:ab:cf
		Type: IPv6

	IP Header
		IP PDU Len: 0
		Header Len (bytes): 0
		TTL: 38
		Protocol: Unknown
		Checksum: Incorrect (0xf8b0)
		Sender IP: 64.5.0.16
		Dest IP: 0.0.0.0

Packet number: 726  Packet Len: 1294

	Ethernet Header
		Dest MAC: 34:c9:3d:d:55:9d
		Source MAC: a0:7f:8a:2f:ab:cf
		Type: IPv6

	IP Header
		IP PDU Len: 0
		Header Len (bytes): 0
		TTL: 38
		Protocol: Unknown
		Checksum: Incorrect (0xf8b0)
		Sender IP: 64.5.0.16
		Dest IP: 0.0.0.0

Packet number: 727  Packet Len: 1294

	Ethernet Header
		Dest MAC: 34:c9:3d:d:55:9d
		Source MAC: a0:7f:8a:2f:ab:cf
		Type: IPv6

	IP Header
		IP PDU Len: 0
		Header Len (bytes): 0
		TTL: 38
		Protocol: Unknown
		Checksum: Incorrect (0xf8b0)
		Sender IP: 64.5.0.16
		Dest IP: 0.0.0.0

Packet number: 728  Packet Len: 1294

	Ethernet Header
		Dest MAC: 34:c9:3d:d:55:9d
		Source MAC: a0:7f:8a:2f:ab:cf
		Type: IPv6

	IP Header
		IP PDU Len: 0
		Header Len (bytes): 0
		TTL: 38
		Protocol: Unknown
		Checksum: Incorrect (0xf8b0)
		Sender IP: 64.5.0.16
		Dest IP: 0.0.0.0

Packet number: 729  Packet Len: 1294

	Ethernet Header
		Dest MAC: 34:c9:3d:d:55:9d
		Source MAC: a0:7f:8a:2f:ab:cf
		Type: IPv6

	IP Header
		IP PDU Len: 0
		Header Len (bytes): 0
		TTL: 38
		Protocol: Unknown
		Checksum: Incorrect (0xf8b0)
		Sender IP: 64.5.0.16
		Dest IP: 0.0.0.0

Packet number: 730  Packet Len: 1294

	Ethernet Header
		Dest MAC: 34:c9:3d:d:55:9d
		Source MAC: a0:7f:8a:2f:ab:cf
		Type: IPv6

	IP Header
		IP PDU Len: 0
		Header Len (bytes): 0
		TTL: 38
		Protocol: Unknown
		Checksum: Incorrect (0xf8b0)
		Sender IP: 64.5.0.16
		Dest IP: 0.0.0.0

Packet number: 731  Packet Len: 1294

	Ethernet Header
		Dest MAC: 34:c9:3d:d:55:9d
		Source MAC: a0:7f:8a:2f:ab:cf
		Type: IPv6

	IP Header
		IP PDU Len: 0
		Header Len (bytes): 0
		TTL: 38
		Protocol: Unknown
		Checksum: Incorrect (0xf8b0)
		Sender IP: 64.5.0.16
		Dest IP: 0.0.0.0

Packet number: 732  Packet Len: 1294

	Ethernet Header
		Dest MAC: 34:c9:3d:d:55:9d
		Source MAC: a0:7f:8a:2f:ab:cf
		Type: IPv6

	IP Header
		IP PDU Len: 0
		Header Len (bytes): 0
		TTL: 38
		Protocol: Unknown
		Checksum: Incorrect (0xf8b0)
		Sender IP: 64.5.0.16
		Dest IP: 0.0.0.0

Packet number: 733  Packet Len: 1294

	Ethernet Header
		Dest MAC: 34:c9:3d:d:55:9d
		Source MAC: a0:7f:8a:2f:ab:cf
		Type: IPv6

	IP Header
		IP PDU Len: 0
		Header Len (bytes): 0
		TTL: 38
		Protocol: Unknown
		Checksum: Incorrect (0xf8b0)
		Sender IP: 64.5.0.16
		Dest IP: 0.0.0.0

Packet number: 734  Packet Len: 1294

	Ethernet Header
		Dest MAC: 34:c9:3d:d:55:9d
		Source MAC: a0:7f:8a:2f:ab:cf
		Type: IPv6

	IP Header
		IP PDU Len: 0
		Header Len (bytes): 0
		TTL: 38
		Protocol: Unknown
		Checksum: Incorrect (0xf8b0)
		Sender IP: 64.5.0.16
		Dest IP: 0.0.0.0

Packet number: 735  Packet Len: 1294

	Ethernet Header
		Dest MAC: 34:c9:3d:d:55:9d
		Source MAC: a0:7f:8a:2f:ab:cf
		Type: IPv6

	IP Header
		IP PDU Len: 0
		Header Len (bytes): 0
		TTL: 38
		Protocol: Unknown
		Checksum: Incorrect (0xf8b0)
		Sender IP: 64.5.0.16
		Dest IP: 0.0.0.0

Packet number: 736  Packet Len: 1294

	Ethernet Header
		Dest MAC: 34:c9:3d:d:55:9d
		Source MAC: a0:7f:8a:2f:ab:cf
		Type: IPv6

	IP Header
		IP PDU Len: 0
		Header Len (bytes): 0
		TTL: 38
		Protocol: Unknown
		Checksum: Incorrect (0xf8b0)
		Sender IP: 64.5.0.16
		Dest IP: 0.0.0.0

Packet number: 737  Packet Len: 95

	Ethernet Header
		Dest MAC: a0:7f:8a:2f:ab:cf
		Source MAC: 34:c9:3d:d:55:9d
		Type: IPv6

	IP Header
		IP PDU Len: 10831
		Header Len (bytes): 0
		TTL: 38
		Protocol: Unknown
		Checksum: Incorrect (0x6c52)
		Sender IP: 125.240.137.160
		Dest IP: 173.18.185.215

Packet number: 738  Packet Len: 1294

	Ethernet Header
		Dest MAC: 34:c9:3d:d:55:9d
		Source MAC: a0:7f:8a:2f:ab:cf
		Type: IPv6

	IP Header
		IP PDU Len: 0
		Header Len (bytes): 0
		TTL: 38
		Protocol: Unknown
		Checksum: Incorrect (0xf8b0)
		Sender IP: 64.5.0.16
		Dest IP: 0.0.0.0

Packet number: 739  Packet Len: 1294

	Ethernet Header
		Dest MAC: 34:c9:3d:d:55:9d
		Source MAC: a0:7f:8a:2f:ab:cf
		Type: IPv6

	IP Header
		IP PDU Len: 0
		Header Len (bytes): 0
		TTL: 38
		Protocol: Unknown
		Checksum: Incorrect (0xf8b0)
		Sender IP: 64.5.0.16
		Dest IP: 0.0.0.0

Packet number: 740  Packet Len: 1294

	Ethernet Header
		Dest MAC: 34:c9:3d:d:55:9d
		Source MAC: a0:7f:8a:2f:ab:cf
		Type: IPv6

	IP Header
		IP PDU Len: 0
		Header Len (bytes): 0
		TTL: 38
		Protocol: Unknown
		Checksum: Incorrect (0xf8b0)
		Sender IP: 64.5.0.16
		Dest IP: 0.0.0.0

Packet number: 741  Packet Len: 1294

	Ethernet Header
		Dest MAC: 34:c9:3d:d:55:9d
		Source MAC: a0:7f:8a:2f:ab:cf
		Type: IPv6

	IP Header
		IP PDU Len: 0
		Header Len (bytes): 0
		TTL: 38
		Protocol: Unknown
		Checksum: Incorrect (0xf8b0)
		Sender IP: 64.5.0.16
		Dest IP: 0.0.0.0

Packet number: 742  Packet Len: 1294

	Ethernet Header
		Dest MAC: 34:c9:3d:d:55:9d
		Source MAC: a0:7f:8a:2f:ab:cf
		Type: IPv6

	IP Header
		IP PDU Len: 0
		Header Len (bytes): 0
		TTL: 38
		Protocol: Unknown
		Checksum: Incorrect (0xf8b0)
		Sender IP: 64.5.0.16
		Dest IP: 0.0.0.0

Packet number: 743  Packet Len: 1294

	Ethernet Header
		Dest MAC: 34:c9:3d:d:55:9d
		Source MAC: a0:7f:8a:2f:ab:cf
		Type: IPv6

	IP Header
		IP PDU Len: 0
		Header Len (bytes): 0
		TTL: 38
		Protocol: Unknown
		Checksum: Incorrect (0xf8b0)
		Sender IP: 64.5.0.16
		Dest IP: 0.0.0.0

Packet number: 744  Packet Len: 1294

	Ethernet Header
		Dest MAC: 34:c9:3d:d:55:9d
		Source MAC: a0:7f:8a:2f:ab:cf
		Type: IPv6

	IP Header
		IP PDU Len: 0
		Header Len (bytes): 0
		TTL: 38
		Protocol: Unknown
		Checksum: Incorrect (0xf8b0)
		Sender IP: 64.5.0.16
		Dest IP: 0.0.0.0

Packet number: 745  Packet Len: 1294

	Ethernet Header
		Dest MAC: 34:c9:3d:d:55:9d
		Source MAC: a0:7f:8a:2f:ab:cf
		Type: IPv6

	IP Header
		IP PDU Len: 0
		Header Len (bytes): 0
		TTL: 38
		Protocol: Unknown
		Checksum: Incorrect (0xf8b0)
		Sender IP: 64.5.0.16
		Dest IP: 0.0.0.0

Packet number: 746  Packet Len: 1294

	Ethernet Header
		Dest MAC: 34:c9:3d:d:55:9d
		Source MAC: a0:7f:8a:2f:ab:cf
		Type: IPv6

	IP Header
		IP PDU Len: 0
		Header Len (bytes): 0
		TTL: 38
		Protocol: Unknown
		Checksum: Incorrect (0xf8b0)
		Sender IP: 64.5.0.16
		Dest IP: 0.0.0.0

Packet number: 747  Packet Len: 1294

	Ethernet Header
		Dest MAC: 34:c9:3d:d:55:9d
		Source MAC: a0:7f:8a:2f:ab:cf
		Type: IPv6

	IP Header
		IP PDU Len: 0
		Header Len (bytes): 0
		TTL: 38
		Protocol: Unknown
		Checksum: Incorrect (0xf8b0)
		Sender IP: 64.5.0.16
		Dest IP: 0.0.0.0

Packet number: 748  Packet Len: 1294

	Ethernet Header
		Dest MAC: 34:c9:3d:d:55:9d
		Source MAC: a0:7f:8a:2f:ab:cf
		Type: IPv6

	IP Header
		IP PDU Len: 0
		Header Len (bytes): 0
		TTL: 38
		Protocol: Unknown
		Checksum: Incorrect (0xf8b0)
		Sender IP: 64.5.0.16
		Dest IP: 0.0.0.0

Packet number: 749  Packet Len: 1294

	Ethernet Header
		Dest MAC: 34:c9:3d:d:55:9d
		Source MAC: a0:7f:8a:2f:ab:cf
		Type: IPv6

	IP Header
		IP PDU Len: 0
		Header Len (bytes): 0
		TTL: 38
		Protocol: Unknown
		Checksum: Incorrect (0xf8b0)
		Sender IP: 64.5.0.16
		Dest IP: 0.0.0.0

Packet number: 750  Packet Len: 1294

	Ethernet Header
		Dest MAC: 34:c9:3d:d:55:9d
		Source MAC: a0:7f:8a:2f:ab:cf
		Type: IPv6

	IP Header
		IP PDU Len: 0
		Header Len (bytes): 0
		TTL: 38
		Protocol: Unknown
		Checksum: Incorrect (0xf8b0)
		Sender IP: 64.5.0.16
		Dest IP: 0.0.0.0

Packet number: 751  Packet Len: 1294

	Ethernet Header
		Dest MAC: 34:c9:3d:d:55:9d
		Source MAC: a0:7f:8a:2f:ab:cf
		Type: IPv6

	IP Header
		IP PDU Len: 0
		Header Len (bytes): 0
		TTL: 38
		Protocol: Unknown
		Checksum: Incorrect (0xf8b0)
		Sender IP: 64.5.0.16
		Dest IP: 0.0.0.0

Packet number: 752  Packet Len: 1294

	Ethernet Header
		Dest MAC: 34:c9:3d:d:55:9d
		Source MAC: a0:7f:8a:2f:ab:cf
		Type: IPv6

	IP Header
		IP PDU Len: 0
		Header Len (bytes): 0
		TTL: 38
		Protocol: Unknown
		Checksum: Incorrect (0xf8b0)
		Sender IP: 64.5.0.16
		Dest IP: 0.0.0.0

Packet number: 753  Packet Len: 1294

	Ethernet Header
		Dest MAC: 34:c9:3d:d:55:9d
		Source MAC: a0:7f:8a:2f:ab:cf
		Type: IPv6

	IP Header
		IP PDU Len: 0
		Header Len (bytes): 0
		TTL: 38
		Protocol: Unknown
		Checksum: Incorrect (0xf8b0)
		Sender IP: 64.5.0.16
		Dest IP: 0.0.0.0

Packet number: 754  Packet Len: 1294

	Ethernet Header
		Dest MAC: 34:c9:3d:d:55:9d
		Source MAC: a0:7f:8a:2f:ab:cf
		Type: IPv6

	IP Header
		IP PDU Len: 0
		Header Len (bytes): 0
		TTL: 38
		Protocol: Unknown
		Checksum: Incorrect (0xf8b0)
		Sender IP: 64.5.0.16
		Dest IP: 0.0.0.0

Packet number: 755  Packet Len: 1294

	Ethernet Header
		Dest MAC: 34:c9:3d:d:55:9d
		Source MAC: a0:7f:8a:2f:ab:cf
		Type: IPv6

	IP Header
		IP PDU Len: 0
		Header Len (bytes): 0
		TTL: 38
		Protocol: Unknown
		Checksum: Incorrect (0xf8b0)
		Sender IP: 64.5.0.16
		Dest IP: 0.0.0.0

Packet number: 756  Packet Len: 1294

	Ethernet Header
		Dest MAC: 34:c9:3d:d:55:9d
		Source MAC: a0:7f:8a:2f:ab:cf
		Type: IPv6

	IP Header
		IP PDU Len: 0
		Header Len (bytes): 0
		TTL: 38
		Protocol: Unknown
		Checksum: Incorrect (0xf8b0)
		Sender IP: 64.5.0.16
		Dest IP: 0.0.0.0

Packet number: 757  Packet Len: 1294

	Ethernet Header
		Dest MAC: 34:c9:3d:d:55:9d
		Source MAC: a0:7f:8a:2f:ab:cf
		Type: IPv6

	IP Header
		IP PDU Len: 0
		Header Len (bytes): 0
		TTL: 38
		Protocol: Unknown
		Checksum: Incorrect (0xf8b0)
		Sender IP: 64.5.0.16
		Dest IP: 0.0.0.0

Packet number: 758  Packet Len: 1294

	Ethernet Header
		Dest MAC: 34:c9:3d:d:55:9d
		Source MAC: a0:7f:8a:2f:ab:cf
		Type: IPv6

	IP Header
		IP PDU Len: 0
		Header Len (bytes): 0
		TTL: 38
		Protocol: Unknown
		Checksum: Incorrect (0xf8b0)
		Sender IP: 64.5.0.16
		Dest IP: 0.0.0.0

Packet number: 759  Packet Len: 1294

	Ethernet Header
		Dest MAC: 34:c9:3d:d:55:9d
		Source MAC: a0:7f:8a:2f:ab:cf
		Type: IPv6

	IP Header
		IP PDU Len: 0
		Header Len (bytes): 0
		TTL: 38
		Protocol: Unknown
		Checksum: Incorrect (0xf8b0)
		Sender IP: 64.5.0.16
		Dest IP: 0.0.0.0

Packet number: 760  Packet Len: 1294

	Ethernet Header
		Dest MAC: 34:c9:3d:d:55:9d
		Source MAC: a0:7f:8a:2f:ab:cf
		Type: IPv6

	IP Header
		IP PDU Len: 0
		Header Len (bytes): 0
		TTL: 38
		Protocol: Unknown
		Checksum: Incorrect (0xf8b0)
		Sender IP: 64.5.0.16
		Dest IP: 0.0.0.0

Packet number: 761  Packet Len: 1294

	Ethernet Header
		Dest MAC: 34:c9:3d:d:55:9d
		Source MAC: a0:7f:8a:2f:ab:cf
		Type: IPv6

	IP Header
		IP PDU Len: 0
		Header Len (bytes): 0
		TTL: 38
		Protocol: Unknown
		Checksum: Incorrect (0xf8b0)
		Sender IP: 64.5.0.16
		Dest IP: 0.0.0.0

Packet number: 762  Packet Len: 1294

	Ethernet Header
		Dest MAC: 34:c9:3d:d:55:9d
		Source MAC: a0:7f:8a:2f:ab:cf
		Type: IPv6

	IP Header
		IP PDU Len: 0
		Header Len (bytes): 0
		TTL: 38
		Protocol: Unknown
		Checksum: Incorrect (0xf8b0)
		Sender IP: 64.5.0.16
		Dest IP: 0.0.0.0

Packet number: 763  Packet Len: 1294

	Ethernet Header
		Dest MAC: 34:c9:3d:d:55:9d
		Source MAC: a0:7f:8a:2f:ab:cf
		Type: IPv6

	IP Header
		IP PDU Len: 0
		Header Len (bytes): 0
		TTL: 38
		Protocol: Unknown
		Checksum: Incorrect (0xf8b0)
		Sender IP: 64.5.0.16
		Dest IP: 0.0.0.0

Packet number: 764  Packet Len: 95

	Ethernet Header
		Dest MAC: a0:7f:8a:2f:ab:cf
		Source MAC: 34:c9:3d:d:55:9d
		Type: IPv6

	IP Header
		IP PDU Len: 10831
		Header Len (bytes): 0
		TTL: 38
		Protocol: Unknown
		Checksum: Incorrect (0x6c52)
		Sender IP: 125.240.137.160
		Dest IP: 173.18.185.215

Packet number: 765  Packet Len: 1294

	Ethernet Header
		Dest MAC: 34:c9:3d:d:55:9d
		Source MAC: a0:7f:8a:2f:ab:cf
		Type: IPv6

	IP Header
		IP PDU Len: 0
		Header Len (bytes): 0
		TTL: 38
		Protocol: Unknown
		Checksum: Incorrect (0xf8b0)
		Sender IP: 64.5.0.16
		Dest IP: 0.0.0.0

Packet number: 766  Packet Len: 1294

	Ethernet Header
		Dest MAC: 34:c9:3d:d:55:9d
		Source MAC: a0:7f:8a:2f:ab:cf
		Type: IPv6

	IP Header
		IP PDU Len: 0
		Header Len (bytes): 0
		TTL: 38
		Protocol: Unknown
		Checksum: Incorrect (0xf8b0)
		Sender IP: 64.5.0.16
		Dest IP: 0.0.0.0

Packet number: 767  Packet Len: 1294

	Ethernet Header
		Dest MAC: 34:c9:3d:d:55:9d
		Source MAC: a0:7f:8a:2f:ab:cf
		Type: IPv6

	IP Header
		IP PDU Len: 0
		Header Len (bytes): 0
		TTL: 38
		Protocol: Unknown
		Checksum: Incorrect (0xf8b0)
		Sender IP: 64.5.0.16
		Dest IP: 0.0.0.0

Packet number: 768  Packet Len: 1294

	Ethernet Header
		Dest MAC: 34:c9:3d:d:55:9d
		Source MAC: a0:7f:8a:2f:ab:cf
		Type: IPv6

	IP Header
		IP PDU Len: 0
		Header Len (bytes): 0
		TTL: 38
		Protocol: Unknown
		Checksum: Incorrect (0xf8b0)
		Sender IP: 64.5.0.16
		Dest IP: 0.0.0.0

Packet number: 769  Packet Len: 1294

	Ethernet Header
		Dest MAC: 34:c9:3d:d:55:9d
		Source MAC: a0:7f:8a:2f:ab:cf
		Type: IPv6

	IP Header
		IP PDU Len: 0
		Header Len (bytes): 0
		TTL: 38
		Protocol: Unknown
		Checksum: Incorrect (0xf8b0)
		Sender IP: 64.5.0.16
		Dest IP: 0.0.0.0

Packet number: 770  Packet Len: 1294

	Ethernet Header
		Dest MAC: 34:c9:3d:d:55:9d
		Source MAC: a0:7f:8a:2f:ab:cf
		Type: IPv6

	IP Header
		IP PDU Len: 0
		Header Len (bytes): 0
		TTL: 38
		Protocol: Unknown
		Checksum: Incorrect (0xf8b0)
		Sender IP: 64.5.0.16
		Dest IP: 0.0.0.0

Packet number: 771  Packet Len: 1294

	Ethernet Header
		Dest MAC: 34:c9:3d:d:55:9d
		Source MAC: a0:7f:8a:2f:ab:cf
		Type: IPv6

	IP Header
		IP PDU Len: 0
		Header Len (bytes): 0
		TTL: 38
		Protocol: Unknown
		Checksum: Incorrect (0xf8b0)
		Sender IP: 64.5.0.16
		Dest IP: 0.0.0.0

Packet number: 772  Packet Len: 1294

	Ethernet Header
		Dest MAC: 34:c9:3d:d:55:9d
		Source MAC: a0:7f:8a:2f:ab:cf
		Type: IPv6

	IP Header
		IP PDU Len: 0
		Header Len (bytes): 0
		TTL: 38
		Protocol: Unknown
		Checksum: Incorrect (0xf8b0)
		Sender IP: 64.5.0.16
		Dest IP: 0.0.0.0

Packet number: 773  Packet Len: 1294

	Ethernet Header
		Dest MAC: 34:c9:3d:d:55:9d
		Source MAC: a0:7f:8a:2f:ab:cf
		Type: IPv6

	IP Header
		IP PDU Len: 0
		Header Len (bytes): 0
		TTL: 38
		Protocol: Unknown
		Checksum: Incorrect (0xf8b0)
		Sender IP: 64.5.0.16
		Dest IP: 0.0.0.0

Packet number: 774  Packet Len: 1294

	Ethernet Header
		Dest MAC: 34:c9:3d:d:55:9d
		Source MAC: a0:7f:8a:2f:ab:cf
		Type: IPv6

	IP Header
		IP PDU Len: 0
		Header Len (bytes): 0
		TTL: 38
		Protocol: Unknown
		Checksum: Incorrect (0xf8b0)
		Sender IP: 64.5.0.16
		Dest IP: 0.0.0.0

Packet number: 775  Packet Len: 1294

	Ethernet Header
		Dest MAC: 34:c9:3d:d:55:9d
		Source MAC: a0:7f:8a:2f:ab:cf
		Type: IPv6

	IP Header
		IP PDU Len: 0
		Header Len (bytes): 0
		TTL: 38
		Protocol: Unknown
		Checksum: Incorrect (0xf8b0)
		Sender IP: 64.5.0.16
		Dest IP: 0.0.0.0

Packet number: 776  Packet Len: 1294

	Ethernet Header
		Dest MAC: 34:c9:3d:d:55:9d
		Source MAC: a0:7f:8a:2f:ab:cf
		Type: IPv6

	IP Header
		IP PDU Len: 0
		Header Len (bytes): 0
		TTL: 38
		Protocol: Unknown
		Checksum: Incorrect (0xf8b0)
		Sender IP: 64.5.0.16
		Dest IP: 0.0.0.0

Packet number: 777  Packet Len: 1294

	Ethernet Header
		Dest MAC: 34:c9:3d:d:55:9d
		Source MAC: a0:7f:8a:2f:ab:cf
		Type: IPv6

	IP Header
		IP PDU Len: 0
		Header Len (bytes): 0
		TTL: 38
		Protocol: Unknown
		Checksum: Incorrect (0xf8b0)
		Sender IP: 64.5.0.16
		Dest IP: 0.0.0.0

Packet number: 778  Packet Len: 1294

	Ethernet Header
		Dest MAC: 34:c9:3d:d:55:9d
		Source MAC: a0:7f:8a:2f:ab:cf
		Type: IPv6

	IP Header
		IP PDU Len: 0
		Header Len (bytes): 0
		TTL: 38
		Protocol: Unknown
		Checksum: Incorrect (0xf8b0)
		Sender IP: 64.5.0.16
		Dest IP: 0.0.0.0

Packet number: 779  Packet Len: 1294

	Ethernet Header
		Dest MAC: 34:c9:3d:d:55:9d
		Source MAC: a0:7f:8a:2f:ab:cf
		Type: IPv6

	IP Header
		IP PDU Len: 0
		Header Len (bytes): 0
		TTL: 38
		Protocol: Unknown
		Checksum: Incorrect (0xf8b0)
		Sender IP: 64.5.0.16
		Dest IP: 0.0.0.0

Packet number: 780  Packet Len: 1294

	Ethernet Header
		Dest MAC: 34:c9:3d:d:55:9d
		Source MAC: a0:7f:8a:2f:ab:cf
		Type: IPv6

	IP Header
		IP PDU Len: 0
		Header Len (bytes): 0
		TTL: 38
		Protocol: Unknown
		Checksum: Incorrect (0xf8b0)
		Sender IP: 64.5.0.16
		Dest IP: 0.0.0.0

Packet number: 781  Packet Len: 1294

	Ethernet Header
		Dest MAC: 34:c9:3d:d:55:9d
		Source MAC: a0:7f:8a:2f:ab:cf
		Type: IPv6

	IP Header
		IP PDU Len: 0
		Header Len (bytes): 0
		TTL: 38
		Protocol: Unknown
		Checksum: Incorrect (0xf8b0)
		Sender IP: 64.5.0.16
		Dest IP: 0.0.0.0

Packet number: 782  Packet Len: 1294

	Ethernet Header
		Dest MAC: 34:c9:3d:d:55:9d
		Source MAC: a0:7f:8a:2f:ab:cf
		Type: IPv6

	IP Header
		IP PDU Len: 0
		Header Len (bytes): 0
		TTL: 38
		Protocol: Unknown
		Checksum: Incorrect (0xf8b0)
		Sender IP: 64.5.0.16
		Dest IP: 0.0.0.0

Packet number: 783  Packet Len: 1294

	Ethernet Header
		Dest MAC: 34:c9:3d:d:55:9d
		Source MAC: a0:7f:8a:2f:ab:cf
		Type: IPv6

	IP Header
		IP PDU Len: 0
		Header Len (bytes): 0
		TTL: 38
		Protocol: Unknown
		Checksum: Incorrect (0xf8b0)
		Sender IP: 64.5.0.16
		Dest IP: 0.0.0.0

Packet number: 784  Packet Len: 1294

	Ethernet Header
		Dest MAC: 34:c9:3d:d:55:9d
		Source MAC: a0:7f:8a:2f:ab:cf
		Type: IPv6

	IP Header
		IP PDU Len: 0
		Header Len (bytes): 0
		TTL: 38
		Protocol: Unknown
		Checksum: Incorrect (0xf8b0)
		Sender IP: 64.5.0.16
		Dest IP: 0.0.0.0

Packet number: 785  Packet Len: 1294

	Ethernet Header
		Dest MAC: 34:c9:3d:d:55:9d
		Source MAC: a0:7f:8a:2f:ab:cf
		Type: IPv6

	IP Header
		IP PDU Len: 0
		Header Len (bytes): 0
		TTL: 38
		Protocol: Unknown
		Checksum: Incorrect (0xf8b0)
		Sender IP: 64.5.0.16
		Dest IP: 0.0.0.0

Packet number: 786  Packet Len: 1294

	Ethernet Header
		Dest MAC: 34:c9:3d:d:55:9d
		Source MAC: a0:7f:8a:2f:ab:cf
		Type: IPv6

	IP Header
		IP PDU Len: 0
		Header Len (bytes): 0
		TTL: 38
		Protocol: Unknown
		Checksum: Incorrect (0xf8b0)
		Sender IP: 64.5.0.16
		Dest IP: 0.0.0.0

Packet number: 787  Packet Len: 1294

	Ethernet Header
		Dest MAC: 34:c9:3d:d:55:9d
		Source MAC: a0:7f:8a:2f:ab:cf
		Type: IPv6

	IP Header
		IP PDU Len: 0
		Header Len (bytes): 0
		TTL: 38
		Protocol: Unknown
		Checksum: Incorrect (0xf8b0)
		Sender IP: 64.5.0.16
		Dest IP: 0.0.0.0

Packet number: 788  Packet Len: 1294

	Ethernet Header
		Dest MAC: 34:c9:3d:d:55:9d
		Source MAC: a0:7f:8a:2f:ab:cf
		Type: IPv6

	IP Header
		IP PDU Len: 0
		Header Len (bytes): 0
		TTL: 38
		Protocol: Unknown
		Checksum: Incorrect (0xf8b0)
		Sender IP: 64.5.0.16
		Dest IP: 0.0.0.0

Packet number: 789  Packet Len: 1294

	Ethernet Header
		Dest MAC: 34:c9:3d:d:55:9d
		Source MAC: a0:7f:8a:2f:ab:cf
		Type: IPv6

	IP Header
		IP PDU Len: 0
		Header Len (bytes): 0
		TTL: 38
		Protocol: Unknown
		Checksum: Incorrect (0xf8b0)
		Sender IP: 64.5.0.16
		Dest IP: 0.0.0.0

Packet number: 790  Packet Len: 1294

	Ethernet Header
		Dest MAC: 34:c9:3d:d:55:9d
		Source MAC: a0:7f:8a:2f:ab:cf
		Type: IPv6

	IP Header
		IP PDU Len: 0
		Header Len (bytes): 0
		TTL: 38
		Protocol: Unknown
		Checksum: Incorrect (0xf8b0)
		Sender IP: 64.5.0.16
		Dest IP: 0.0.0.0

Packet number: 791  Packet Len: 1294

	Ethernet Header
		Dest MAC: 34:c9:3d:d:55:9d
		Source MAC: a0:7f:8a:2f:ab:cf
		Type: IPv6

	IP Header
		IP PDU Len: 0
		Header Len (bytes): 0
		TTL: 38
		Protocol: Unknown
		Checksum: Incorrect (0xf8b0)
		Sender IP: 64.5.0.16
		Dest IP: 0.0.0.0

Packet number: 792  Packet Len: 1294

	Ethernet Header
		Dest MAC: 34:c9:3d:d:55:9d
		Source MAC: a0:7f:8a:2f:ab:cf
		Type: IPv6

	IP Header
		IP PDU Len: 0
		Header Len (bytes): 0
		TTL: 38
		Protocol: Unknown
		Checksum: Incorrect (0xf8b0)
		Sender IP: 64.5.0.16
		Dest IP: 0.0.0.0

Packet number: 793  Packet Len: 1294

	Ethernet Header
		Dest MAC: 34:c9:3d:d:55:9d
		Source MAC: a0:7f:8a:2f:ab:cf
		Type: IPv6

	IP Header
		IP PDU Len: 0
		Header Len (bytes): 0
		TTL: 38
		Protocol: Unknown
		Checksum: Incorrect (0xf8b0)
		Sender IP: 64.5.0.16
		Dest IP: 0.0.0.0

Packet number: 794  Packet Len: 1294

	Ethernet Header
		Dest MAC: 34:c9:3d:d:55:9d
		Source MAC: a0:7f:8a:2f:ab:cf
		Type: IPv6

	IP Header
		IP PDU Len: 0
		Header Len (bytes): 0
		TTL: 38
		Protocol: Unknown
		Checksum: Incorrect (0xf8b0)
		Sender IP: 64.5.0.16
		Dest IP: 0.0.0.0

Packet number: 795  Packet Len: 1294

	Ethernet Header
		Dest MAC: 34:c9:3d:d:55:9d
		Source MAC: a0:7f:8a:2f:ab:cf
		Type: IPv6

	IP Header
		IP PDU Len: 0
		Header Len (bytes): 0
		TTL: 38
		Protocol: Unknown
		Checksum: Incorrect (0xf8b0)
		Sender IP: 64.5.0.16
		Dest IP: 0.0.0.0

Packet number: 796  Packet Len: 1294

	Ethernet Header
		Dest MAC: 34:c9:3d:d:55:9d
		Source MAC: a0:7f:8a:2f:ab:cf
		Type: IPv6

	IP Header
		IP PDU Len: 0
		Header Len (bytes): 0
		TTL: 38
		Protocol: Unknown
		Checksum: Incorrect (0xf8b0)
		Sender IP: 64.5.0.16
		Dest IP: 0.0.0.0

Packet number: 797  Packet Len: 1294

	Ethernet Header
		Dest MAC: 34:c9:3d:d:55:9d
		Source MAC: a0:7f:8a:2f:ab:cf
		Type: IPv6

	IP Header
		IP PDU Len: 0
		Header Len (bytes): 0
		TTL: 38
		Protocol: Unknown
		Checksum: Incorrect (0xf8b0)
		Sender IP: 64.5.0.16
		Dest IP: 0.0.0.0

Packet number: 798  Packet Len: 1294

	Ethernet Header
		Dest MAC: 34:c9:3d:d:55:9d
		Source MAC: a0:7f:8a:2f:ab:cf
		Type: IPv6

	IP Header
		IP PDU Len: 0
		Header Len (bytes): 0
		TTL: 38
		Protocol: Unknown
		Checksum: Incorrect (0xf8b0)
		Sender IP: 64.5.0.16
		Dest IP: 0.0.0.0

Packet number: 799  Packet Len: 1294

	Ethernet Header
		Dest MAC: 34:c9:3d:d:55:9d
		Source MAC: a0:7f:8a:2f:ab:cf
		Type: IPv6

	IP Header
		IP PDU Len: 0
		Header Len (bytes): 0
		TTL: 38
		Protocol: Unknown
		Checksum: Incorrect (0xf8b0)
		Sender IP: 64.5.0.16
		Dest IP: 0.0.0.0

Packet number: 800  Packet Len: 1294

	Ethernet Header
		Dest MAC: 34:c9:3d:d:55:9d
		Source MAC: a0:7f:8a:2f:ab:cf
		Type: IPv6

	IP Header
		IP PDU Len: 0
		Header Len (bytes): 0
		TTL: 38
		Protocol: Unknown
		Checksum: Incorrect (0xf8b0)
		Sender IP: 64.5.0.16
		Dest IP: 0.0.0.0

Packet number: 801  Packet Len: 95

	Ethernet Header
		Dest MAC: a0:7f:8a:2f:ab:cf
		Source MAC: 34:c9:3d:d:55:9d
		Type: IPv6

	IP Header
		IP PDU Len: 10831
		Header Len (bytes): 0
		TTL: 38
		Protocol: Unknown
		Checksum: Incorrect (0x6c52)
		Sender IP: 125.240.137.160
		Dest IP: 173.18.185.215

Packet number: 802  Packet Len: 1294

	Ethernet Header
		Dest MAC: 34:c9:3d:d:55:9d
		Source MAC: a0:7f:8a:2f:ab:cf
		Type: IPv6

	IP Header
		IP PDU Len: 0
		Header Len (bytes): 0
		TTL: 38
		Protocol: Unknown
		Checksum: Incorrect (0xf8b0)
		Sender IP: 64.5.0.16
		Dest IP: 0.0.0.0

Packet number: 803  Packet Len: 1294

	Ethernet Header
		Dest MAC: 34:c9:3d:d:55:9d
		Source MAC: a0:7f:8a:2f:ab:cf
		Type: IPv6

	IP Header
		IP PDU Len: 0
		Header Len (bytes): 0
		TTL: 38
		Protocol: Unknown
		Checksum: Incorrect (0xf8b0)
		Sender IP: 64.5.0.16
		Dest IP: 0.0.0.0

Packet number: 804  Packet Len: 1294

	Ethernet Header
		Dest MAC: 34:c9:3d:d:55:9d
		Source MAC: a0:7f:8a:2f:ab:cf
		Type: IPv6

	IP Header
		IP PDU Len: 0
		Header Len (bytes): 0
		TTL: 38
		Protocol: Unknown
		Checksum: Incorrect (0xf8b0)
		Sender IP: 64.5.0.16
		Dest IP: 0.0.0.0

Packet number: 805  Packet Len: 1294

	Ethernet Header
		Dest MAC: 34:c9:3d:d:55:9d
		Source MAC: a0:7f:8a:2f:ab:cf
		Type: IPv6

	IP Header
		IP PDU Len: 0
		Header Len (bytes): 0
		TTL: 38
		Protocol: Unknown
		Checksum: Incorrect (0xf8b0)
		Sender IP: 64.5.0.16
		Dest IP: 0.0.0.0

Packet number: 806  Packet Len: 1294

	Ethernet Header
		Dest MAC: 34:c9:3d:d:55:9d
		Source MAC: a0:7f:8a:2f:ab:cf
		Type: IPv6

	IP Header
		IP PDU Len: 0
		Header Len (bytes): 0
		TTL: 38
		Protocol: Unknown
		Checksum: Incorrect (0xf8b0)
		Sender IP: 64.5.0.16
		Dest IP: 0.0.0.0

Packet number: 807  Packet Len: 1294

	Ethernet Header
		Dest MAC: 34:c9:3d:d:55:9d
		Source MAC: a0:7f:8a:2f:ab:cf
		Type: IPv6

	IP Header
		IP PDU Len: 0
		Header Len (bytes): 0
		TTL: 38
		Protocol: Unknown
		Checksum: Incorrect (0xf8b0)
		Sender IP: 64.5.0.16
		Dest IP: 0.0.0.0

Packet number: 808  Packet Len: 1294

	Ethernet Header
		Dest MAC: 34:c9:3d:d:55:9d
		Source MAC: a0:7f:8a:2f:ab:cf
		Type: IPv6

	IP Header
		IP PDU Len: 0
		Header Len (bytes): 0
		TTL: 38
		Protocol: Unknown
		Checksum: Incorrect (0xf8b0)
		Sender IP: 64.5.0.16
		Dest IP: 0.0.0.0

Packet number: 809  Packet Len: 1294

	Ethernet Header
		Dest MAC: 34:c9:3d:d:55:9d
		Source MAC: a0:7f:8a:2f:ab:cf
		Type: IPv6

	IP Header
		IP PDU Len: 0
		Header Len (bytes): 0
		TTL: 38
		Protocol: Unknown
		Checksum: Incorrect (0xf8b0)
		Sender IP: 64.5.0.16
		Dest IP: 0.0.0.0

Packet number: 810  Packet Len: 1294

	Ethernet Header
		Dest MAC: 34:c9:3d:d:55:9d
		Source MAC: a0:7f:8a:2f:ab:cf
		Type: IPv6

	IP Header
		IP PDU Len: 0
		Header Len (bytes): 0
		TTL: 38
		Protocol: Unknown
		Checksum: Incorrect (0xf8b0)
		Sender IP: 64.5.0.16
		Dest IP: 0.0.0.0

Packet number: 811  Packet Len: 1294

	Ethernet Header
		Dest MAC: 34:c9:3d:d:55:9d
		Source MAC: a0:7f:8a:2f:ab:cf
		Type: IPv6

	IP Header
		IP PDU Len: 0
		Header Len (bytes): 0
		TTL: 38
		Protocol: Unknown
		Checksum: Incorrect (0xf8b0)
		Sender IP: 64.5.0.16
		Dest IP: 0.0.0.0

Packet number: 812  Packet Len: 1294

	Ethernet Header
		Dest MAC: 34:c9:3d:d:55:9d
		Source MAC: a0:7f:8a:2f:ab:cf
		Type: IPv6

	IP Header
		IP PDU Len: 0
		Header Len (bytes): 0
		TTL: 38
		Protocol: Unknown
		Checksum: Incorrect (0xf8b0)
		Sender IP: 64.5.0.16
		Dest IP: 0.0.0.0

Packet number: 813  Packet Len: 1294

	Ethernet Header
		Dest MAC: 34:c9:3d:d:55:9d
		Source MAC: a0:7f:8a:2f:ab:cf
		Type: IPv6

	IP Header
		IP PDU Len: 0
		Header Len (bytes): 0
		TTL: 38
		Protocol: Unknown
		Checksum: Incorrect (0xf8b0)
		Sender IP: 64.5.0.16
		Dest IP: 0.0.0.0

Packet number: 814  Packet Len: 1294

	Ethernet Header
		Dest MAC: 34:c9:3d:d:55:9d
		Source MAC: a0:7f:8a:2f:ab:cf
		Type: IPv6

	IP Header
		IP PDU Len: 0
		Header Len (bytes): 0
		TTL: 38
		Protocol: Unknown
		Checksum: Incorrect (0xf8b0)
		Sender IP: 64.5.0.16
		Dest IP: 0.0.0.0

Packet number: 815  Packet Len: 1294

	Ethernet Header
		Dest MAC: 34:c9:3d:d:55:9d
		Source MAC: a0:7f:8a:2f:ab:cf
		Type: IPv6

	IP Header
		IP PDU Len: 0
		Header Len (bytes): 0
		TTL: 38
		Protocol: Unknown
		Checksum: Incorrect (0xf8b0)
		Sender IP: 64.5.0.16
		Dest IP: 0.0.0.0

Packet number: 816  Packet Len: 1294

	Ethernet Header
		Dest MAC: 34:c9:3d:d:55:9d
		Source MAC: a0:7f:8a:2f:ab:cf
		Type: IPv6

	IP Header
		IP PDU Len: 0
		Header Len (bytes): 0
		TTL: 38
		Protocol: Unknown
		Checksum: Incorrect (0xf8b0)
		Sender IP: 64.5.0.16
		Dest IP: 0.0.0.0

Packet number: 817  Packet Len: 1294

	Ethernet Header
		Dest MAC: 34:c9:3d:d:55:9d
		Source MAC: a0:7f:8a:2f:ab:cf
		Type: IPv6

	IP Header
		IP PDU Len: 0
		Header Len (bytes): 0
		TTL: 38
		Protocol: Unknown
		Checksum: Incorrect (0xf8b0)
		Sender IP: 64.5.0.16
		Dest IP: 0.0.0.0

Packet number: 818  Packet Len: 1294

	Ethernet Header
		Dest MAC: 34:c9:3d:d:55:9d
		Source MAC: a0:7f:8a:2f:ab:cf
		Type: IPv6

	IP Header
		IP PDU Len: 0
		Header Len (bytes): 0
		TTL: 38
		Protocol: Unknown
		Checksum: Incorrect (0xf8b0)
		Sender IP: 64.5.0.16
		Dest IP: 0.0.0.0

Packet number: 819  Packet Len: 1294

	Ethernet Header
		Dest MAC: 34:c9:3d:d:55:9d
		Source MAC: a0:7f:8a:2f:ab:cf
		Type: IPv6

	IP Header
		IP PDU Len: 0
		Header Len (bytes): 0
		TTL: 38
		Protocol: Unknown
		Checksum: Incorrect (0xf8b0)
		Sender IP: 64.5.0.16
		Dest IP: 0.0.0.0

Packet number: 820  Packet Len: 1294

	Ethernet Header
		Dest MAC: 34:c9:3d:d:55:9d
		Source MAC: a0:7f:8a:2f:ab:cf
		Type: IPv6

	IP Header
		IP PDU Len: 0
		Header Len (bytes): 0
		TTL: 38
		Protocol: Unknown
		Checksum: Incorrect (0xf8b0)
		Sender IP: 64.5.0.16
		Dest IP: 0.0.0.0

Packet number: 821  Packet Len: 1294

	Ethernet Header
		Dest MAC: 34:c9:3d:d:55:9d
		Source MAC: a0:7f:8a:2f:ab:cf
		Type: IPv6

	IP Header
		IP PDU Len: 0
		Header Len (bytes): 0
		TTL: 38
		Protocol: Unknown
		Checksum: Incorrect (0xf8b0)
		Sender IP: 64.5.0.16
		Dest IP: 0.0.0.0

Packet number: 822  Packet Len: 1294

	Ethernet Header
		Dest MAC: 34:c9:3d:d:55:9d
		Source MAC: a0:7f:8a:2f:ab:cf
		Type: IPv6

	IP Header
		IP PDU Len: 0
		Header Len (bytes): 0
		TTL: 38
		Protocol: Unknown
		Checksum: Incorrect (0xf8b0)
		Sender IP: 64.5.0.16
		Dest IP: 0.0.0.0

Packet number: 823  Packet Len: 1294

	Ethernet Header
		Dest MAC: 34:c9:3d:d:55:9d
		Source MAC: a0:7f:8a:2f:ab:cf
		Type: IPv6

	IP Header
		IP PDU Len: 0
		Header Len (bytes): 0
		TTL: 38
		Protocol: Unknown
		Checksum: Incorrect (0xf8b0)
		Sender IP: 64.5.0.16
		Dest IP: 0.0.0.0

Packet number: 824  Packet Len: 1294

	Ethernet Header
		Dest MAC: 34:c9:3d:d:55:9d
		Source MAC: a0:7f:8a:2f:ab:cf
		Type: IPv6

	IP Header
		IP PDU Len: 0
		Header Len (bytes): 0
		TTL: 38
		Protocol: Unknown
		Checksum: Incorrect (0xf8b0)
		Sender IP: 64.5.0.16
		Dest IP: 0.0.0.0

Packet number: 825  Packet Len: 1294

	Ethernet Header
		Dest MAC: 34:c9:3d:d:55:9d
		Source MAC: a0:7f:8a:2f:ab:cf
		Type: IPv6

	IP Header
		IP PDU Len: 0
		Header Len (bytes): 0
		TTL: 38
		Protocol: Unknown
		Checksum: Incorrect (0xf8b0)
		Sender IP: 64.5.0.16
		Dest IP: 0.0.0.0

Packet number: 826  Packet Len: 1294

	Ethernet Header
		Dest MAC: 34:c9:3d:d:55:9d
		Source MAC: a0:7f:8a:2f:ab:cf
		Type: IPv6

	IP Header
		IP PDU Len: 0
		Header Len (bytes): 0
		TTL: 38
		Protocol: Unknown
		Checksum: Incorrect (0xf8b0)
		Sender IP: 64.5.0.16
		Dest IP: 0.0.0.0

Packet number: 827  Packet Len: 1294

	Ethernet Header
		Dest MAC: 34:c9:3d:d:55:9d
		Source MAC: a0:7f:8a:2f:ab:cf
		Type: IPv6

	IP Header
		IP PDU Len: 0
		Header Len (bytes): 0
		TTL: 38
		Protocol: Unknown
		Checksum: Incorrect (0xf8b0)
		Sender IP: 64.5.0.16
		Dest IP: 0.0.0.0

Packet number: 828  Packet Len: 1294

	Ethernet Header
		Dest MAC: 34:c9:3d:d:55:9d
		Source MAC: a0:7f:8a:2f:ab:cf
		Type: IPv6

	IP Header
		IP PDU Len: 0
		Header Len (bytes): 0
		TTL: 38
		Protocol: Unknown
		Checksum: Incorrect (0xf8b0)
		Sender IP: 64.5.0.16
		Dest IP: 0.0.0.0

Packet number: 829  Packet Len: 1294

	Ethernet Header
		Dest MAC: 34:c9:3d:d:55:9d
		Source MAC: a0:7f:8a:2f:ab:cf
		Type: IPv6

	IP Header
		IP PDU Len: 0
		Header Len (bytes): 0
		TTL: 38
		Protocol: Unknown
		Checksum: Incorrect (0xf8b0)
		Sender IP: 64.5.0.16
		Dest IP: 0.0.0.0

Packet number: 830  Packet Len: 1294

	Ethernet Header
		Dest MAC: 34:c9:3d:d:55:9d
		Source MAC: a0:7f:8a:2f:ab:cf
		Type: IPv6

	IP Header
		IP PDU Len: 0
		Header Len (bytes): 0
		TTL: 38
		Protocol: Unknown
		Checksum: Incorrect (0xf8b0)
		Sender IP: 64.5.0.16
		Dest IP: 0.0.0.0

Packet number: 831  Packet Len: 1294

	Ethernet Header
		Dest MAC: 34:c9:3d:d:55:9d
		Source MAC: a0:7f:8a:2f:ab:cf
		Type: IPv6

	IP Header
		IP PDU Len: 0
		Header Len (bytes): 0
		TTL: 38
		Protocol: Unknown
		Checksum: Incorrect (0xf8b0)
		Sender IP: 64.5.0.16
		Dest IP: 0.0.0.0

Packet number: 832  Packet Len: 1294

	Ethernet Header
		Dest MAC: 34:c9:3d:d:55:9d
		Source MAC: a0:7f:8a:2f:ab:cf
		Type: IPv6

	IP Header
		IP PDU Len: 0
		Header Len (bytes): 0
		TTL: 38
		Protocol: Unknown
		Checksum: Incorrect (0xf8b0)
		Sender IP: 64.5.0.16
		Dest IP: 0.0.0.0

Packet number: 833  Packet Len: 1294

	Ethernet Header
		Dest MAC: 34:c9:3d:d:55:9d
		Source MAC: a0:7f:8a:2f:ab:cf
		Type: IPv6

	IP Header
		IP PDU Len: 0
		Header Len (bytes): 0
		TTL: 38
		Protocol: Unknown
		Checksum: Incorrect (0xf8b0)
		Sender IP: 64.5.0.16
		Dest IP: 0.0.0.0

Packet number: 834  Packet Len: 1294

	Ethernet Header
		Dest MAC: 34:c9:3d:d:55:9d
		Source MAC: a0:7f:8a:2f:ab:cf
		Type: IPv6

	IP Header
		IP PDU Len: 0
		Header Len (bytes): 0
		TTL: 38
		Protocol: Unknown
		Checksum: Incorrect (0xf8b0)
		Sender IP: 64.5.0.16
		Dest IP: 0.0.0.0

Packet number: 835  Packet Len: 1294

	Ethernet Header
		Dest MAC: 34:c9:3d:d:55:9d
		Source MAC: a0:7f:8a:2f:ab:cf
		Type: IPv6

	IP Header
		IP PDU Len: 0
		Header Len (bytes): 0
		TTL: 38
		Protocol: Unknown
		Checksum: Incorrect (0xf8b0)
		Sender IP: 64.5.0.16
		Dest IP: 0.0.0.0

Packet number: 836  Packet Len: 1294

	Ethernet Header
		Dest MAC: 34:c9:3d:d:55:9d
		Source MAC: a0:7f:8a:2f:ab:cf
		Type: IPv6

	IP Header
		IP PDU Len: 0
		Header Len (bytes): 0
		TTL: 38
		Protocol: Unknown
		Checksum: Incorrect (0xf8b0)
		Sender IP: 64.5.0.16
		Dest IP: 0.0.0.0

Packet number: 837  Packet Len: 1294

	Ethernet Header
		Dest MAC: 34:c9:3d:d:55:9d
		Source MAC: a0:7f:8a:2f:ab:cf
		Type: IPv6

	IP Header
		IP PDU Len: 0
		Header Len (bytes): 0
		TTL: 38
		Protocol: Unknown
		Checksum: Incorrect (0xf8b0)
		Sender IP: 64.5.0.16
		Dest IP: 0.0.0.0

Packet number: 838  Packet Len: 1294

	Ethernet Header
		Dest MAC: 34:c9:3d:d:55:9d
		Source MAC: a0:7f:8a:2f:ab:cf
		Type: IPv6

	IP Header
		IP PDU Len: 0
		Header Len (bytes): 0
		TTL: 38
		Protocol: Unknown
		Checksum: Incorrect (0xf8b0)
		Sender IP: 64.5.0.16
		Dest IP: 0.0.0.0

Packet number: 839  Packet Len: 1294

	Ethernet Header
		Dest MAC: 34:c9:3d:d:55:9d
		Source MAC: a0:7f:8a:2f:ab:cf
		Type: IPv6

	IP Header
		IP PDU Len: 0
		Header Len (bytes): 0
		TTL: 38
		Protocol: Unknown
		Checksum: Incorrect (0xf8b0)
		Sender IP: 64.5.0.16
		Dest IP: 0.0.0.0

Packet number: 840  Packet Len: 1294

	Ethernet Header
		Dest MAC: 34:c9:3d:d:55:9d
		Source MAC: a0:7f:8a:2f:ab:cf
		Type: IPv6

	IP Header
		IP PDU Len: 0
		Header Len (bytes): 0
		TTL: 38
		Protocol: Unknown
		Checksum: Incorrect (0xf8b0)
		Sender IP: 64.5.0.16
		Dest IP: 0.0.0.0

Packet number: 841  Packet Len: 1294

	Ethernet Header
		Dest MAC: 34:c9:3d:d:55:9d
		Source MAC: a0:7f:8a:2f:ab:cf
		Type: IPv6

	IP Header
		IP PDU Len: 0
		Header Len (bytes): 0
		TTL: 38
		Protocol: Unknown
		Checksum: Incorrect (0xf8b0)
		Sender IP: 64.5.0.16
		Dest IP: 0.0.0.0

Packet number: 842  Packet Len: 1294

	Ethernet Header
		Dest MAC: 34:c9:3d:d:55:9d
		Source MAC: a0:7f:8a:2f:ab:cf
		Type: IPv6

	IP Header
		IP PDU Len: 0
		Header Len (bytes): 0
		TTL: 38
		Protocol: Unknown
		Checksum: Incorrect (0xf8b0)
		Sender IP: 64.5.0.16
		Dest IP: 0.0.0.0

Packet number: 843  Packet Len: 1294

	Ethernet Header
		Dest MAC: 34:c9:3d:d:55:9d
		Source MAC: a0:7f:8a:2f:ab:cf
		Type: IPv6

	IP Header
		IP PDU Len: 0
		Header Len (bytes): 0
		TTL: 38
		Protocol: Unknown
		Checksum: Incorrect (0xf8b0)
		Sender IP: 64.5.0.16
		Dest IP: 0.0.0.0

Packet number: 844  Packet Len: 1294

	Ethernet Header
		Dest MAC: 34:c9:3d:d:55:9d
		Source MAC: a0:7f:8a:2f:ab:cf
		Type: IPv6

	IP Header
		IP PDU Len: 0
		Header Len (bytes): 0
		TTL: 38
		Protocol: Unknown
		Checksum: Incorrect (0xf8b0)
		Sender IP: 64.5.0.16
		Dest IP: 0.0.0.0

Packet number: 845  Packet Len: 1294

	Ethernet Header
		Dest MAC: 34:c9:3d:d:55:9d
		Source MAC: a0:7f:8a:2f:ab:cf
		Type: IPv6

	IP Header
		IP PDU Len: 0
		Header Len (bytes): 0
		TTL: 38
		Protocol: Unknown
		Checksum: Incorrect (0xf8b0)
		Sender IP: 64.5.0.16
		Dest IP: 0.0.0.0

Packet number: 846  Packet Len: 95

	Ethernet Header
		Dest MAC: a0:7f:8a:2f:ab:cf
		Source MAC: 34:c9:3d:d:55:9d
		Type: IPv6

	IP Header
		IP PDU Len: 10831
		Header Len (bytes): 0
		TTL: 38
		Protocol: Unknown
		Checksum: Incorrect (0x6c52)
		Sender IP: 125.240.137.160
		Dest IP: 173.18.185.215

Packet number: 847  Packet Len: 1294

	Ethernet Header
		Dest MAC: 34:c9:3d:d:55:9d
		Source MAC: a0:7f:8a:2f:ab:cf
		Type: IPv6

	IP Header
		IP PDU Len: 0
		Header Len (bytes): 0
		TTL: 38
		Protocol: Unknown
		Checksum: Incorrect (0xf8b0)
		Sender IP: 64.5.0.16
		Dest IP: 0.0.0.0

Packet number: 848  Packet Len: 1294

	Ethernet Header
		Dest MAC: 34:c9:3d:d:55:9d
		Source MAC: a0:7f:8a:2f:ab:cf
		Type: IPv6

	IP Header
		IP PDU Len: 0
		Header Len (bytes): 0
		TTL: 38
		Protocol: Unknown
		Checksum: Incorrect (0xf8b0)
		Sender IP: 64.5.0.16
		Dest IP: 0.0.0.0

Packet number: 849  Packet Len: 1294

	Ethernet Header
		Dest MAC: 34:c9:3d:d:55:9d
		Source MAC: a0:7f:8a:2f:ab:cf
		Type: IPv6

	IP Header
		IP PDU Len: 0
		Header Len (bytes): 0
		TTL: 38
		Protocol: Unknown
		Checksum: Incorrect (0xf8b0)
		Sender IP: 64.5.0.16
		Dest IP: 0.0.0.0

Packet number: 850  Packet Len: 1294

	Ethernet Header
		Dest MAC: 34:c9:3d:d:55:9d
		Source MAC: a0:7f:8a:2f:ab:cf
		Type: IPv6

	IP Header
		IP PDU Len: 0
		Header Len (bytes): 0
		TTL: 38
		Protocol: Unknown
		Checksum: Incorrect (0xf8b0)
		Sender IP: 64.5.0.16
		Dest IP: 0.0.0.0

Packet number: 851  Packet Len: 1294

	Ethernet Header
		Dest MAC: 34:c9:3d:d:55:9d
		Source MAC: a0:7f:8a:2f:ab:cf
		Type: IPv6

	IP Header
		IP PDU Len: 0
		Header Len (bytes): 0
		TTL: 38
		Protocol: Unknown
		Checksum: Incorrect (0xf8b0)
		Sender IP: 64.5.0.16
		Dest IP: 0.0.0.0

Packet number: 852  Packet Len: 1294

	Ethernet Header
		Dest MAC: 34:c9:3d:d:55:9d
		Source MAC: a0:7f:8a:2f:ab:cf
		Type: IPv6

	IP Header
		IP PDU Len: 0
		Header Len (bytes): 0
		TTL: 38
		Protocol: Unknown
		Checksum: Incorrect (0xf8b0)
		Sender IP: 64.5.0.16
		Dest IP: 0.0.0.0

Packet number: 853  Packet Len: 1294

	Ethernet Header
		Dest MAC: 34:c9:3d:d:55:9d
		Source MAC: a0:7f:8a:2f:ab:cf
		Type: IPv6

	IP Header
		IP PDU Len: 0
		Header Len (bytes): 0
		TTL: 38
		Protocol: Unknown
		Checksum: Incorrect (0xf8b0)
		Sender IP: 64.5.0.16
		Dest IP: 0.0.0.0

Packet number: 854  Packet Len: 1294

	Ethernet Header
		Dest MAC: 34:c9:3d:d:55:9d
		Source MAC: a0:7f:8a:2f:ab:cf
		Type: IPv6

	IP Header
		IP PDU Len: 0
		Header Len (bytes): 0
		TTL: 38
		Protocol: Unknown
		Checksum: Incorrect (0xf8b0)
		Sender IP: 64.5.0.16
		Dest IP: 0.0.0.0

Packet number: 855  Packet Len: 1294

	Ethernet Header
		Dest MAC: 34:c9:3d:d:55:9d
		Source MAC: a0:7f:8a:2f:ab:cf
		Type: IPv6

	IP Header
		IP PDU Len: 0
		Header Len (bytes): 0
		TTL: 38
		Protocol: Unknown
		Checksum: Incorrect (0xf8b0)
		Sender IP: 64.5.0.16
		Dest IP: 0.0.0.0

Packet number: 856  Packet Len: 1294

	Ethernet Header
		Dest MAC: 34:c9:3d:d:55:9d
		Source MAC: a0:7f:8a:2f:ab:cf
		Type: IPv6

	IP Header
		IP PDU Len: 0
		Header Len (bytes): 0
		TTL: 38
		Protocol: Unknown
		Checksum: Incorrect (0xf8b0)
		Sender IP: 64.5.0.16
		Dest IP: 0.0.0.0

Packet number: 857  Packet Len: 1294

	Ethernet Header
		Dest MAC: 34:c9:3d:d:55:9d
		Source MAC: a0:7f:8a:2f:ab:cf
		Type: IPv6

	IP Header
		IP PDU Len: 0
		Header Len (bytes): 0
		TTL: 38
		Protocol: Unknown
		Checksum: Incorrect (0xf8b0)
		Sender IP: 64.5.0.16
		Dest IP: 0.0.0.0

Packet number: 858  Packet Len: 1294

	Ethernet Header
		Dest MAC: 34:c9:3d:d:55:9d
		Source MAC: a0:7f:8a:2f:ab:cf
		Type: IPv6

	IP Header
		IP PDU Len: 0
		Header Len (bytes): 0
		TTL: 38
		Protocol: Unknown
		Checksum: Incorrect (0xf8b0)
		Sender IP: 64.5.0.16
		Dest IP: 0.0.0.0

Packet number: 859  Packet Len: 1294

	Ethernet Header
		Dest MAC: 34:c9:3d:d:55:9d
		Source MAC: a0:7f:8a:2f:ab:cf
		Type: IPv6

	IP Header
		IP PDU Len: 0
		Header Len (bytes): 0
		TTL: 38
		Protocol: Unknown
		Checksum: Incorrect (0xf8b0)
		Sender IP: 64.5.0.16
		Dest IP: 0.0.0.0

Packet number: 860  Packet Len: 1294

	Ethernet Header
		Dest MAC: 34:c9:3d:d:55:9d
		Source MAC: a0:7f:8a:2f:ab:cf
		Type: IPv6

	IP Header
		IP PDU Len: 0
		Header Len (bytes): 0
		TTL: 38
		Protocol: Unknown
		Checksum: Incorrect (0xf8b0)
		Sender IP: 64.5.0.16
		Dest IP: 0.0.0.0

Packet number: 861  Packet Len: 1294

	Ethernet Header
		Dest MAC: 34:c9:3d:d:55:9d
		Source MAC: a0:7f:8a:2f:ab:cf
		Type: IPv6

	IP Header
		IP PDU Len: 0
		Header Len (bytes): 0
		TTL: 38
		Protocol: Unknown
		Checksum: Incorrect (0xf8b0)
		Sender IP: 64.5.0.16
		Dest IP: 0.0.0.0

Packet number: 862  Packet Len: 1294

	Ethernet Header
		Dest MAC: 34:c9:3d:d:55:9d
		Source MAC: a0:7f:8a:2f:ab:cf
		Type: IPv6

	IP Header
		IP PDU Len: 0
		Header Len (bytes): 0
		TTL: 38
		Protocol: Unknown
		Checksum: Incorrect (0xf8b0)
		Sender IP: 64.5.0.16
		Dest IP: 0.0.0.0

Packet number: 863  Packet Len: 1294

	Ethernet Header
		Dest MAC: 34:c9:3d:d:55:9d
		Source MAC: a0:7f:8a:2f:ab:cf
		Type: IPv6

	IP Header
		IP PDU Len: 0
		Header Len (bytes): 0
		TTL: 38
		Protocol: Unknown
		Checksum: Incorrect (0xf8b0)
		Sender IP: 64.5.0.16
		Dest IP: 0.0.0.0

Packet number: 864  Packet Len: 1294

	Ethernet Header
		Dest MAC: 34:c9:3d:d:55:9d
		Source MAC: a0:7f:8a:2f:ab:cf
		Type: IPv6

	IP Header
		IP PDU Len: 0
		Header Len (bytes): 0
		TTL: 38
		Protocol: Unknown
		Checksum: Incorrect (0xf8b0)
		Sender IP: 64.5.0.16
		Dest IP: 0.0.0.0

Packet number: 865  Packet Len: 1294

	Ethernet Header
		Dest MAC: 34:c9:3d:d:55:9d
		Source MAC: a0:7f:8a:2f:ab:cf
		Type: IPv6

	IP Header
		IP PDU Len: 0
		Header Len (bytes): 0
		TTL: 38
		Protocol: Unknown
		Checksum: Incorrect (0xf8b0)
		Sender IP: 64.5.0.16
		Dest IP: 0.0.0.0

Packet number: 866  Packet Len: 1294

	Ethernet Header
		Dest MAC: 34:c9:3d:d:55:9d
		Source MAC: a0:7f:8a:2f:ab:cf
		Type: IPv6

	IP Header
		IP PDU Len: 0
		Header Len (bytes): 0
		TTL: 38
		Protocol: Unknown
		Checksum: Incorrect (0xf8b0)
		Sender IP: 64.5.0.16
		Dest IP: 0.0.0.0

Packet number: 867  Packet Len: 1294

	Ethernet Header
		Dest MAC: 34:c9:3d:d:55:9d
		Source MAC: a0:7f:8a:2f:ab:cf
		Type: IPv6

	IP Header
		IP PDU Len: 0
		Header Len (bytes): 0
		TTL: 38
		Protocol: Unknown
		Checksum: Incorrect (0xf8b0)
		Sender IP: 64.5.0.16
		Dest IP: 0.0.0.0

Packet number: 868  Packet Len: 1294

	Ethernet Header
		Dest MAC: 34:c9:3d:d:55:9d
		Source MAC: a0:7f:8a:2f:ab:cf
		Type: IPv6

	IP Header
		IP PDU Len: 0
		Header Len (bytes): 0
		TTL: 38
		Protocol: Unknown
		Checksum: Incorrect (0xf8b0)
		Sender IP: 64.5.0.16
		Dest IP: 0.0.0.0

Packet number: 869  Packet Len: 1294

	Ethernet Header
		Dest MAC: 34:c9:3d:d:55:9d
		Source MAC: a0:7f:8a:2f:ab:cf
		Type: IPv6

	IP Header
		IP PDU Len: 0
		Header Len (bytes): 0
		TTL: 38
		Protocol: Unknown
		Checksum: Incorrect (0xf8b0)
		Sender IP: 64.5.0.16
		Dest IP: 0.0.0.0

Packet number: 870  Packet Len: 1294

	Ethernet Header
		Dest MAC: 34:c9:3d:d:55:9d
		Source MAC: a0:7f:8a:2f:ab:cf
		Type: IPv6

	IP Header
		IP PDU Len: 0
		Header Len (bytes): 0
		TTL: 38
		Protocol: Unknown
		Checksum: Incorrect (0xf8b0)
		Sender IP: 64.5.0.16
		Dest IP: 0.0.0.0

Packet number: 871  Packet Len: 1294

	Ethernet Header
		Dest MAC: 34:c9:3d:d:55:9d
		Source MAC: a0:7f:8a:2f:ab:cf
		Type: IPv6

	IP Header
		IP PDU Len: 0
		Header Len (bytes): 0
		TTL: 38
		Protocol: Unknown
		Checksum: Incorrect (0xf8b0)
		Sender IP: 64.5.0.16
		Dest IP: 0.0.0.0

Packet number: 872  Packet Len: 1294

	Ethernet Header
		Dest MAC: 34:c9:3d:d:55:9d
		Source MAC: a0:7f:8a:2f:ab:cf
		Type: IPv6

	IP Header
		IP PDU Len: 0
		Header Len (bytes): 0
		TTL: 38
		Protocol: Unknown
		Checksum: Incorrect (0xf8b0)
		Sender IP: 64.5.0.16
		Dest IP: 0.0.0.0

Packet number: 873  Packet Len: 1294

	Ethernet Header
		Dest MAC: 34:c9:3d:d:55:9d
		Source MAC: a0:7f:8a:2f:ab:cf
		Type: IPv6

	IP Header
		IP PDU Len: 0
		Header Len (bytes): 0
		TTL: 38
		Protocol: Unknown
		Checksum: Incorrect (0xf8b0)
		Sender IP: 64.5.0.16
		Dest IP: 0.0.0.0

Packet number: 874  Packet Len: 1294

	Ethernet Header
		Dest MAC: 34:c9:3d:d:55:9d
		Source MAC: a0:7f:8a:2f:ab:cf
		Type: IPv6

	IP Header
		IP PDU Len: 0
		Header Len (bytes): 0
		TTL: 38
		Protocol: Unknown
		Checksum: Incorrect (0xf8b0)
		Sender IP: 64.5.0.16
		Dest IP: 0.0.0.0

Packet number: 875  Packet Len: 1294

	Ethernet Header
		Dest MAC: 34:c9:3d:d:55:9d
		Source MAC: a0:7f:8a:2f:ab:cf
		Type: IPv6

	IP Header
		IP PDU Len: 0
		Header Len (bytes): 0
		TTL: 38
		Protocol: Unknown
		Checksum: Incorrect (0xf8b0)
		Sender IP: 64.5.0.16
		Dest IP: 0.0.0.0

Packet number: 876  Packet Len: 1294

	Ethernet Header
		Dest MAC: 34:c9:3d:d:55:9d
		Source MAC: a0:7f:8a:2f:ab:cf
		Type: IPv6

	IP Header
		IP PDU Len: 0
		Header Len (bytes): 0
		TTL: 38
		Protocol: Unknown
		Checksum: Incorrect (0xf8b0)
		Sender IP: 64.5.0.16
		Dest IP: 0.0.0.0

Packet number: 877  Packet Len: 1294

	Ethernet Header
		Dest MAC: 34:c9:3d:d:55:9d
		Source MAC: a0:7f:8a:2f:ab:cf
		Type: IPv6

	IP Header
		IP PDU Len: 0
		Header Len (bytes): 0
		TTL: 38
		Protocol: Unknown
		Checksum: Incorrect (0xf8b0)
		Sender IP: 64.5.0.16
		Dest IP: 0.0.0.0

Packet number: 878  Packet Len: 1294

	Ethernet Header
		Dest MAC: 34:c9:3d:d:55:9d
		Source MAC: a0:7f:8a:2f:ab:cf
		Type: IPv6

	IP Header
		IP PDU Len: 0
		Header Len (bytes): 0
		TTL: 38
		Protocol: Unknown
		Checksum: Incorrect (0xf8b0)
		Sender IP: 64.5.0.16
		Dest IP: 0.0.0.0

Packet number: 879  Packet Len: 95

	Ethernet Header
		Dest MAC: a0:7f:8a:2f:ab:cf
		Source MAC: 34:c9:3d:d:55:9d
		Type: IPv6

	IP Header
		IP PDU Len: 10831
		Header Len (bytes): 0
		TTL: 38
		Protocol: Unknown
		Checksum: Incorrect (0x6c52)
		Sender IP: 125.240.137.160
		Dest IP: 173.18.185.215

Packet number: 880  Packet Len: 1294

	Ethernet Header
		Dest MAC: 34:c9:3d:d:55:9d
		Source MAC: a0:7f:8a:2f:ab:cf
		Type: IPv6

	IP Header
		IP PDU Len: 0
		Header Len (bytes): 0
		TTL: 38
		Protocol: Unknown
		Checksum: Incorrect (0xf8b0)
		Sender IP: 64.5.0.16
		Dest IP: 0.0.0.0

Packet number: 881  Packet Len: 1294

	Ethernet Header
		Dest MAC: 34:c9:3d:d:55:9d
		Source MAC: a0:7f:8a:2f:ab:cf
		Type: IPv6

	IP Header
		IP PDU Len: 0
		Header Len (bytes): 0
		TTL: 38
		Protocol: Unknown
		Checksum: Incorrect (0xf8b0)
		Sender IP: 64.5.0.16
		Dest IP: 0.0.0.0

Packet number: 882  Packet Len: 1294

	Ethernet Header
		Dest MAC: 34:c9:3d:d:55:9d
		Source MAC: a0:7f:8a:2f:ab:cf
		Type: IPv6

	IP Header
		IP PDU Len: 0
		Header Len (bytes): 0
		TTL: 38
		Protocol: Unknown
		Checksum: Incorrect (0xf8b0)
		Sender IP: 64.5.0.16
		Dest IP: 0.0.0.0

Packet number: 883  Packet Len: 1294

	Ethernet Header
		Dest MAC: 34:c9:3d:d:55:9d
		Source MAC: a0:7f:8a:2f:ab:cf
		Type: IPv6

	IP Header
		IP PDU Len: 0
		Header Len (bytes): 0
		TTL: 38
		Protocol: Unknown
		Checksum: Incorrect (0xf8b0)
		Sender IP: 64.5.0.16
		Dest IP: 0.0.0.0

Packet number: 884  Packet Len: 1294

	Ethernet Header
		Dest MAC: 34:c9:3d:d:55:9d
		Source MAC: a0:7f:8a:2f:ab:cf
		Type: IPv6

	IP Header
		IP PDU Len: 0
		Header Len (bytes): 0
		TTL: 38
		Protocol: Unknown
		Checksum: Incorrect (0xf8b0)
		Sender IP: 64.5.0.16
		Dest IP: 0.0.0.0

Packet number: 885  Packet Len: 1294

	Ethernet Header
		Dest MAC: 34:c9:3d:d:55:9d
		Source MAC: a0:7f:8a:2f:ab:cf
		Type: IPv6

	IP Header
		IP PDU Len: 0
		Header Len (bytes): 0
		TTL: 38
		Protocol: Unknown
		Checksum: Incorrect (0xf8b0)
		Sender IP: 64.5.0.16
		Dest IP: 0.0.0.0

Packet number: 886  Packet Len: 1294

	Ethernet Header
		Dest MAC: 34:c9:3d:d:55:9d
		Source MAC: a0:7f:8a:2f:ab:cf
		Type: IPv6

	IP Header
		IP PDU Len: 0
		Header Len (bytes): 0
		TTL: 38
		Protocol: Unknown
		Checksum: Incorrect (0xf8b0)
		Sender IP: 64.5.0.16
		Dest IP: 0.0.0.0

Packet number: 887  Packet Len: 1294

	Ethernet Header
		Dest MAC: 34:c9:3d:d:55:9d
		Source MAC: a0:7f:8a:2f:ab:cf
		Type: IPv6

	IP Header
		IP PDU Len: 0
		Header Len (bytes): 0
		TTL: 38
		Protocol: Unknown
		Checksum: Incorrect (0xf8b0)
		Sender IP: 64.5.0.16
		Dest IP: 0.0.0.0

Packet number: 888  Packet Len: 1294

	Ethernet Header
		Dest MAC: 34:c9:3d:d:55:9d
		Source MAC: a0:7f:8a:2f:ab:cf
		Type: IPv6

	IP Header
		IP PDU Len: 0
		Header Len (bytes): 0
		TTL: 38
		Protocol: Unknown
		Checksum: Incorrect (0xf8b0)
		Sender IP: 64.5.0.16
		Dest IP: 0.0.0.0

Packet number: 889  Packet Len: 1294

	Ethernet Header
		Dest MAC: 34:c9:3d:d:55:9d
		Source MAC: a0:7f:8a:2f:ab:cf
		Type: IPv6

	IP Header
		IP PDU Len: 0
		Header Len (bytes): 0
		TTL: 38
		Protocol: Unknown
		Checksum: Incorrect (0xf8b0)
		Sender IP: 64.5.0.16
		Dest IP: 0.0.0.0

Packet number: 890  Packet Len: 1294

	Ethernet Header
		Dest MAC: 34:c9:3d:d:55:9d
		Source MAC: a0:7f:8a:2f:ab:cf
		Type: IPv6

	IP Header
		IP PDU Len: 0
		Header Len (bytes): 0
		TTL: 38
		Protocol: Unknown
		Checksum: Incorrect (0xf8b0)
		Sender IP: 64.5.0.16
		Dest IP: 0.0.0.0

Packet number: 891  Packet Len: 1294

	Ethernet Header
		Dest MAC: 34:c9:3d:d:55:9d
		Source MAC: a0:7f:8a:2f:ab:cf
		Type: IPv6

	IP Header
		IP PDU Len: 0
		Header Len (bytes): 0
		TTL: 38
		Protocol: Unknown
		Checksum: Incorrect (0xf8b0)
		Sender IP: 64.5.0.16
		Dest IP: 0.0.0.0

Packet number: 892  Packet Len: 1294

	Ethernet Header
		Dest MAC: 34:c9:3d:d:55:9d
		Source MAC: a0:7f:8a:2f:ab:cf
		Type: IPv6

	IP Header
		IP PDU Len: 0
		Header Len (bytes): 0
		TTL: 38
		Protocol: Unknown
		Checksum: Incorrect (0xf8b0)
		Sender IP: 64.5.0.16
		Dest IP: 0.0.0.0

Packet number: 893  Packet Len: 1294

	Ethernet Header
		Dest MAC: 34:c9:3d:d:55:9d
		Source MAC: a0:7f:8a:2f:ab:cf
		Type: IPv6

	IP Header
		IP PDU Len: 0
		Header Len (bytes): 0
		TTL: 38
		Protocol: Unknown
		Checksum: Incorrect (0xf8b0)
		Sender IP: 64.5.0.16
		Dest IP: 0.0.0.0

Packet number: 894  Packet Len: 1294

	Ethernet Header
		Dest MAC: 34:c9:3d:d:55:9d
		Source MAC: a0:7f:8a:2f:ab:cf
		Type: IPv6

	IP Header
		IP PDU Len: 0
		Header Len (bytes): 0
		TTL: 38
		Protocol: Unknown
		Checksum: Incorrect (0xf8b0)
		Sender IP: 64.5.0.16
		Dest IP: 0.0.0.0

Packet number: 895  Packet Len: 1294

	Ethernet Header
		Dest MAC: 34:c9:3d:d:55:9d
		Source MAC: a0:7f:8a:2f:ab:cf
		Type: IPv6

	IP Header
		IP PDU Len: 0
		Header Len (bytes): 0
		TTL: 38
		Protocol: Unknown
		Checksum: Incorrect (0xf8b0)
		Sender IP: 64.5.0.16
		Dest IP: 0.0.0.0

Packet number: 896  Packet Len: 1294

	Ethernet Header
		Dest MAC: 34:c9:3d:d:55:9d
		Source MAC: a0:7f:8a:2f:ab:cf
		Type: IPv6

	IP Header
		IP PDU Len: 0
		Header Len (bytes): 0
		TTL: 38
		Protocol: Unknown
		Checksum: Incorrect (0xf8b0)
		Sender IP: 64.5.0.16
		Dest IP: 0.0.0.0

Packet number: 897  Packet Len: 1294

	Ethernet Header
		Dest MAC: 34:c9:3d:d:55:9d
		Source MAC: a0:7f:8a:2f:ab:cf
		Type: IPv6

	IP Header
		IP PDU Len: 0
		Header Len (bytes): 0
		TTL: 38
		Protocol: Unknown
		Checksum: Incorrect (0xf8b0)
		Sender IP: 64.5.0.16
		Dest IP: 0.0.0.0

Packet number: 898  Packet Len: 1294

	Ethernet Header
		Dest MAC: 34:c9:3d:d:55:9d
		Source MAC: a0:7f:8a:2f:ab:cf
		Type: IPv6

	IP Header
		IP PDU Len: 0
		Header Len (bytes): 0
		TTL: 38
		Protocol: Unknown
		Checksum: Incorrect (0xf8b0)
		Sender IP: 64.5.0.16
		Dest IP: 0.0.0.0

Packet number: 899  Packet Len: 1294

	Ethernet Header
		Dest MAC: 34:c9:3d:d:55:9d
		Source MAC: a0:7f:8a:2f:ab:cf
		Type: IPv6

	IP Header
		IP PDU Len: 0
		Header Len (bytes): 0
		TTL: 38
		Protocol: Unknown
		Checksum: Incorrect (0xf8b0)
		Sender IP: 64.5.0.16
		Dest IP: 0.0.0.0

Packet number: 900  Packet Len: 1294

	Ethernet Header
		Dest MAC: 34:c9:3d:d:55:9d
		Source MAC: a0:7f:8a:2f:ab:cf
		Type: IPv6

	IP Header
		IP PDU Len: 0
		Header Len (bytes): 0
		TTL: 38
		Protocol: Unknown
		Checksum: Incorrect (0xf8b0)
		Sender IP: 64.5.0.16
		Dest IP: 0.0.0.0

Packet number: 901  Packet Len: 1294

	Ethernet Header
		Dest MAC: 34:c9:3d:d:55:9d
		Source MAC: a0:7f:8a:2f:ab:cf
		Type: IPv6

	IP Header
		IP PDU Len: 0
		Header Len (bytes): 0
		TTL: 38
		Protocol: Unknown
		Checksum: Incorrect (0xf8b0)
		Sender IP: 64.5.0.16
		Dest IP: 0.0.0.0

Packet number: 902  Packet Len: 1294

	Ethernet Header
		Dest MAC: 34:c9:3d:d:55:9d
		Source MAC: a0:7f:8a:2f:ab:cf
		Type: IPv6

	IP Header
		IP PDU Len: 0
		Header Len (bytes): 0
		TTL: 38
		Protocol: Unknown
		Checksum: Incorrect (0xf8b0)
		Sender IP: 64.5.0.16
		Dest IP: 0.0.0.0

Packet number: 903  Packet Len: 1294

	Ethernet Header
		Dest MAC: 34:c9:3d:d:55:9d
		Source MAC: a0:7f:8a:2f:ab:cf
		Type: IPv6

	IP Header
		IP PDU Len: 0
		Header Len (bytes): 0
		TTL: 38
		Protocol: Unknown
		Checksum: Incorrect (0xf8b0)
		Sender IP: 64.5.0.16
		Dest IP: 0.0.0.0

Packet number: 904  Packet Len: 1294

	Ethernet Header
		Dest MAC: 34:c9:3d:d:55:9d
		Source MAC: a0:7f:8a:2f:ab:cf
		Type: IPv6

	IP Header
		IP PDU Len: 0
		Header Len (bytes): 0
		TTL: 38
		Protocol: Unknown
		Checksum: Incorrect (0xf8b0)
		Sender IP: 64.5.0.16
		Dest IP: 0.0.0.0

Packet number: 905  Packet Len: 1294

	Ethernet Header
		Dest MAC: 34:c9:3d:d:55:9d
		Source MAC: a0:7f:8a:2f:ab:cf
		Type: IPv6

	IP Header
		IP PDU Len: 0
		Header Len (bytes): 0
		TTL: 38
		Protocol: Unknown
		Checksum: Incorrect (0xf8b0)
		Sender IP: 64.5.0.16
		Dest IP: 0.0.0.0

Packet number: 906  Packet Len: 1294

	Ethernet Header
		Dest MAC: 34:c9:3d:d:55:9d
		Source MAC: a0:7f:8a:2f:ab:cf
		Type: IPv6

	IP Header
		IP PDU Len: 0
		Header Len (bytes): 0
		TTL: 38
		Protocol: Unknown
		Checksum: Incorrect (0xf8b0)
		Sender IP: 64.5.0.16
		Dest IP: 0.0.0.0

Packet number: 907  Packet Len: 1294

	Ethernet Header
		Dest MAC: 34:c9:3d:d:55:9d
		Source MAC: a0:7f:8a:2f:ab:cf
		Type: IPv6

	IP Header
		IP PDU Len: 0
		Header Len (bytes): 0
		TTL: 38
		Protocol: Unknown
		Checksum: Incorrect (0xf8b0)
		Sender IP: 64.5.0.16
		Dest IP: 0.0.0.0

Packet number: 908  Packet Len: 1294

	Ethernet Header
		Dest MAC: 34:c9:3d:d:55:9d
		Source MAC: a0:7f:8a:2f:ab:cf
		Type: IPv6

	IP Header
		IP PDU Len: 0
		Header Len (bytes): 0
		TTL: 38
		Protocol: Unknown
		Checksum: Incorrect (0xf8b0)
		Sender IP: 64.5.0.16
		Dest IP: 0.0.0.0

Packet number: 909  Packet Len: 1294

	Ethernet Header
		Dest MAC: 34:c9:3d:d:55:9d
		Source MAC: a0:7f:8a:2f:ab:cf
		Type: IPv6

	IP Header
		IP PDU Len: 0
		Header Len (bytes): 0
		TTL: 38
		Protocol: Unknown
		Checksum: Incorrect (0xf8b0)
		Sender IP: 64.5.0.16
		Dest IP: 0.0.0.0

Packet number: 910  Packet Len: 1294

	Ethernet Header
		Dest MAC: 34:c9:3d:d:55:9d
		Source MAC: a0:7f:8a:2f:ab:cf
		Type: IPv6

	IP Header
		IP PDU Len: 0
		Header Len (bytes): 0
		TTL: 38
		Protocol: Unknown
		Checksum: Incorrect (0xf8b0)
		Sender IP: 64.5.0.16
		Dest IP: 0.0.0.0

Packet number: 911  Packet Len: 1294

	Ethernet Header
		Dest MAC: 34:c9:3d:d:55:9d
		Source MAC: a0:7f:8a:2f:ab:cf
		Type: IPv6

	IP Header
		IP PDU Len: 0
		Header Len (bytes): 0
		TTL: 38
		Protocol: Unknown
		Checksum: Incorrect (0xf8b0)
		Sender IP: 64.5.0.16
		Dest IP: 0.0.0.0

Packet number: 912  Packet Len: 1294

	Ethernet Header
		Dest MAC: 34:c9:3d:d:55:9d
		Source MAC: a0:7f:8a:2f:ab:cf
		Type: IPv6

	IP Header
		IP PDU Len: 0
		Header Len (bytes): 0
		TTL: 38
		Protocol: Unknown
		Checksum: Incorrect (0xf8b0)
		Sender IP: 64.5.0.16
		Dest IP: 0.0.0.0

Packet number: 913  Packet Len: 1294

	Ethernet Header
		Dest MAC: 34:c9:3d:d:55:9d
		Source MAC: a0:7f:8a:2f:ab:cf
		Type: IPv6

	IP Header
		IP PDU Len: 0
		Header Len (bytes): 0
		TTL: 38
		Protocol: Unknown
		Checksum: Incorrect (0xf8b0)
		Sender IP: 64.5.0.16
		Dest IP: 0.0.0.0

Packet number: 914  Packet Len: 1294

	Ethernet Header
		Dest MAC: 34:c9:3d:d:55:9d
		Source MAC: a0:7f:8a:2f:ab:cf
		Type: IPv6

	IP Header
		IP PDU Len: 0
		Header Len (bytes): 0
		TTL: 38
		Protocol: Unknown
		Checksum: Incorrect (0xf8b0)
		Sender IP: 64.5.0.16
		Dest IP: 0.0.0.0

Packet number: 915  Packet Len: 1294

	Ethernet Header
		Dest MAC: 34:c9:3d:d:55:9d
		Source MAC: a0:7f:8a:2f:ab:cf
		Type: IPv6

	IP Header
		IP PDU Len: 0
		Header Len (bytes): 0
		TTL: 38
		Protocol: Unknown
		Checksum: Incorrect (0xf8b0)
		Sender IP: 64.5.0.16
		Dest IP: 0.0.0.0

Packet number: 916  Packet Len: 1294

	Ethernet Header
		Dest MAC: 34:c9:3d:d:55:9d
		Source MAC: a0:7f:8a:2f:ab:cf
		Type: IPv6

	IP Header
		IP PDU Len: 0
		Header Len (bytes): 0
		TTL: 38
		Protocol: Unknown
		Checksum: Incorrect (0xf8b0)
		Sender IP: 64.5.0.16
		Dest IP: 0.0.0.0

Packet number: 917  Packet Len: 1294

	Ethernet Header
		Dest MAC: 34:c9:3d:d:55:9d
		Source MAC: a0:7f:8a:2f:ab:cf
		Type: IPv6

	IP Header
		IP PDU Len: 0
		Header Len (bytes): 0
		TTL: 38
		Protocol: Unknown
		Checksum: Incorrect (0xf8b0)
		Sender IP: 64.5.0.16
		Dest IP: 0.0.0.0

Packet number: 918  Packet Len: 1294

	Ethernet Header
		Dest MAC: 34:c9:3d:d:55:9d
		Source MAC: a0:7f:8a:2f:ab:cf
		Type: IPv6

	IP Header
		IP PDU Len: 0
		Header Len (bytes): 0
		TTL: 38
		Protocol: Unknown
		Checksum: Incorrect (0xf8b0)
		Sender IP: 64.5.0.16
		Dest IP: 0.0.0.0

Packet number: 919  Packet Len: 1294

	Ethernet Header
		Dest MAC: 34:c9:3d:d:55:9d
		Source MAC: a0:7f:8a:2f:ab:cf
		Type: IPv6

	IP Header
		IP PDU Len: 0
		Header Len (bytes): 0
		TTL: 38
		Protocol: Unknown
		Checksum: Incorrect (0xf8b0)
		Sender IP: 64.5.0.16
		Dest IP: 0.0.0.0

Packet number: 920  Packet Len: 1294

	Ethernet Header
		Dest MAC: 34:c9:3d:d:55:9d
		Source MAC: a0:7f:8a:2f:ab:cf
		Type: IPv6

	IP Header
		IP PDU Len: 0
		Header Len (bytes): 0
		TTL: 38
		Protocol: Unknown
		Checksum: Incorrect (0xf8b0)
		Sender IP: 64.5.0.16
		Dest IP: 0.0.0.0

Packet number: 921  Packet Len: 1294

	Ethernet Header
		Dest MAC: 34:c9:3d:d:55:9d
		Source MAC: a0:7f:8a:2f:ab:cf
		Type: IPv6

	IP Header
		IP PDU Len: 0
		Header Len (bytes): 0
		TTL: 38
		Protocol: Unknown
		Checksum: Incorrect (0xf8b0)
		Sender IP: 64.5.0.16
		Dest IP: 0.0.0.0

Packet number: 922  Packet Len: 1294

	Ethernet Header
		Dest MAC: 34:c9:3d:d:55:9d
		Source MAC: a0:7f:8a:2f:ab:cf
		Type: IPv6

	IP Header
		IP PDU Len: 0
		Header Len (bytes): 0
		TTL: 38
		Protocol: Unknown
		Checksum: Incorrect (0xf8b0)
		Sender IP: 64.5.0.16
		Dest IP: 0.0.0.0

Packet number: 923  Packet Len: 1294

	Ethernet Header
		Dest MAC: 34:c9:3d:d:55:9d
		Source MAC: a0:7f:8a:2f:ab:cf
		Type: IPv6

	IP Header
		IP PDU Len: 0
		Header Len (bytes): 0
		TTL: 38
		Protocol: Unknown
		Checksum: Incorrect (0xf8b0)
		Sender IP: 64.5.0.16
		Dest IP: 0.0.0.0

Packet number: 924  Packet Len: 1294

	Ethernet Header
		Dest MAC: 34:c9:3d:d:55:9d
		Source MAC: a0:7f:8a:2f:ab:cf
		Type: IPv6

	IP Header
		IP PDU Len: 0
		Header Len (bytes): 0
		TTL: 38
		Protocol: Unknown
		Checksum: Incorrect (0xf8b0)
		Sender IP: 64.5.0.16
		Dest IP: 0.0.0.0

Packet number: 925  Packet Len: 1294

	Ethernet Header
		Dest MAC: 34:c9:3d:d:55:9d
		Source MAC: a0:7f:8a:2f:ab:cf
		Type: IPv6

	IP Header
		IP PDU Len: 0
		Header Len (bytes): 0
		TTL: 38
		Protocol: Unknown
		Checksum: Incorrect (0xf8b0)
		Sender IP: 64.5.0.16
		Dest IP: 0.0.0.0

Packet number: 926  Packet Len: 1294

	Ethernet Header
		Dest MAC: 34:c9:3d:d:55:9d
		Source MAC: a0:7f:8a:2f:ab:cf
		Type: IPv6

	IP Header
		IP PDU Len: 0
		Header Len (bytes): 0
		TTL: 38
		Protocol: Unknown
		Checksum: Incorrect (0xf8b0)
		Sender IP: 64.5.0.16
		Dest IP: 0.0.0.0

Packet number: 927  Packet Len: 1294

	Ethernet Header
		Dest MAC: 34:c9:3d:d:55:9d
		Source MAC: a0:7f:8a:2f:ab:cf
		Type: IPv6

	IP Header
		IP PDU Len: 0
		Header Len (bytes): 0
		TTL: 38
		Protocol: Unknown
		Checksum: Incorrect (0xf8b0)
		Sender IP: 64.5.0.16
		Dest IP: 0.0.0.0

Packet number: 928  Packet Len: 1294

	Ethernet Header
		Dest MAC: 34:c9:3d:d:55:9d
		Source MAC: a0:7f:8a:2f:ab:cf
		Type: IPv6

	IP Header
		IP PDU Len: 0
		Header Len (bytes): 0
		TTL: 38
		Protocol: Unknown
		Checksum: Incorrect (0xf8b0)
		Sender IP: 64.5.0.16
		Dest IP: 0.0.0.0

Packet number: 929  Packet Len: 1294

	Ethernet Header
		Dest MAC: 34:c9:3d:d:55:9d
		Source MAC: a0:7f:8a:2f:ab:cf
		Type: IPv6

	IP Header
		IP PDU Len: 0
		Header Len (bytes): 0
		TTL: 38
		Protocol: Unknown
		Checksum: Incorrect (0xf8b0)
		Sender IP: 64.5.0.16
		Dest IP: 0.0.0.0

Packet number: 930  Packet Len: 1294

	Ethernet Header
		Dest MAC: 34:c9:3d:d:55:9d
		Source MAC: a0:7f:8a:2f:ab:cf
		Type: IPv6

	IP Header
		IP PDU Len: 0
		Header Len (bytes): 0
		TTL: 38
		Protocol: Unknown
		Checksum: Incorrect (0xf8b0)
		Sender IP: 64.5.0.16
		Dest IP: 0.0.0.0

Packet number: 931  Packet Len: 1294

	Ethernet Header
		Dest MAC: 34:c9:3d:d:55:9d
		Source MAC: a0:7f:8a:2f:ab:cf
		Type: IPv6

	IP Header
		IP PDU Len: 0
		Header Len (bytes): 0
		TTL: 38
		Protocol: Unknown
		Checksum: Incorrect (0xf8b0)
		Sender IP: 64.5.0.16
		Dest IP: 0.0.0.0

Packet number: 932  Packet Len: 1294

	Ethernet Header
		Dest MAC: 34:c9:3d:d:55:9d
		Source MAC: a0:7f:8a:2f:ab:cf
		Type: IPv6

	IP Header
		IP PDU Len: 0
		Header Len (bytes): 0
		TTL: 38
		Protocol: Unknown
		Checksum: Incorrect (0xf8b0)
		Sender IP: 64.5.0.16
		Dest IP: 0.0.0.0

Packet number: 933  Packet Len: 1294

	Ethernet Header
		Dest MAC: 34:c9:3d:d:55:9d
		Source MAC: a0:7f:8a:2f:ab:cf
		Type: IPv6

	IP Header
		IP PDU Len: 0
		Header Len (bytes): 0
		TTL: 38
		Protocol: Unknown
		Checksum: Incorrect (0xf8b0)
		Sender IP: 64.5.0.16
		Dest IP: 0.0.0.0

Packet number: 934  Packet Len: 1294

	Ethernet Header
		Dest MAC: 34:c9:3d:d:55:9d
		Source MAC: a0:7f:8a:2f:ab:cf
		Type: IPv6

	IP Header
		IP PDU Len: 0
		Header Len (bytes): 0
		TTL: 38
		Protocol: Unknown
		Checksum: Incorrect (0xf8b0)
		Sender IP: 64.5.0.16
		Dest IP: 0.0.0.0

Packet number: 935  Packet Len: 1294

	Ethernet Header
		Dest MAC: 34:c9:3d:d:55:9d
		Source MAC: a0:7f:8a:2f:ab:cf
		Type: IPv6

	IP Header
		IP PDU Len: 0
		Header Len (bytes): 0
		TTL: 38
		Protocol: Unknown
		Checksum: Incorrect (0xf8b0)
		Sender IP: 64.5.0.16
		Dest IP: 0.0.0.0

Packet number: 936  Packet Len: 1294

	Ethernet Header
		Dest MAC: 34:c9:3d:d:55:9d
		Source MAC: a0:7f:8a:2f:ab:cf
		Type: IPv6

	IP Header
		IP PDU Len: 0
		Header Len (bytes): 0
		TTL: 38
		Protocol: Unknown
		Checksum: Incorrect (0xf8b0)
		Sender IP: 64.5.0.16
		Dest IP: 0.0.0.0

Packet number: 937  Packet Len: 1294

	Ethernet Header
		Dest MAC: 34:c9:3d:d:55:9d
		Source MAC: a0:7f:8a:2f:ab:cf
		Type: IPv6

	IP Header
		IP PDU Len: 0
		Header Len (bytes): 0
		TTL: 38
		Protocol: Unknown
		Checksum: Incorrect (0xf8b0)
		Sender IP: 64.5.0.16
		Dest IP: 0.0.0.0

Packet number: 938  Packet Len: 1294

	Ethernet Header
		Dest MAC: 34:c9:3d:d:55:9d
		Source MAC: a0:7f:8a:2f:ab:cf
		Type: IPv6

	IP Header
		IP PDU Len: 0
		Header Len (bytes): 0
		TTL: 38
		Protocol: Unknown
		Checksum: Incorrect (0xf8b0)
		Sender IP: 64.5.0.16
		Dest IP: 0.0.0.0

Packet number: 939  Packet Len: 1294

	Ethernet Header
		Dest MAC: 34:c9:3d:d:55:9d
		Source MAC: a0:7f:8a:2f:ab:cf
		Type: IPv6

	IP Header
		IP PDU Len: 0
		Header Len (bytes): 0
		TTL: 38
		Protocol: Unknown
		Checksum: Incorrect (0xf8b0)
		Sender IP: 64.5.0.16
		Dest IP: 0.0.0.0

Packet number: 940  Packet Len: 1294

	Ethernet Header
		Dest MAC: 34:c9:3d:d:55:9d
		Source MAC: a0:7f:8a:2f:ab:cf
		Type: IPv6

	IP Header
		IP PDU Len: 0
		Header Len (bytes): 0
		TTL: 38
		Protocol: Unknown
		Checksum: Incorrect (0xf8b0)
		Sender IP: 64.5.0.16
		Dest IP: 0.0.0.0

Packet number: 941  Packet Len: 1294

	Ethernet Header
		Dest MAC: 34:c9:3d:d:55:9d
		Source MAC: a0:7f:8a:2f:ab:cf
		Type: IPv6

	IP Header
		IP PDU Len: 0
		Header Len (bytes): 0
		TTL: 38
		Protocol: Unknown
		Checksum: Incorrect (0xf8b0)
		Sender IP: 64.5.0.16
		Dest IP: 0.0.0.0

Packet number: 942  Packet Len: 1294

	Ethernet Header
		Dest MAC: 34:c9:3d:d:55:9d
		Source MAC: a0:7f:8a:2f:ab:cf
		Type: IPv6

	IP Header
		IP PDU Len: 0
		Header Len (bytes): 0
		TTL: 38
		Protocol: Unknown
		Checksum: Incorrect (0xf8b0)
		Sender IP: 64.5.0.16
		Dest IP: 0.0.0.0

Packet number: 943  Packet Len: 1294

	Ethernet Header
		Dest MAC: 34:c9:3d:d:55:9d
		Source MAC: a0:7f:8a:2f:ab:cf
		Type: IPv6

	IP Header
		IP PDU Len: 0
		Header Len (bytes): 0
		TTL: 38
		Protocol: Unknown
		Checksum: Incorrect (0xf8b0)
		Sender IP: 64.5.0.16
		Dest IP: 0.0.0.0

Packet number: 944  Packet Len: 1294

	Ethernet Header
		Dest MAC: 34:c9:3d:d:55:9d
		Source MAC: a0:7f:8a:2f:ab:cf
		Type: IPv6

	IP Header
		IP PDU Len: 0
		Header Len (bytes): 0
		TTL: 38
		Protocol: Unknown
		Checksum: Incorrect (0xf8b0)
		Sender IP: 64.5.0.16
		Dest IP: 0.0.0.0

Packet number: 945  Packet Len: 1294

	Ethernet Header
		Dest MAC: 34:c9:3d:d:55:9d
		Source MAC: a0:7f:8a:2f:ab:cf
		Type: IPv6

	IP Header
		IP PDU Len: 0
		Header Len (bytes): 0
		TTL: 38
		Protocol: Unknown
		Checksum: Incorrect (0xf8b0)
		Sender IP: 64.5.0.16
		Dest IP: 0.0.0.0

Packet number: 946  Packet Len: 1294

	Ethernet Header
		Dest MAC: 34:c9:3d:d:55:9d
		Source MAC: a0:7f:8a:2f:ab:cf
		Type: IPv6

	IP Header
		IP PDU Len: 0
		Header Len (bytes): 0
		TTL: 38
		Protocol: Unknown
		Checksum: Incorrect (0xf8b0)
		Sender IP: 64.5.0.16
		Dest IP: 0.0.0.0

Packet number: 947  Packet Len: 1294

	Ethernet Header
		Dest MAC: 34:c9:3d:d:55:9d
		Source MAC: a0:7f:8a:2f:ab:cf
		Type: IPv6

	IP Header
		IP PDU Len: 0
		Header Len (bytes): 0
		TTL: 38
		Protocol: Unknown
		Checksum: Incorrect (0xf8b0)
		Sender IP: 64.5.0.16
		Dest IP: 0.0.0.0

Packet number: 948  Packet Len: 1294

	Ethernet Header
		Dest MAC: 34:c9:3d:d:55:9d
		Source MAC: a0:7f:8a:2f:ab:cf
		Type: IPv6

	IP Header
		IP PDU Len: 0
		Header Len (bytes): 0
		TTL: 38
		Protocol: Unknown
		Checksum: Incorrect (0xf8b0)
		Sender IP: 64.5.0.16
		Dest IP: 0.0.0.0

Packet number: 949  Packet Len: 1294

	Ethernet Header
		Dest MAC: 34:c9:3d:d:55:9d
		Source MAC: a0:7f:8a:2f:ab:cf
		Type: IPv6

	IP Header
		IP PDU Len: 0
		Header Len (bytes): 0
		TTL: 38
		Protocol: Unknown
		Checksum: Incorrect (0xf8b0)
		Sender IP: 64.5.0.16
		Dest IP: 0.0.0.0

Packet number: 950  Packet Len: 1294

	Ethernet Header
		Dest MAC: 34:c9:3d:d:55:9d
		Source MAC: a0:7f:8a:2f:ab:cf
		Type: IPv6

	IP Header
		IP PDU Len: 0
		Header Len (bytes): 0
		TTL: 38
		Protocol: Unknown
		Checksum: Incorrect (0xf8b0)
		Sender IP: 64.5.0.16
		Dest IP: 0.0.0.0

Packet number: 951  Packet Len: 1294

	Ethernet Header
		Dest MAC: 34:c9:3d:d:55:9d
		Source MAC: a0:7f:8a:2f:ab:cf
		Type: IPv6

	IP Header
		IP PDU Len: 0
		Header Len (bytes): 0
		TTL: 38
		Protocol: Unknown
		Checksum: Incorrect (0xf8b0)
		Sender IP: 64.5.0.16
		Dest IP: 0.0.0.0

Packet number: 952  Packet Len: 96

	Ethernet Header
		Dest MAC: a0:7f:8a:2f:ab:cf
		Source MAC: 34:c9:3d:d:55:9d
		Type: IPv6

	IP Header
		IP PDU Len: 10831
		Header Len (bytes): 0
		TTL: 38
		Protocol: Unknown
		Checksum: Incorrect (0x6c52)
		Sender IP: 125.240.137.160
		Dest IP: 173.18.185.215

Packet number: 953  Packet Len: 1294

	Ethernet Header
		Dest MAC: 34:c9:3d:d:55:9d
		Source MAC: a0:7f:8a:2f:ab:cf
		Type: IPv6

	IP Header
		IP PDU Len: 0
		Header Len (bytes): 0
		TTL: 38
		Protocol: Unknown
		Checksum: Incorrect (0xf8b0)
		Sender IP: 64.5.0.16
		Dest IP: 0.0.0.0

Packet number: 954  Packet Len: 1294

	Ethernet Header
		Dest MAC: 34:c9:3d:d:55:9d
		Source MAC: a0:7f:8a:2f:ab:cf
		Type: IPv6

	IP Header
		IP PDU Len: 0
		Header Len (bytes): 0
		TTL: 38
		Protocol: Unknown
		Checksum: Incorrect (0xf8b0)
		Sender IP: 64.5.0.16
		Dest IP: 0.0.0.0

Packet number: 955  Packet Len: 1294

	Ethernet Header
		Dest MAC: 34:c9:3d:d:55:9d
		Source MAC: a0:7f:8a:2f:ab:cf
		Type: IPv6

	IP Header
		IP PDU Len: 0
		Header Len (bytes): 0
		TTL: 38
		Protocol: Unknown
		Checksum: Incorrect (0xf8b0)
		Sender IP: 64.5.0.16
		Dest IP: 0.0.0.0

Packet number: 956  Packet Len: 1294

	Ethernet Header
		Dest MAC: 34:c9:3d:d:55:9d
		Source MAC: a0:7f:8a:2f:ab:cf
		Type: IPv6

	IP Header
		IP PDU Len: 0
		Header Len (bytes): 0
		TTL: 38
		Protocol: Unknown
		Checksum: Incorrect (0xf8b0)
		Sender IP: 64.5.0.16
		Dest IP: 0.0.0.0

Packet number: 957  Packet Len: 1294

	Ethernet Header
		Dest MAC: 34:c9:3d:d:55:9d
		Source MAC: a0:7f:8a:2f:ab:cf
		Type: IPv6

	IP Header
		IP PDU Len: 0
		Header Len (bytes): 0
		TTL: 38
		Protocol: Unknown
		Checksum: Incorrect (0xf8b0)
		Sender IP: 64.5.0.16
		Dest IP: 0.0.0.0

Packet number: 958  Packet Len: 1294

	Ethernet Header
		Dest MAC: 34:c9:3d:d:55:9d
		Source MAC: a0:7f:8a:2f:ab:cf
		Type: IPv6

	IP Header
		IP PDU Len: 0
		Header Len (bytes): 0
		TTL: 38
		Protocol: Unknown
		Checksum: Incorrect (0xf8b0)
		Sender IP: 64.5.0.16
		Dest IP: 0.0.0.0

Packet number: 959  Packet Len: 1294

	Ethernet Header
		Dest MAC: 34:c9:3d:d:55:9d
		Source MAC: a0:7f:8a:2f:ab:cf
		Type: IPv6

	IP Header
		IP PDU Len: 0
		Header Len (bytes): 0
		TTL: 38
		Protocol: Unknown
		Checksum: Incorrect (0xf8b0)
		Sender IP: 64.5.0.16
		Dest IP: 0.0.0.0

Packet number: 960  Packet Len: 1294

	Ethernet Header
		Dest MAC: 34:c9:3d:d:55:9d
		Source MAC: a0:7f:8a:2f:ab:cf
		Type: IPv6

	IP Header
		IP PDU Len: 0
		Header Len (bytes): 0
		TTL: 38
		Protocol: Unknown
		Checksum: Incorrect (0xf8b0)
		Sender IP: 64.5.0.16
		Dest IP: 0.0.0.0

Packet number: 961  Packet Len: 1294

	Ethernet Header
		Dest MAC: 34:c9:3d:d:55:9d
		Source MAC: a0:7f:8a:2f:ab:cf
		Type: IPv6

	IP Header
		IP PDU Len: 0
		Header Len (bytes): 0
		TTL: 38
		Protocol: Unknown
		Checksum: Incorrect (0xf8b0)
		Sender IP: 64.5.0.16
		Dest IP: 0.0.0.0

Packet number: 962  Packet Len: 1294

	Ethernet Header
		Dest MAC: 34:c9:3d:d:55:9d
		Source MAC: a0:7f:8a:2f:ab:cf
		Type: IPv6

	IP Header
		IP PDU Len: 0
		Header Len (bytes): 0
		TTL: 38
		Protocol: Unknown
		Checksum: Incorrect (0xf8b0)
		Sender IP: 64.5.0.16
		Dest IP: 0.0.0.0

Packet number: 963  Packet Len: 1294

	Ethernet Header
		Dest MAC: 34:c9:3d:d:55:9d
		Source MAC: a0:7f:8a:2f:ab:cf
		Type: IPv6

	IP Header
		IP PDU Len: 0
		Header Len (bytes): 0
		TTL: 38
		Protocol: Unknown
		Checksum: Incorrect (0xf8b0)
		Sender IP: 64.5.0.16
		Dest IP: 0.0.0.0

Packet number: 964  Packet Len: 1294

	Ethernet Header
		Dest MAC: 34:c9:3d:d:55:9d
		Source MAC: a0:7f:8a:2f:ab:cf
		Type: IPv6

	IP Header
		IP PDU Len: 0
		Header Len (bytes): 0
		TTL: 38
		Protocol: Unknown
		Checksum: Incorrect (0xf8b0)
		Sender IP: 64.5.0.16
		Dest IP: 0.0.0.0

Packet number: 965  Packet Len: 1294

	Ethernet Header
		Dest MAC: 34:c9:3d:d:55:9d
		Source MAC: a0:7f:8a:2f:ab:cf
		Type: IPv6

	IP Header
		IP PDU Len: 0
		Header Len (bytes): 0
		TTL: 38
		Protocol: Unknown
		Checksum: Incorrect (0xf8b0)
		Sender IP: 64.5.0.16
		Dest IP: 0.0.0.0

Packet number: 966  Packet Len: 1294

	Ethernet Header
		Dest MAC: 34:c9:3d:d:55:9d
		Source MAC: a0:7f:8a:2f:ab:cf
		Type: IPv6

	IP Header
		IP PDU Len: 0
		Header Len (bytes): 0
		TTL: 38
		Protocol: Unknown
		Checksum: Incorrect (0xf8b0)
		Sender IP: 64.5.0.16
		Dest IP: 0.0.0.0

Packet number: 967  Packet Len: 1294

	Ethernet Header
		Dest MAC: 34:c9:3d:d:55:9d
		Source MAC: a0:7f:8a:2f:ab:cf
		Type: IPv6

	IP Header
		IP PDU Len: 0
		Header Len (bytes): 0
		TTL: 38
		Protocol: Unknown
		Checksum: Incorrect (0xf8b0)
		Sender IP: 64.5.0.16
		Dest IP: 0.0.0.0

Packet number: 968  Packet Len: 1294

	Ethernet Header
		Dest MAC: 34:c9:3d:d:55:9d
		Source MAC: a0:7f:8a:2f:ab:cf
		Type: IPv6

	IP Header
		IP PDU Len: 0
		Header Len (bytes): 0
		TTL: 38
		Protocol: Unknown
		Checksum: Incorrect (0xf8b0)
		Sender IP: 64.5.0.16
		Dest IP: 0.0.0.0

Packet number: 969  Packet Len: 1294

	Ethernet Header
		Dest MAC: 34:c9:3d:d:55:9d
		Source MAC: a0:7f:8a:2f:ab:cf
		Type: IPv6

	IP Header
		IP PDU Len: 0
		Header Len (bytes): 0
		TTL: 38
		Protocol: Unknown
		Checksum: Incorrect (0xf8b0)
		Sender IP: 64.5.0.16
		Dest IP: 0.0.0.0

Packet number: 970  Packet Len: 1294

	Ethernet Header
		Dest MAC: 34:c9:3d:d:55:9d
		Source MAC: a0:7f:8a:2f:ab:cf
		Type: IPv6

	IP Header
		IP PDU Len: 0
		Header Len (bytes): 0
		TTL: 38
		Protocol: Unknown
		Checksum: Incorrect (0xf8b0)
		Sender IP: 64.5.0.16
		Dest IP: 0.0.0.0

Packet number: 971  Packet Len: 1294

	Ethernet Header
		Dest MAC: 34:c9:3d:d:55:9d
		Source MAC: a0:7f:8a:2f:ab:cf
		Type: IPv6

	IP Header
		IP PDU Len: 0
		Header Len (bytes): 0
		TTL: 38
		Protocol: Unknown
		Checksum: Incorrect (0xf8b0)
		Sender IP: 64.5.0.16
		Dest IP: 0.0.0.0

Packet number: 972  Packet Len: 1294

	Ethernet Header
		Dest MAC: 34:c9:3d:d:55:9d
		Source MAC: a0:7f:8a:2f:ab:cf
		Type: IPv6

	IP Header
		IP PDU Len: 0
		Header Len (bytes): 0
		TTL: 38
		Protocol: Unknown
		Checksum: Incorrect (0xf8b0)
		Sender IP: 64.5.0.16
		Dest IP: 0.0.0.0

Packet number: 973  Packet Len: 1294

	Ethernet Header
		Dest MAC: 34:c9:3d:d:55:9d
		Source MAC: a0:7f:8a:2f:ab:cf
		Type: IPv6

	IP Header
		IP PDU Len: 0
		Header Len (bytes): 0
		TTL: 38
		Protocol: Unknown
		Checksum: Incorrect (0xf8b0)
		Sender IP: 64.5.0.16
		Dest IP: 0.0.0.0

Packet number: 974  Packet Len: 1294

	Ethernet Header
		Dest MAC: 34:c9:3d:d:55:9d
		Source MAC: a0:7f:8a:2f:ab:cf
		Type: IPv6

	IP Header
		IP PDU Len: 0
		Header Len (bytes): 0
		TTL: 38
		Protocol: Unknown
		Checksum: Incorrect (0xf8b0)
		Sender IP: 64.5.0.16
		Dest IP: 0.0.0.0

Packet number: 975  Packet Len: 1294

	Ethernet Header
		Dest MAC: 34:c9:3d:d:55:9d
		Source MAC: a0:7f:8a:2f:ab:cf
		Type: IPv6

	IP Header
		IP PDU Len: 0
		Header Len (bytes): 0
		TTL: 38
		Protocol: Unknown
		Checksum: Incorrect (0xf8b0)
		Sender IP: 64.5.0.16
		Dest IP: 0.0.0.0

Packet number: 976  Packet Len: 1294

	Ethernet Header
		Dest MAC: 34:c9:3d:d:55:9d
		Source MAC: a0:7f:8a:2f:ab:cf
		Type: IPv6

	IP Header
		IP PDU Len: 0
		Header Len (bytes): 0
		TTL: 38
		Protocol: Unknown
		Checksum: Incorrect (0xf8b0)
		Sender IP: 64.5.0.16
		Dest IP: 0.0.0.0

Packet number: 977  Packet Len: 1294

	Ethernet Header
		Dest MAC: 34:c9:3d:d:55:9d
		Source MAC: a0:7f:8a:2f:ab:cf
		Type: IPv6

	IP Header
		IP PDU Len: 0
		Header Len (bytes): 0
		TTL: 38
		Protocol: Unknown
		Checksum: Incorrect (0xf8b0)
		Sender IP: 64.5.0.16
		Dest IP: 0.0.0.0

Packet number: 978  Packet Len: 1294

	Ethernet Header
		Dest MAC: 34:c9:3d:d:55:9d
		Source MAC: a0:7f:8a:2f:ab:cf
		Type: IPv6

	IP Header
		IP PDU Len: 0
		Header Len (bytes): 0
		TTL: 38
		Protocol: Unknown
		Checksum: Incorrect (0xf8b0)
		Sender IP: 64.5.0.16
		Dest IP: 0.0.0.0

Packet number: 979  Packet Len: 1294

	Ethernet Header
		Dest MAC: 34:c9:3d:d:55:9d
		Source MAC: a0:7f:8a:2f:ab:cf
		Type: IPv6

	IP Header
		IP PDU Len: 0
		Header Len (bytes): 0
		TTL: 38
		Protocol: Unknown
		Checksum: Incorrect (0xf8b0)
		Sender IP: 64.5.0.16
		Dest IP: 0.0.0.0

Packet number: 980  Packet Len: 1294

	Ethernet Header
		Dest MAC: 34:c9:3d:d:55:9d
		Source MAC: a0:7f:8a:2f:ab:cf
		Type: IPv6

	IP Header
		IP PDU Len: 0
		Header Len (bytes): 0
		TTL: 38
		Protocol: Unknown
		Checksum: Incorrect (0xf8b0)
		Sender IP: 64.5.0.16
		Dest IP: 0.0.0.0

Packet number: 981  Packet Len: 1294

	Ethernet Header
		Dest MAC: 34:c9:3d:d:55:9d
		Source MAC: a0:7f:8a:2f:ab:cf
		Type: IPv6

	IP Header
		IP PDU Len: 0
		Header Len (bytes): 0
		TTL: 38
		Protocol: Unknown
		Checksum: Incorrect (0xf8b0)
		Sender IP: 64.5.0.16
		Dest IP: 0.0.0.0

Packet number: 982  Packet Len: 1294

	Ethernet Header
		Dest MAC: 34:c9:3d:d:55:9d
		Source MAC: a0:7f:8a:2f:ab:cf
		Type: IPv6

	IP Header
		IP PDU Len: 0
		Header Len (bytes): 0
		TTL: 38
		Protocol: Unknown
		Checksum: Incorrect (0xf8b0)
		Sender IP: 64.5.0.16
		Dest IP: 0.0.0.0

Packet number: 983  Packet Len: 1294

	Ethernet Header
		Dest MAC: 34:c9:3d:d:55:9d
		Source MAC: a0:7f:8a:2f:ab:cf
		Type: IPv6

	IP Header
		IP PDU Len: 0
		Header Len (bytes): 0
		TTL: 38
		Protocol: Unknown
		Checksum: Incorrect (0xf8b0)
		Sender IP: 64.5.0.16
		Dest IP: 0.0.0.0

Packet number: 984  Packet Len: 1294

	Ethernet Header
		Dest MAC: 34:c9:3d:d:55:9d
		Source MAC: a0:7f:8a:2f:ab:cf
		Type: IPv6

	IP Header
		IP PDU Len: 0
		Header Len (bytes): 0
		TTL: 38
		Protocol: Unknown
		Checksum: Incorrect (0xf8b0)
		Sender IP: 64.5.0.16
		Dest IP: 0.0.0.0

Packet number: 985  Packet Len: 1294

	Ethernet Header
		Dest MAC: 34:c9:3d:d:55:9d
		Source MAC: a0:7f:8a:2f:ab:cf
		Type: IPv6

	IP Header
		IP PDU Len: 0
		Header Len (bytes): 0
		TTL: 38
		Protocol: Unknown
		Checksum: Incorrect (0xf8b0)
		Sender IP: 64.5.0.16
		Dest IP: 0.0.0.0

Packet number: 986  Packet Len: 1294

	Ethernet Header
		Dest MAC: 34:c9:3d:d:55:9d
		Source MAC: a0:7f:8a:2f:ab:cf
		Type: IPv6

	IP Header
		IP PDU Len: 0
		Header Len (bytes): 0
		TTL: 38
		Protocol: Unknown
		Checksum: Incorrect (0xf8b0)
		Sender IP: 64.5.0.16
		Dest IP: 0.0.0.0

Packet number: 987  Packet Len: 1294

	Ethernet Header
		Dest MAC: 34:c9:3d:d:55:9d
		Source MAC: a0:7f:8a:2f:ab:cf
		Type: IPv6

	IP Header
		IP PDU Len: 0
		Header Len (bytes): 0
		TTL: 38
		Protocol: Unknown
		Checksum: Incorrect (0xf8b0)
		Sender IP: 64.5.0.16
		Dest IP: 0.0.0.0

Packet number: 988  Packet Len: 1294

	Ethernet Header
		Dest MAC: 34:c9:3d:d:55:9d
		Source MAC: a0:7f:8a:2f:ab:cf
		Type: IPv6

	IP Header
		IP PDU Len: 0
		Header Len (bytes): 0
		TTL: 38
		Protocol: Unknown
		Checksum: Incorrect (0xf8b0)
		Sender IP: 64.5.0.16
		Dest IP: 0.0.0.0

Packet number: 989  Packet Len: 95

	Ethernet Header
		Dest MAC: a0:7f:8a:2f:ab:cf
		Source MAC: 34:c9:3d:d:55:9d
		Type: IPv6

	IP Header
		IP PDU Len: 10831
		Header Len (bytes): 0
		TTL: 38
		Protocol: Unknown
		Checksum: Incorrect (0x6c52)
		Sender IP: 125.240.137.160
		Dest IP: 173.18.185.215

Packet number: 990  Packet Len: 1294

	Ethernet Header
		Dest MAC: 34:c9:3d:d:55:9d
		Source MAC: a0:7f:8a:2f:ab:cf
		Type: IPv6

	IP Header
		IP PDU Len: 0
		Header Len (bytes): 0
		TTL: 38
		Protocol: Unknown
		Checksum: Incorrect (0xf8b0)
		Sender IP: 64.5.0.16
		Dest IP: 0.0.0.0

Packet number: 991  Packet Len: 1294

	Ethernet Header
		Dest MAC: 34:c9:3d:d:55:9d
		Source MAC: a0:7f:8a:2f:ab:cf
		Type: IPv6

	IP Header
		IP PDU Len: 0
		Header Len (bytes): 0
		TTL: 38
		Protocol: Unknown
		Checksum: Incorrect (0xf8b0)
		Sender IP: 64.5.0.16
		Dest IP: 0.0.0.0

Packet number: 992  Packet Len: 1294

	Ethernet Header
		Dest MAC: 34:c9:3d:d:55:9d
		Source MAC: a0:7f:8a:2f:ab:cf
		Type: IPv6

	IP Header
		IP PDU Len: 0
		Header Len (bytes): 0
		TTL: 38
		Protocol: Unknown
		Checksum: Incorrect (0xf8b0)
		Sender IP: 64.5.0.16
		Dest IP: 0.0.0.0

Packet number: 993  Packet Len: 1294

	Ethernet Header
		Dest MAC: 34:c9:3d:d:55:9d
		Source MAC: a0:7f:8a:2f:ab:cf
		Type: IPv6

	IP Header
		IP PDU Len: 0
		Header Len (bytes): 0
		TTL: 38
		Protocol: Unknown
		Checksum: Incorrect (0xf8b0)
		Sender IP: 64.5.0.16
		Dest IP: 0.0.0.0

Packet number: 994  Packet Len: 1294

	Ethernet Header
		Dest MAC: 34:c9:3d:d:55:9d
		Source MAC: a0:7f:8a:2f:ab:cf
		Type: IPv6

	IP Header
		IP PDU Len: 0
		Header Len (bytes): 0
		TTL: 38
		Protocol: Unknown
		Checksum: Incorrect (0xf8b0)
		Sender IP: 64.5.0.16
		Dest IP: 0.0.0.0

Packet number: 995  Packet Len: 1294

	Ethernet Header
		Dest MAC: 34:c9:3d:d:55:9d
		Source MAC: a0:7f:8a:2f:ab:cf
		Type: IPv6

	IP Header
		IP PDU Len: 0
		Header Len (bytes): 0
		TTL: 38
		Protocol: Unknown
		Checksum: Incorrect (0xf8b0)
		Sender IP: 64.5.0.16
		Dest IP: 0.0.0.0

Packet number: 996  Packet Len: 1294

	Ethernet Header
		Dest MAC: 34:c9:3d:d:55:9d
		Source MAC: a0:7f:8a:2f:ab:cf
		Type: IPv6

	IP Header
		IP PDU Len: 0
		Header Len (bytes): 0
		TTL: 38
		Protocol: Unknown
		Checksum: Incorrect (0xf8b0)
		Sender IP: 64.5.0.16
		Dest IP: 0.0.0.0

Packet number: 997  Packet Len: 1294

	Ethernet Header
		Dest MAC: 34:c9:3d:d:55:9d
		Source MAC: a0:7f:8a:2f:ab:cf
		Type: IPv6

	IP Header
		IP PDU Len: 0
		Header Len (bytes): 0
		TTL: 38
		Protocol: Unknown
		Checksum: Incorrect (0xf8b0)
		Sender IP: 64.5.0.16
		Dest IP: 0.0.0.0

Packet number: 998  Packet Len: 1294

	Ethernet Header
		Dest MAC: 34:c9:3d:d:55:9d
		Source MAC: a0:7f:8a:2f:ab:cf
		Type: IPv6

	IP Header
		IP PDU Len: 0
		Header Len (bytes): 0
		TTL: 38
		Protocol: Unknown
		Checksum: Incorrect (0xf8b0)
		Sender IP: 64.5.0.16
		Dest IP: 0.0.0.0

Packet number: 999  Packet Len: 1294

	Ethernet Header
		Dest MAC: 34:c9:3d:d:55:9d
		Source MAC: a0:7f:8a:2f:ab:cf
		Type: IPv6

	IP Header
		IP PDU Len: 0
		Header Len (bytes): 0
		TTL: 38
		Protocol: Unknown
		Checksum: Incorrect (0xf8b0)
		Sender IP: 64.5.0.16
		Dest IP: 0.0.0.0

Packet number: 1000  Packet Len: 1294

	Ethernet Header
		Dest MAC: 34:c9:3d:d:55:9d
		Source MAC: a0:7f:8a:2f:ab:cf
		Type: IPv6

	IP Header
		IP PDU Len: 0
		Header Len (bytes): 0
		TTL: 38
		Protocol: Unknown
		Checksum: Incorrect (0xf8b0)
		Sender IP: 64.5.0.16
		Dest IP: 0.0.0.0

Packet number: 1001  Packet Len: 1294

	Ethernet Header
		Dest MAC: 34:c9:3d:d:55:9d
		Source MAC: a0:7f:8a:2f:ab:cf
		Type: IPv6

	IP Header
		IP PDU Len: 0
		Header Len (bytes): 0
		TTL: 38
		Protocol: Unknown
		Checksum: Incorrect (0xf8b0)
		Sender IP: 64.5.0.16
		Dest IP: 0.0.0.0

Packet number: 1002  Packet Len: 1294

	Ethernet Header
		Dest MAC: 34:c9:3d:d:55:9d
		Source MAC: a0:7f:8a:2f:ab:cf
		Type: IPv6

	IP Header
		IP PDU Len: 0
		Header Len (bytes): 0
		TTL: 38
		Protocol: Unknown
		Checksum: Incorrect (0xf8b0)
		Sender IP: 64.5.0.16
		Dest IP: 0.0.0.0

Packet number: 1003  Packet Len: 1294

	Ethernet Header
		Dest MAC: 34:c9:3d:d:55:9d
		Source MAC: a0:7f:8a:2f:ab:cf
		Type: IPv6

	IP Header
		IP PDU Len: 0
		Header Len (bytes): 0
		TTL: 38
		Protocol: Unknown
		Checksum: Incorrect (0xf8b0)
		Sender IP: 64.5.0.16
		Dest IP: 0.0.0.0

Packet number: 1004  Packet Len: 1294

	Ethernet Header
		Dest MAC: 34:c9:3d:d:55:9d
		Source MAC: a0:7f:8a:2f:ab:cf
		Type: IPv6

	IP Header
		IP PDU Len: 0
		Header Len (bytes): 0
		TTL: 38
		Protocol: Unknown
		Checksum: Incorrect (0xf8b0)
		Sender IP: 64.5.0.16
		Dest IP: 0.0.0.0

Packet number: 1005  Packet Len: 1294

	Ethernet Header
		Dest MAC: 34:c9:3d:d:55:9d
		Source MAC: a0:7f:8a:2f:ab:cf
		Type: IPv6

	IP Header
		IP PDU Len: 0
		Header Len (bytes): 0
		TTL: 38
		Protocol: Unknown
		Checksum: Incorrect (0xf8b0)
		Sender IP: 64.5.0.16
		Dest IP: 0.0.0.0

Packet number: 1006  Packet Len: 1294

	Ethernet Header
		Dest MAC: 34:c9:3d:d:55:9d
		Source MAC: a0:7f:8a:2f:ab:cf
		Type: IPv6

	IP Header
		IP PDU Len: 0
		Header Len (bytes): 0
		TTL: 38
		Protocol: Unknown
		Checksum: Incorrect (0xf8b0)
		Sender IP: 64.5.0.16
		Dest IP: 0.0.0.0

Packet number: 1007  Packet Len: 1294

	Ethernet Header
		Dest MAC: 34:c9:3d:d:55:9d
		Source MAC: a0:7f:8a:2f:ab:cf
		Type: IPv6

	IP Header
		IP PDU Len: 0
		Header Len (bytes): 0
		TTL: 38
		Protocol: Unknown
		Checksum: Incorrect (0xf8b0)
		Sender IP: 64.5.0.16
		Dest IP: 0.0.0.0

Packet number: 1008  Packet Len: 1294

	Ethernet Header
		Dest MAC: 34:c9:3d:d:55:9d
		Source MAC: a0:7f:8a:2f:ab:cf
		Type: IPv6

	IP Header
		IP PDU Len: 0
		Header Len (bytes): 0
		TTL: 38
		Protocol: Unknown
		Checksum: Incorrect (0xf8b0)
		Sender IP: 64.5.0.16
		Dest IP: 0.0.0.0

Packet number: 1009  Packet Len: 1294

	Ethernet Header
		Dest MAC: 34:c9:3d:d:55:9d
		Source MAC: a0:7f:8a:2f:ab:cf
		Type: IPv6

	IP Header
		IP PDU Len: 0
		Header Len (bytes): 0
		TTL: 38
		Protocol: Unknown
		Checksum: Incorrect (0xf8b0)
		Sender IP: 64.5.0.16
		Dest IP: 0.0.0.0

Packet number: 1010  Packet Len: 1294

	Ethernet Header
		Dest MAC: 34:c9:3d:d:55:9d
		Source MAC: a0:7f:8a:2f:ab:cf
		Type: IPv6

	IP Header
		IP PDU Len: 0
		Header Len (bytes): 0
		TTL: 38
		Protocol: Unknown
		Checksum: Incorrect (0xf8b0)
		Sender IP: 64.5.0.16
		Dest IP: 0.0.0.0

Packet number: 1011  Packet Len: 1294

	Ethernet Header
		Dest MAC: 34:c9:3d:d:55:9d
		Source MAC: a0:7f:8a:2f:ab:cf
		Type: IPv6

	IP Header
		IP PDU Len: 0
		Header Len (bytes): 0
		TTL: 38
		Protocol: Unknown
		Checksum: Incorrect (0xf8b0)
		Sender IP: 64.5.0.16
		Dest IP: 0.0.0.0

Packet number: 1012  Packet Len: 1294

	Ethernet Header
		Dest MAC: 34:c9:3d:d:55:9d
		Source MAC: a0:7f:8a:2f:ab:cf
		Type: IPv6

	IP Header
		IP PDU Len: 0
		Header Len (bytes): 0
		TTL: 38
		Protocol: Unknown
		Checksum: Incorrect (0xf8b0)
		Sender IP: 64.5.0.16
		Dest IP: 0.0.0.0

Packet number: 1013  Packet Len: 1294

	Ethernet Header
		Dest MAC: 34:c9:3d:d:55:9d
		Source MAC: a0:7f:8a:2f:ab:cf
		Type: IPv6

	IP Header
		IP PDU Len: 0
		Header Len (bytes): 0
		TTL: 38
		Protocol: Unknown
		Checksum: Incorrect (0xf8b0)
		Sender IP: 64.5.0.16
		Dest IP: 0.0.0.0

Packet number: 1014  Packet Len: 1294

	Ethernet Header
		Dest MAC: 34:c9:3d:d:55:9d
		Source MAC: a0:7f:8a:2f:ab:cf
		Type: IPv6

	IP Header
		IP PDU Len: 0
		Header Len (bytes): 0
		TTL: 38
		Protocol: Unknown
		Checksum: Incorrect (0xf8b0)
		Sender IP: 64.5.0.16
		Dest IP: 0.0.0.0

Packet number: 1015  Packet Len: 1294

	Ethernet Header
		Dest MAC: 34:c9:3d:d:55:9d
		Source MAC: a0:7f:8a:2f:ab:cf
		Type: IPv6

	IP Header
		IP PDU Len: 0
		Header Len (bytes): 0
		TTL: 38
		Protocol: Unknown
		Checksum: Incorrect (0xf8b0)
		Sender IP: 64.5.0.16
		Dest IP: 0.0.0.0

Packet number: 1016  Packet Len: 1294

	Ethernet Header
		Dest MAC: 34:c9:3d:d:55:9d
		Source MAC: a0:7f:8a:2f:ab:cf
		Type: IPv6

	IP Header
		IP PDU Len: 0
		Header Len (bytes): 0
		TTL: 38
		Protocol: Unknown
		Checksum: Incorrect (0xf8b0)
		Sender IP: 64.5.0.16
		Dest IP: 0.0.0.0

Packet number: 1017  Packet Len: 1294

	Ethernet Header
		Dest MAC: 34:c9:3d:d:55:9d
		Source MAC: a0:7f:8a:2f:ab:cf
		Type: IPv6

	IP Header
		IP PDU Len: 0
		Header Len (bytes): 0
		TTL: 38
		Protocol: Unknown
		Checksum: Incorrect (0xf8b0)
		Sender IP: 64.5.0.16
		Dest IP: 0.0.0.0

Packet number: 1018  Packet Len: 1294

	Ethernet Header
		Dest MAC: 34:c9:3d:d:55:9d
		Source MAC: a0:7f:8a:2f:ab:cf
		Type: IPv6

	IP Header
		IP PDU Len: 0
		Header Len (bytes): 0
		TTL: 38
		Protocol: Unknown
		Checksum: Incorrect (0xf8b0)
		Sender IP: 64.5.0.16
		Dest IP: 0.0.0.0

Packet number: 1019  Packet Len: 1294

	Ethernet Header
		Dest MAC: 34:c9:3d:d:55:9d
		Source MAC: a0:7f:8a:2f:ab:cf
		Type: IPv6

	IP Header
		IP PDU Len: 0
		Header Len (bytes): 0
		TTL: 38
		Protocol: Unknown
		Checksum: Incorrect (0xf8b0)
		Sender IP: 64.5.0.16
		Dest IP: 0.0.0.0

Packet number: 1020  Packet Len: 1294

	Ethernet Header
		Dest MAC: 34:c9:3d:d:55:9d
		Source MAC: a0:7f:8a:2f:ab:cf
		Type: IPv6

	IP Header
		IP PDU Len: 0
		Header Len (bytes): 0
		TTL: 38
		Protocol: Unknown
		Checksum: Incorrect (0xf8b0)
		Sender IP: 64.5.0.16
		Dest IP: 0.0.0.0

Packet number: 1021  Packet Len: 1294

	Ethernet Header
		Dest MAC: 34:c9:3d:d:55:9d
		Source MAC: a0:7f:8a:2f:ab:cf
		Type: IPv6

	IP Header
		IP PDU Len: 0
		Header Len (bytes): 0
		TTL: 38
		Protocol: Unknown
		Checksum: Incorrect (0xf8b0)
		Sender IP: 64.5.0.16
		Dest IP: 0.0.0.0

Packet number: 1022  Packet Len: 95

	Ethernet Header
		Dest MAC: a0:7f:8a:2f:ab:cf
		Source MAC: 34:c9:3d:d:55:9d
		Type: IPv6

	IP Header
		IP PDU Len: 10831
		Header Len (bytes): 0
		TTL: 38
		Protocol: Unknown
		Checksum: Incorrect (0x6c52)
		Sender IP: 125.240.137.160
		Dest IP: 173.18.185.215

Packet number: 1023  Packet Len: 1294

	Ethernet Header
		Dest MAC: 34:c9:3d:d:55:9d
		Source MAC: a0:7f:8a:2f:ab:cf
		Type: IPv6

	IP Header
		IP PDU Len: 0
		Header Len (bytes): 0
		TTL: 38
		Protocol: Unknown
		Checksum: Incorrect (0xf8b0)
		Sender IP: 64.5.0.16
		Dest IP: 0.0.0.0

Packet number: 1024  Packet Len: 1294

	Ethernet Header
		Dest MAC: 34:c9:3d:d:55:9d
		Source MAC: a0:7f:8a:2f:ab:cf
		Type: IPv6

	IP Header
		IP PDU Len: 0
		Header Len (bytes): 0
		TTL: 38
		Protocol: Unknown
		Checksum: Incorrect (0xf8b0)
		Sender IP: 64.5.0.16
		Dest IP: 0.0.0.0

Packet number: 1025  Packet Len: 1294

	Ethernet Header
		Dest MAC: 34:c9:3d:d:55:9d
		Source MAC: a0:7f:8a:2f:ab:cf
		Type: IPv6

	IP Header
		IP PDU Len: 0
		Header Len (bytes): 0
		TTL: 38
		Protocol: Unknown
		Checksum: Incorrect (0xf8b0)
		Sender IP: 64.5.0.16
		Dest IP: 0.0.0.0

Packet number: 1026  Packet Len: 1294

	Ethernet Header
		Dest MAC: 34:c9:3d:d:55:9d
		Source MAC: a0:7f:8a:2f:ab:cf
		Type: IPv6

	IP Header
		IP PDU Len: 0
		Header Len (bytes): 0
		TTL: 38
		Protocol: Unknown
		Checksum: Incorrect (0xf8b0)
		Sender IP: 64.5.0.16
		Dest IP: 0.0.0.0

Packet number: 1027  Packet Len: 1294

	Ethernet Header
		Dest MAC: 34:c9:3d:d:55:9d
		Source MAC: a0:7f:8a:2f:ab:cf
		Type: IPv6

	IP Header
		IP PDU Len: 0
		Header Len (bytes): 0
		TTL: 38
		Protocol: Unknown
		Checksum: Incorrect (0xf8b0)
		Sender IP: 64.5.0.16
		Dest IP: 0.0.0.0

Packet number: 1028  Packet Len: 1294

	Ethernet Header
		Dest MAC: 34:c9:3d:d:55:9d
		Source MAC: a0:7f:8a:2f:ab:cf
		Type: IPv6

	IP Header
		IP PDU Len: 0
		Header Len (bytes): 0
		TTL: 38
		Protocol: Unknown
		Checksum: Incorrect (0xf8b0)
		Sender IP: 64.5.0.16
		Dest IP: 0.0.0.0

Packet number: 1029  Packet Len: 1294

	Ethernet Header
		Dest MAC: 34:c9:3d:d:55:9d
		Source MAC: a0:7f:8a:2f:ab:cf
		Type: IPv6

	IP Header
		IP PDU Len: 0
		Header Len (bytes): 0
		TTL: 38
		Protocol: Unknown
		Checksum: Incorrect (0xf8b0)
		Sender IP: 64.5.0.16
		Dest IP: 0.0.0.0

Packet number: 1030  Packet Len: 1294

	Ethernet Header
		Dest MAC: 34:c9:3d:d:55:9d
		Source MAC: a0:7f:8a:2f:ab:cf
		Type: IPv6

	IP Header
		IP PDU Len: 0
		Header Len (bytes): 0
		TTL: 38
		Protocol: Unknown
		Checksum: Incorrect (0xf8b0)
		Sender IP: 64.5.0.16
		Dest IP: 0.0.0.0

Packet number: 1031  Packet Len: 1294

	Ethernet Header
		Dest MAC: 34:c9:3d:d:55:9d
		Source MAC: a0:7f:8a:2f:ab:cf
		Type: IPv6

	IP Header
		IP PDU Len: 0
		Header Len (bytes): 0
		TTL: 38
		Protocol: Unknown
		Checksum: Incorrect (0xf8b0)
		Sender IP: 64.5.0.16
		Dest IP: 0.0.0.0

Packet number: 1032  Packet Len: 1294

	Ethernet Header
		Dest MAC: 34:c9:3d:d:55:9d
		Source MAC: a0:7f:8a:2f:ab:cf
		Type: IPv6

	IP Header
		IP PDU Len: 0
		Header Len (bytes): 0
		TTL: 38
		Protocol: Unknown
		Checksum: Incorrect (0xf8b0)
		Sender IP: 64.5.0.16
		Dest IP: 0.0.0.0

Packet number: 1033  Packet Len: 1294

	Ethernet Header
		Dest MAC: 34:c9:3d:d:55:9d
		Source MAC: a0:7f:8a:2f:ab:cf
		Type: IPv6

	IP Header
		IP PDU Len: 0
		Header Len (bytes): 0
		TTL: 38
		Protocol: Unknown
		Checksum: Incorrect (0xf8b0)
		Sender IP: 64.5.0.16
		Dest IP: 0.0.0.0

Packet number: 1034  Packet Len: 1294

	Ethernet Header
		Dest MAC: 34:c9:3d:d:55:9d
		Source MAC: a0:7f:8a:2f:ab:cf
		Type: IPv6

	IP Header
		IP PDU Len: 0
		Header Len (bytes): 0
		TTL: 38
		Protocol: Unknown
		Checksum: Incorrect (0xf8b0)
		Sender IP: 64.5.0.16
		Dest IP: 0.0.0.0

Packet number: 1035  Packet Len: 1294

	Ethernet Header
		Dest MAC: 34:c9:3d:d:55:9d
		Source MAC: a0:7f:8a:2f:ab:cf
		Type: IPv6

	IP Header
		IP PDU Len: 0
		Header Len (bytes): 0
		TTL: 38
		Protocol: Unknown
		Checksum: Incorrect (0xf8b0)
		Sender IP: 64.5.0.16
		Dest IP: 0.0.0.0

Packet number: 1036  Packet Len: 1294

	Ethernet Header
		Dest MAC: 34:c9:3d:d:55:9d
		Source MAC: a0:7f:8a:2f:ab:cf
		Type: IPv6

	IP Header
		IP PDU Len: 0
		Header Len (bytes): 0
		TTL: 38
		Protocol: Unknown
		Checksum: Incorrect (0xf8b0)
		Sender IP: 64.5.0.16
		Dest IP: 0.0.0.0

Packet number: 1037  Packet Len: 1294

	Ethernet Header
		Dest MAC: 34:c9:3d:d:55:9d
		Source MAC: a0:7f:8a:2f:ab:cf
		Type: IPv6

	IP Header
		IP PDU Len: 0
		Header Len (bytes): 0
		TTL: 38
		Protocol: Unknown
		Checksum: Incorrect (0xf8b0)
		Sender IP: 64.5.0.16
		Dest IP: 0.0.0.0

Packet number: 1038  Packet Len: 1294

	Ethernet Header
		Dest MAC: 34:c9:3d:d:55:9d
		Source MAC: a0:7f:8a:2f:ab:cf
		Type: IPv6

	IP Header
		IP PDU Len: 0
		Header Len (bytes): 0
		TTL: 38
		Protocol: Unknown
		Checksum: Incorrect (0xf8b0)
		Sender IP: 64.5.0.16
		Dest IP: 0.0.0.0

Packet number: 1039  Packet Len: 95

	Ethernet Header
		Dest MAC: a0:7f:8a:2f:ab:cf
		Source MAC: 34:c9:3d:d:55:9d
		Type: IPv6

	IP Header
		IP PDU Len: 10831
		Header Len (bytes): 0
		TTL: 38
		Protocol: Unknown
		Checksum: Incorrect (0x6c52)
		Sender IP: 125.240.137.160
		Dest IP: 173.18.185.215

Packet number: 1040  Packet Len: 1294

	Ethernet Header
		Dest MAC: 34:c9:3d:d:55:9d
		Source MAC: a0:7f:8a:2f:ab:cf
		Type: IPv6

	IP Header
		IP PDU Len: 0
		Header Len (bytes): 0
		TTL: 38
		Protocol: Unknown
		Checksum: Incorrect (0xf8b0)
		Sender IP: 64.5.0.16
		Dest IP: 0.0.0.0

Packet number: 1041  Packet Len: 1294

	Ethernet Header
		Dest MAC: 34:c9:3d:d:55:9d
		Source MAC: a0:7f:8a:2f:ab:cf
		Type: IPv6

	IP Header
		IP PDU Len: 0
		Header Len (bytes): 0
		TTL: 38
		Protocol: Unknown
		Checksum: Incorrect (0xf8b0)
		Sender IP: 64.5.0.16
		Dest IP: 0.0.0.0

Packet number: 1042  Packet Len: 1294

	Ethernet Header
		Dest MAC: 34:c9:3d:d:55:9d
		Source MAC: a0:7f:8a:2f:ab:cf
		Type: IPv6

	IP Header
		IP PDU Len: 0
		Header Len (bytes): 0
		TTL: 38
		Protocol: Unknown
		Checksum: Incorrect (0xf8b0)
		Sender IP: 64.5.0.16
		Dest IP: 0.0.0.0

Packet number: 1043  Packet Len: 1294

	Ethernet Header
		Dest MAC: 34:c9:3d:d:55:9d
		Source MAC: a0:7f:8a:2f:ab:cf
		Type: IPv6

	IP Header
		IP PDU Len: 0
		Header Len (bytes): 0
		TTL: 38
		Protocol: Unknown
		Checksum: Incorrect (0xf8b0)
		Sender IP: 64.5.0.16
		Dest IP: 0.0.0.0

Packet number: 1044  Packet Len: 1294

	Ethernet Header
		Dest MAC: 34:c9:3d:d:55:9d
		Source MAC: a0:7f:8a:2f:ab:cf
		Type: IPv6

	IP Header
		IP PDU Len: 0
		Header Len (bytes): 0
		TTL: 38
		Protocol: Unknown
		Checksum: Incorrect (0xf8b0)
		Sender IP: 64.5.0.16
		Dest IP: 0.0.0.0

Packet number: 1045  Packet Len: 1294

	Ethernet Header
		Dest MAC: 34:c9:3d:d:55:9d
		Source MAC: a0:7f:8a:2f:ab:cf
		Type: IPv6

	IP Header
		IP PDU Len: 0
		Header Len (bytes): 0
		TTL: 38
		Protocol: Unknown
		Checksum: Incorrect (0xf8b0)
		Sender IP: 64.5.0.16
		Dest IP: 0.0.0.0

Packet number: 1046  Packet Len: 1294

	Ethernet Header
		Dest MAC: 34:c9:3d:d:55:9d
		Source MAC: a0:7f:8a:2f:ab:cf
		Type: IPv6

	IP Header
		IP PDU Len: 0
		Header Len (bytes): 0
		TTL: 38
		Protocol: Unknown
		Checksum: Incorrect (0xf8b0)
		Sender IP: 64.5.0.16
		Dest IP: 0.0.0.0

Packet number: 1047  Packet Len: 1294

	Ethernet Header
		Dest MAC: 34:c9:3d:d:55:9d
		Source MAC: a0:7f:8a:2f:ab:cf
		Type: IPv6

	IP Header
		IP PDU Len: 0
		Header Len (bytes): 0
		TTL: 38
		Protocol: Unknown
		Checksum: Incorrect (0xf8b0)
		Sender IP: 64.5.0.16
		Dest IP: 0.0.0.0

Packet number: 1048  Packet Len: 1294

	Ethernet Header
		Dest MAC: 34:c9:3d:d:55:9d
		Source MAC: a0:7f:8a:2f:ab:cf
		Type: IPv6

	IP Header
		IP PDU Len: 0
		Header Len (bytes): 0
		TTL: 38
		Protocol: Unknown
		Checksum: Incorrect (0xf8b0)
		Sender IP: 64.5.0.16
		Dest IP: 0.0.0.0

Packet number: 1049  Packet Len: 1294

	Ethernet Header
		Dest MAC: 34:c9:3d:d:55:9d
		Source MAC: a0:7f:8a:2f:ab:cf
		Type: IPv6

	IP Header
		IP PDU Len: 0
		Header Len (bytes): 0
		TTL: 38
		Protocol: Unknown
		Checksum: Incorrect (0xf8b0)
		Sender IP: 64.5.0.16
		Dest IP: 0.0.0.0

Packet number: 1050  Packet Len: 1294

	Ethernet Header
		Dest MAC: 34:c9:3d:d:55:9d
		Source MAC: a0:7f:8a:2f:ab:cf
		Type: IPv6

	IP Header
		IP PDU Len: 0
		Header Len (bytes): 0
		TTL: 38
		Protocol: Unknown
		Checksum: Incorrect (0xf8b0)
		Sender IP: 64.5.0.16
		Dest IP: 0.0.0.0

Packet number: 1051  Packet Len: 1294

	Ethernet Header
		Dest MAC: 34:c9:3d:d:55:9d
		Source MAC: a0:7f:8a:2f:ab:cf
		Type: IPv6

	IP Header
		IP PDU Len: 0
		Header Len (bytes): 0
		TTL: 38
		Protocol: Unknown
		Checksum: Incorrect (0xf8b0)
		Sender IP: 64.5.0.16
		Dest IP: 0.0.0.0

Packet number: 1052  Packet Len: 1294

	Ethernet Header
		Dest MAC: 34:c9:3d:d:55:9d
		Source MAC: a0:7f:8a:2f:ab:cf
		Type: IPv6

	IP Header
		IP PDU Len: 0
		Header Len (bytes): 0
		TTL: 38
		Protocol: Unknown
		Checksum: Incorrect (0xf8b0)
		Sender IP: 64.5.0.16
		Dest IP: 0.0.0.0

Packet number: 1053  Packet Len: 1294

	Ethernet Header
		Dest MAC: 34:c9:3d:d:55:9d
		Source MAC: a0:7f:8a:2f:ab:cf
		Type: IPv6

	IP Header
		IP PDU Len: 0
		Header Len (bytes): 0
		TTL: 38
		Protocol: Unknown
		Checksum: Incorrect (0xf8b0)
		Sender IP: 64.5.0.16
		Dest IP: 0.0.0.0

Packet number: 1054  Packet Len: 1294

	Ethernet Header
		Dest MAC: 34:c9:3d:d:55:9d
		Source MAC: a0:7f:8a:2f:ab:cf
		Type: IPv6

	IP Header
		IP PDU Len: 0
		Header Len (bytes): 0
		TTL: 38
		Protocol: Unknown
		Checksum: Incorrect (0xf8b0)
		Sender IP: 64.5.0.16
		Dest IP: 0.0.0.0

Packet number: 1055  Packet Len: 1294

	Ethernet Header
		Dest MAC: 34:c9:3d:d:55:9d
		Source MAC: a0:7f:8a:2f:ab:cf
		Type: IPv6

	IP Header
		IP PDU Len: 0
		Header Len (bytes): 0
		TTL: 38
		Protocol: Unknown
		Checksum: Incorrect (0xf8b0)
		Sender IP: 64.5.0.16
		Dest IP: 0.0.0.0

Packet number: 1056  Packet Len: 1294

	Ethernet Header
		Dest MAC: 34:c9:3d:d:55:9d
		Source MAC: a0:7f:8a:2f:ab:cf
		Type: IPv6

	IP Header
		IP PDU Len: 0
		Header Len (bytes): 0
		TTL: 38
		Protocol: Unknown
		Checksum: Incorrect (0xf8b0)
		Sender IP: 64.5.0.16
		Dest IP: 0.0.0.0

Packet number: 1057  Packet Len: 1294

	Ethernet Header
		Dest MAC: 34:c9:3d:d:55:9d
		Source MAC: a0:7f:8a:2f:ab:cf
		Type: IPv6

	IP Header
		IP PDU Len: 0
		Header Len (bytes): 0
		TTL: 38
		Protocol: Unknown
		Checksum: Incorrect (0xf8b0)
		Sender IP: 64.5.0.16
		Dest IP: 0.0.0.0

Packet number: 1058  Packet Len: 1294

	Ethernet Header
		Dest MAC: 34:c9:3d:d:55:9d
		Source MAC: a0:7f:8a:2f:ab:cf
		Type: IPv6

	IP Header
		IP PDU Len: 0
		Header Len (bytes): 0
		TTL: 38
		Protocol: Unknown
		Checksum: Incorrect (0xf8b0)
		Sender IP: 64.5.0.16
		Dest IP: 0.0.0.0

Packet number: 1059  Packet Len: 1294

	Ethernet Header
		Dest MAC: 34:c9:3d:d:55:9d
		Source MAC: a0:7f:8a:2f:ab:cf
		Type: IPv6

	IP Header
		IP PDU Len: 0
		Header Len (bytes): 0
		TTL: 38
		Protocol: Unknown
		Checksum: Incorrect (0xf8b0)
		Sender IP: 64.5.0.16
		Dest IP: 0.0.0.0

Packet number: 1060  Packet Len: 1294

	Ethernet Header
		Dest MAC: 34:c9:3d:d:55:9d
		Source MAC: a0:7f:8a:2f:ab:cf
		Type: IPv6

	IP Header
		IP PDU Len: 0
		Header Len (bytes): 0
		TTL: 38
		Protocol: Unknown
		Checksum: Incorrect (0xf8b0)
		Sender IP: 64.5.0.16
		Dest IP: 0.0.0.0

Packet number: 1061  Packet Len: 1294

	Ethernet Header
		Dest MAC: 34:c9:3d:d:55:9d
		Source MAC: a0:7f:8a:2f:ab:cf
		Type: IPv6

	IP Header
		IP PDU Len: 0
		Header Len (bytes): 0
		TTL: 38
		Protocol: Unknown
		Checksum: Incorrect (0xf8b0)
		Sender IP: 64.5.0.16
		Dest IP: 0.0.0.0

Packet number: 1062  Packet Len: 1294

	Ethernet Header
		Dest MAC: 34:c9:3d:d:55:9d
		Source MAC: a0:7f:8a:2f:ab:cf
		Type: IPv6

	IP Header
		IP PDU Len: 0
		Header Len (bytes): 0
		TTL: 38
		Protocol: Unknown
		Checksum: Incorrect (0xf8b0)
		Sender IP: 64.5.0.16
		Dest IP: 0.0.0.0

Packet number: 1063  Packet Len: 1294

	Ethernet Header
		Dest MAC: 34:c9:3d:d:55:9d
		Source MAC: a0:7f:8a:2f:ab:cf
		Type: IPv6

	IP Header
		IP PDU Len: 0
		Header Len (bytes): 0
		TTL: 38
		Protocol: Unknown
		Checksum: Incorrect (0xf8b0)
		Sender IP: 64.5.0.16
		Dest IP: 0.0.0.0

Packet number: 1064  Packet Len: 95

	Ethernet Header
		Dest MAC: a0:7f:8a:2f:ab:cf
		Source MAC: 34:c9:3d:d:55:9d
		Type: IPv6

	IP Header
		IP PDU Len: 10831
		Header Len (bytes): 0
		TTL: 38
		Protocol: Unknown
		Checksum: Incorrect (0x6c52)
		Sender IP: 125.240.137.160
		Dest IP: 173.18.185.215

Packet number: 1065  Packet Len: 95

	Ethernet Header
		Dest MAC: a0:7f:8a:2f:ab:cf
		Source MAC: 34:c9:3d:d:55:9d
		Type: IPv6

	IP Header
		IP PDU Len: 10831
		Header Len (bytes): 0
		TTL: 38
		Protocol: Unknown
		Checksum: Incorrect (0x6c52)
		Sender IP: 125.240.137.160
		Dest IP: 173.18.185.215

Packet number: 1066  Packet Len: 1294

	Ethernet Header
		Dest MAC: 34:c9:3d:d:55:9d
		Source MAC: a0:7f:8a:2f:ab:cf
		Type: IPv6

	IP Header
		IP PDU Len: 0
		Header Len (bytes): 0
		TTL: 38
		Protocol: Unknown
		Checksum: Incorrect (0xf8b0)
		Sender IP: 64.5.0.16
		Dest IP: 0.0.0.0

Packet number: 1067  Packet Len: 1294

	Ethernet Header
		Dest MAC: 34:c9:3d:d:55:9d
		Source MAC: a0:7f:8a:2f:ab:cf
		Type: IPv6

	IP Header
		IP PDU Len: 0
		Header Len (bytes): 0
		TTL: 38
		Protocol: Unknown
		Checksum: Incorrect (0xf8b0)
		Sender IP: 64.5.0.16
		Dest IP: 0.0.0.0

Packet number: 1068  Packet Len: 1294

	Ethernet Header
		Dest MAC: 34:c9:3d:d:55:9d
		Source MAC: a0:7f:8a:2f:ab:cf
		Type: IPv6

	IP Header
		IP PDU Len: 0
		Header Len (bytes): 0
		TTL: 38
		Protocol: Unknown
		Checksum: Incorrect (0xf8b0)
		Sender IP: 64.5.0.16
		Dest IP: 0.0.0.0

Packet number: 1069  Packet Len: 1294

	Ethernet Header
		Dest MAC: 34:c9:3d:d:55:9d
		Source MAC: a0:7f:8a:2f:ab:cf
		Type: IPv6

	IP Header
		IP PDU Len: 0
		Header Len (bytes): 0
		TTL: 38
		Protocol: Unknown
		Checksum: Incorrect (0xf8b0)
		Sender IP: 64.5.0.16
		Dest IP: 0.0.0.0

Packet number: 1070  Packet Len: 1294

	Ethernet Header
		Dest MAC: 34:c9:3d:d:55:9d
		Source MAC: a0:7f:8a:2f:ab:cf
		Type: IPv6

	IP Header
		IP PDU Len: 0
		Header Len (bytes): 0
		TTL: 38
		Protocol: Unknown
		Checksum: Incorrect (0xf8b0)
		Sender IP: 64.5.0.16
		Dest IP: 0.0.0.0

Packet number: 1071  Packet Len: 1294

	Ethernet Header
		Dest MAC: 34:c9:3d:d:55:9d
		Source MAC: a0:7f:8a:2f:ab:cf
		Type: IPv6

	IP Header
		IP PDU Len: 0
		Header Len (bytes): 0
		TTL: 38
		Protocol: Unknown
		Checksum: Incorrect (0xf8b0)
		Sender IP: 64.5.0.16
		Dest IP: 0.0.0.0

Packet number: 1072  Packet Len: 1294

	Ethernet Header
		Dest MAC: 34:c9:3d:d:55:9d
		Source MAC: a0:7f:8a:2f:ab:cf
		Type: IPv6

	IP Header
		IP PDU Len: 0
		Header Len (bytes): 0
		TTL: 38
		Protocol: Unknown
		Checksum: Incorrect (0xf8b0)
		Sender IP: 64.5.0.16
		Dest IP: 0.0.0.0

Packet number: 1073  Packet Len: 1294

	Ethernet Header
		Dest MAC: 34:c9:3d:d:55:9d
		Source MAC: a0:7f:8a:2f:ab:cf
		Type: IPv6

	IP Header
		IP PDU Len: 0
		Header Len (bytes): 0
		TTL: 38
		Protocol: Unknown
		Checksum: Incorrect (0xf8b0)
		Sender IP: 64.5.0.16
		Dest IP: 0.0.0.0

Packet number: 1074  Packet Len: 1294

	Ethernet Header
		Dest MAC: 34:c9:3d:d:55:9d
		Source MAC: a0:7f:8a:2f:ab:cf
		Type: IPv6

	IP Header
		IP PDU Len: 0
		Header Len (bytes): 0
		TTL: 38
		Protocol: Unknown
		Checksum: Incorrect (0xf8b0)
		Sender IP: 64.5.0.16
		Dest IP: 0.0.0.0

Packet number: 1075  Packet Len: 1294

	Ethernet Header
		Dest MAC: 34:c9:3d:d:55:9d
		Source MAC: a0:7f:8a:2f:ab:cf
		Type: IPv6

	IP Header
		IP PDU Len: 0
		Header Len (bytes): 0
		TTL: 38
		Protocol: Unknown
		Checksum: Incorrect (0xf8b0)
		Sender IP: 64.5.0.16
		Dest IP: 0.0.0.0

Packet number: 1076  Packet Len: 1294

	Ethernet Header
		Dest MAC: 34:c9:3d:d:55:9d
		Source MAC: a0:7f:8a:2f:ab:cf
		Type: IPv6

	IP Header
		IP PDU Len: 0
		Header Len (bytes): 0
		TTL: 38
		Protocol: Unknown
		Checksum: Incorrect (0xf8b0)
		Sender IP: 64.5.0.16
		Dest IP: 0.0.0.0

Packet number: 1077  Packet Len: 1294

	Ethernet Header
		Dest MAC: 34:c9:3d:d:55:9d
		Source MAC: a0:7f:8a:2f:ab:cf
		Type: IPv6

	IP Header
		IP PDU Len: 0
		Header Len (bytes): 0
		TTL: 38
		Protocol: Unknown
		Checksum: Incorrect (0xf8b0)
		Sender IP: 64.5.0.16
		Dest IP: 0.0.0.0

Packet number: 1078  Packet Len: 1294

	Ethernet Header
		Dest MAC: 34:c9:3d:d:55:9d
		Source MAC: a0:7f:8a:2f:ab:cf
		Type: IPv6

	IP Header
		IP PDU Len: 0
		Header Len (bytes): 0
		TTL: 38
		Protocol: Unknown
		Checksum: Incorrect (0xf8b0)
		Sender IP: 64.5.0.16
		Dest IP: 0.0.0.0

Packet number: 1079  Packet Len: 1294

	Ethernet Header
		Dest MAC: 34:c9:3d:d:55:9d
		Source MAC: a0:7f:8a:2f:ab:cf
		Type: IPv6

	IP Header
		IP PDU Len: 0
		Header Len (bytes): 0
		TTL: 38
		Protocol: Unknown
		Checksum: Incorrect (0xf8b0)
		Sender IP: 64.5.0.16
		Dest IP: 0.0.0.0

Packet number: 1080  Packet Len: 1294

	Ethernet Header
		Dest MAC: 34:c9:3d:d:55:9d
		Source MAC: a0:7f:8a:2f:ab:cf
		Type: IPv6

	IP Header
		IP PDU Len: 0
		Header Len (bytes): 0
		TTL: 38
		Protocol: Unknown
		Checksum: Incorrect (0xf8b0)
		Sender IP: 64.5.0.16
		Dest IP: 0.0.0.0

Packet number: 1081  Packet Len: 1294

	Ethernet Header
		Dest MAC: 34:c9:3d:d:55:9d
		Source MAC: a0:7f:8a:2f:ab:cf
		Type: IPv6

	IP Header
		IP PDU Len: 0
		Header Len (bytes): 0
		TTL: 38
		Protocol: Unknown
		Checksum: Incorrect (0xf8b0)
		Sender IP: 64.5.0.16
		Dest IP: 0.0.0.0

Packet number: 1082  Packet Len: 1294

	Ethernet Header
		Dest MAC: 34:c9:3d:d:55:9d
		Source MAC: a0:7f:8a:2f:ab:cf
		Type: IPv6

	IP Header
		IP PDU Len: 0
		Header Len (bytes): 0
		TTL: 38
		Protocol: Unknown
		Checksum: Incorrect (0xf8b0)
		Sender IP: 64.5.0.16
		Dest IP: 0.0.0.0

Packet number: 1083  Packet Len: 1294

	Ethernet Header
		Dest MAC: 34:c9:3d:d:55:9d
		Source MAC: a0:7f:8a:2f:ab:cf
		Type: IPv6

	IP Header
		IP PDU Len: 0
		Header Len (bytes): 0
		TTL: 38
		Protocol: Unknown
		Checksum: Incorrect (0xf8b0)
		Sender IP: 64.5.0.16
		Dest IP: 0.0.0.0

Packet number: 1084  Packet Len: 1294

	Ethernet Header
		Dest MAC: 34:c9:3d:d:55:9d
		Source MAC: a0:7f:8a:2f:ab:cf
		Type: IPv6

	IP Header
		IP PDU Len: 0
		Header Len (bytes): 0
		TTL: 38
		Protocol: Unknown
		Checksum: Incorrect (0xf8b0)
		Sender IP: 64.5.0.16
		Dest IP: 0.0.0.0

Packet number: 1085  Packet Len: 1294

	Ethernet Header
		Dest MAC: 34:c9:3d:d:55:9d
		Source MAC: a0:7f:8a:2f:ab:cf
		Type: IPv6

	IP Header
		IP PDU Len: 0
		Header Len (bytes): 0
		TTL: 38
		Protocol: Unknown
		Checksum: Incorrect (0xf8b0)
		Sender IP: 64.5.0.16
		Dest IP: 0.0.0.0

Packet number: 1086  Packet Len: 1294

	Ethernet Header
		Dest MAC: 34:c9:3d:d:55:9d
		Source MAC: a0:7f:8a:2f:ab:cf
		Type: IPv6

	IP Header
		IP PDU Len: 0
		Header Len (bytes): 0
		TTL: 38
		Protocol: Unknown
		Checksum: Incorrect (0xf8b0)
		Sender IP: 64.5.0.16
		Dest IP: 0.0.0.0

Packet number: 1087  Packet Len: 1294

	Ethernet Header
		Dest MAC: 34:c9:3d:d:55:9d
		Source MAC: a0:7f:8a:2f:ab:cf
		Type: IPv6

	IP Header
		IP PDU Len: 0
		Header Len (bytes): 0
		TTL: 38
		Protocol: Unknown
		Checksum: Incorrect (0xf8b0)
		Sender IP: 64.5.0.16
		Dest IP: 0.0.0.0

Packet number: 1088  Packet Len: 1294

	Ethernet Header
		Dest MAC: 34:c9:3d:d:55:9d
		Source MAC: a0:7f:8a:2f:ab:cf
		Type: IPv6

	IP Header
		IP PDU Len: 0
		Header Len (bytes): 0
		TTL: 38
		Protocol: Unknown
		Checksum: Incorrect (0xf8b0)
		Sender IP: 64.5.0.16
		Dest IP: 0.0.0.0

Packet number: 1089  Packet Len: 1294

	Ethernet Header
		Dest MAC: 34:c9:3d:d:55:9d
		Source MAC: a0:7f:8a:2f:ab:cf
		Type: IPv6

	IP Header
		IP PDU Len: 0
		Header Len (bytes): 0
		TTL: 38
		Protocol: Unknown
		Checksum: Incorrect (0xf8b0)
		Sender IP: 64.5.0.16
		Dest IP: 0.0.0.0

Packet number: 1090  Packet Len: 1294

	Ethernet Header
		Dest MAC: 34:c9:3d:d:55:9d
		Source MAC: a0:7f:8a:2f:ab:cf
		Type: IPv6

	IP Header
		IP PDU Len: 0
		Header Len (bytes): 0
		TTL: 38
		Protocol: Unknown
		Checksum: Incorrect (0xf8b0)
		Sender IP: 64.5.0.16
		Dest IP: 0.0.0.0

Packet number: 1091  Packet Len: 1294

	Ethernet Header
		Dest MAC: 34:c9:3d:d:55:9d
		Source MAC: a0:7f:8a:2f:ab:cf
		Type: IPv6

	IP Header
		IP PDU Len: 0
		Header Len (bytes): 0
		TTL: 38
		Protocol: Unknown
		Checksum: Incorrect (0xf8b0)
		Sender IP: 64.5.0.16
		Dest IP: 0.0.0.0

Packet number: 1092  Packet Len: 1294

	Ethernet Header
		Dest MAC: 34:c9:3d:d:55:9d
		Source MAC: a0:7f:8a:2f:ab:cf
		Type: IPv6

	IP Header
		IP PDU Len: 0
		Header Len (bytes): 0
		TTL: 38
		Protocol: Unknown
		Checksum: Incorrect (0xf8b0)
		Sender IP: 64.5.0.16
		Dest IP: 0.0.0.0

Packet number: 1093  Packet Len: 1294

	Ethernet Header
		Dest MAC: 34:c9:3d:d:55:9d
		Source MAC: a0:7f:8a:2f:ab:cf
		Type: IPv6

	IP Header
		IP PDU Len: 0
		Header Len (bytes): 0
		TTL: 38
		Protocol: Unknown
		Checksum: Incorrect (0xf8b0)
		Sender IP: 64.5.0.16
		Dest IP: 0.0.0.0

Packet number: 1094  Packet Len: 1294

	Ethernet Header
		Dest MAC: 34:c9:3d:d:55:9d
		Source MAC: a0:7f:8a:2f:ab:cf
		Type: IPv6

	IP Header
		IP PDU Len: 0
		Header Len (bytes): 0
		TTL: 38
		Protocol: Unknown
		Checksum: Incorrect (0xf8b0)
		Sender IP: 64.5.0.16
		Dest IP: 0.0.0.0

Packet number: 1095  Packet Len: 1294

	Ethernet Header
		Dest MAC: 34:c9:3d:d:55:9d
		Source MAC: a0:7f:8a:2f:ab:cf
		Type: IPv6

	IP Header
		IP PDU Len: 0
		Header Len (bytes): 0
		TTL: 38
		Protocol: Unknown
		Checksum: Incorrect (0xf8b0)
		Sender IP: 64.5.0.16
		Dest IP: 0.0.0.0

Packet number: 1096  Packet Len: 1294

	Ethernet Header
		Dest MAC: 34:c9:3d:d:55:9d
		Source MAC: a0:7f:8a:2f:ab:cf
		Type: IPv6

	IP Header
		IP PDU Len: 0
		Header Len (bytes): 0
		TTL: 38
		Protocol: Unknown
		Checksum: Incorrect (0xf8b0)
		Sender IP: 64.5.0.16
		Dest IP: 0.0.0.0

Packet number: 1097  Packet Len: 1294

	Ethernet Header
		Dest MAC: 34:c9:3d:d:55:9d
		Source MAC: a0:7f:8a:2f:ab:cf
		Type: IPv6

	IP Header
		IP PDU Len: 0
		Header Len (bytes): 0
		TTL: 38
		Protocol: Unknown
		Checksum: Incorrect (0xf8b0)
		Sender IP: 64.5.0.16
		Dest IP: 0.0.0.0

Packet number: 1098  Packet Len: 1294

	Ethernet Header
		Dest MAC: 34:c9:3d:d:55:9d
		Source MAC: a0:7f:8a:2f:ab:cf
		Type: IPv6

	IP Header
		IP PDU Len: 0
		Header Len (bytes): 0
		TTL: 38
		Protocol: Unknown
		Checksum: Incorrect (0xf8b0)
		Sender IP: 64.5.0.16
		Dest IP: 0.0.0.0

Packet number: 1099  Packet Len: 1294

	Ethernet Header
		Dest MAC: 34:c9:3d:d:55:9d
		Source MAC: a0:7f:8a:2f:ab:cf
		Type: IPv6

	IP Header
		IP PDU Len: 0
		Header Len (bytes): 0
		TTL: 38
		Protocol: Unknown
		Checksum: Incorrect (0xf8b0)
		Sender IP: 64.5.0.16
		Dest IP: 0.0.0.0

Packet number: 1100  Packet Len: 1294

	Ethernet Header
		Dest MAC: 34:c9:3d:d:55:9d
		Source MAC: a0:7f:8a:2f:ab:cf
		Type: IPv6

	IP Header
		IP PDU Len: 0
		Header Len (bytes): 0
		TTL: 38
		Protocol: Unknown
		Checksum: Incorrect (0xf8b0)
		Sender IP: 64.5.0.16
		Dest IP: 0.0.0.0

Packet number: 1101  Packet Len: 1294

	Ethernet Header
		Dest MAC: 34:c9:3d:d:55:9d
		Source MAC: a0:7f:8a:2f:ab:cf
		Type: IPv6

	IP Header
		IP PDU Len: 0
		Header Len (bytes): 0
		TTL: 38
		Protocol: Unknown
		Checksum: Incorrect (0xf8b0)
		Sender IP: 64.5.0.16
		Dest IP: 0.0.0.0

Packet number: 1102  Packet Len: 1294

	Ethernet Header
		Dest MAC: 34:c9:3d:d:55:9d
		Source MAC: a0:7f:8a:2f:ab:cf
		Type: IPv6

	IP Header
		IP PDU Len: 0
		Header Len (bytes): 0
		TTL: 38
		Protocol: Unknown
		Checksum: Incorrect (0xf8b0)
		Sender IP: 64.5.0.16
		Dest IP: 0.0.0.0

Packet number: 1103  Packet Len: 1294

	Ethernet Header
		Dest MAC: 34:c9:3d:d:55:9d
		Source MAC: a0:7f:8a:2f:ab:cf
		Type: IPv6

	IP Header
		IP PDU Len: 0
		Header Len (bytes): 0
		TTL: 38
		Protocol: Unknown
		Checksum: Incorrect (0xf8b0)
		Sender IP: 64.5.0.16
		Dest IP: 0.0.0.0

Packet number: 1104  Packet Len: 1294

	Ethernet Header
		Dest MAC: 34:c9:3d:d:55:9d
		Source MAC: a0:7f:8a:2f:ab:cf
		Type: IPv6

	IP Header
		IP PDU Len: 0
		Header Len (bytes): 0
		TTL: 38
		Protocol: Unknown
		Checksum: Incorrect (0xf8b0)
		Sender IP: 64.5.0.16
		Dest IP: 0.0.0.0

Packet number: 1105  Packet Len: 1294

	Ethernet Header
		Dest MAC: 34:c9:3d:d:55:9d
		Source MAC: a0:7f:8a:2f:ab:cf
		Type: IPv6

	IP Header
		IP PDU Len: 0
		Header Len (bytes): 0
		TTL: 38
		Protocol: Unknown
		Checksum: Incorrect (0xf8b0)
		Sender IP: 64.5.0.16
		Dest IP: 0.0.0.0

Packet number: 1106  Packet Len: 1294

	Ethernet Header
		Dest MAC: 34:c9:3d:d:55:9d
		Source MAC: a0:7f:8a:2f:ab:cf
		Type: IPv6

	IP Header
		IP PDU Len: 0
		Header Len (bytes): 0
		TTL: 38
		Protocol: Unknown
		Checksum: Incorrect (0xf8b0)
		Sender IP: 64.5.0.16
		Dest IP: 0.0.0.0

Packet number: 1107  Packet Len: 1294

	Ethernet Header
		Dest MAC: 34:c9:3d:d:55:9d
		Source MAC: a0:7f:8a:2f:ab:cf
		Type: IPv6

	IP Header
		IP PDU Len: 0
		Header Len (bytes): 0
		TTL: 38
		Protocol: Unknown
		Checksum: Incorrect (0xf8b0)
		Sender IP: 64.5.0.16
		Dest IP: 0.0.0.0

Packet number: 1108  Packet Len: 1294

	Ethernet Header
		Dest MAC: 34:c9:3d:d:55:9d
		Source MAC: a0:7f:8a:2f:ab:cf
		Type: IPv6

	IP Header
		IP PDU Len: 0
		Header Len (bytes): 0
		TTL: 38
		Protocol: Unknown
		Checksum: Incorrect (0xf8b0)
		Sender IP: 64.5.0.16
		Dest IP: 0.0.0.0

Packet number: 1109  Packet Len: 1294

	Ethernet Header
		Dest MAC: 34:c9:3d:d:55:9d
		Source MAC: a0:7f:8a:2f:ab:cf
		Type: IPv6

	IP Header
		IP PDU Len: 0
		Header Len (bytes): 0
		TTL: 38
		Protocol: Unknown
		Checksum: Incorrect (0xf8b0)
		Sender IP: 64.5.0.16
		Dest IP: 0.0.0.0

Packet number: 1110  Packet Len: 1294

	Ethernet Header
		Dest MAC: 34:c9:3d:d:55:9d
		Source MAC: a0:7f:8a:2f:ab:cf
		Type: IPv6

	IP Header
		IP PDU Len: 0
		Header Len (bytes): 0
		TTL: 38
		Protocol: Unknown
		Checksum: Incorrect (0xf8b0)
		Sender IP: 64.5.0.16
		Dest IP: 0.0.0.0

Packet number: 1111  Packet Len: 1294

	Ethernet Header
		Dest MAC: 34:c9:3d:d:55:9d
		Source MAC: a0:7f:8a:2f:ab:cf
		Type: IPv6

	IP Header
		IP PDU Len: 0
		Header Len (bytes): 0
		TTL: 38
		Protocol: Unknown
		Checksum: Incorrect (0xf8b0)
		Sender IP: 64.5.0.16
		Dest IP: 0.0.0.0

Packet number: 1112  Packet Len: 1294

	Ethernet Header
		Dest MAC: 34:c9:3d:d:55:9d
		Source MAC: a0:7f:8a:2f:ab:cf
		Type: IPv6

	IP Header
		IP PDU Len: 0
		Header Len (bytes): 0
		TTL: 38
		Protocol: Unknown
		Checksum: Incorrect (0xf8b0)
		Sender IP: 64.5.0.16
		Dest IP: 0.0.0.0

Packet number: 1113  Packet Len: 1294

	Ethernet Header
		Dest MAC: 34:c9:3d:d:55:9d
		Source MAC: a0:7f:8a:2f:ab:cf
		Type: IPv6

	IP Header
		IP PDU Len: 0
		Header Len (bytes): 0
		TTL: 38
		Protocol: Unknown
		Checksum: Incorrect (0xf8b0)
		Sender IP: 64.5.0.16
		Dest IP: 0.0.0.0

Packet number: 1114  Packet Len: 1294

	Ethernet Header
		Dest MAC: 34:c9:3d:d:55:9d
		Source MAC: a0:7f:8a:2f:ab:cf
		Type: IPv6

	IP Header
		IP PDU Len: 0
		Header Len (bytes): 0
		TTL: 38
		Protocol: Unknown
		Checksum: Incorrect (0xf8b0)
		Sender IP: 64.5.0.16
		Dest IP: 0.0.0.0

Packet number: 1115  Packet Len: 1294

	Ethernet Header
		Dest MAC: 34:c9:3d:d:55:9d
		Source MAC: a0:7f:8a:2f:ab:cf
		Type: IPv6

	IP Header
		IP PDU Len: 0
		Header Len (bytes): 0
		TTL: 38
		Protocol: Unknown
		Checksum: Incorrect (0xf8b0)
		Sender IP: 64.5.0.16
		Dest IP: 0.0.0.0

Packet number: 1116  Packet Len: 1294

	Ethernet Header
		Dest MAC: 34:c9:3d:d:55:9d
		Source MAC: a0:7f:8a:2f:ab:cf
		Type: IPv6

	IP Header
		IP PDU Len: 0
		Header Len (bytes): 0
		TTL: 38
		Protocol: Unknown
		Checksum: Incorrect (0xf8b0)
		Sender IP: 64.5.0.16
		Dest IP: 0.0.0.0

Packet number: 1117  Packet Len: 1294

	Ethernet Header
		Dest MAC: 34:c9:3d:d:55:9d
		Source MAC: a0:7f:8a:2f:ab:cf
		Type: IPv6

	IP Header
		IP PDU Len: 0
		Header Len (bytes): 0
		TTL: 38
		Protocol: Unknown
		Checksum: Incorrect (0xf8b0)
		Sender IP: 64.5.0.16
		Dest IP: 0.0.0.0

Packet number: 1118  Packet Len: 1294

	Ethernet Header
		Dest MAC: 34:c9:3d:d:55:9d
		Source MAC: a0:7f:8a:2f:ab:cf
		Type: IPv6

	IP Header
		IP PDU Len: 0
		Header Len (bytes): 0
		TTL: 38
		Protocol: Unknown
		Checksum: Incorrect (0xf8b0)
		Sender IP: 64.5.0.16
		Dest IP: 0.0.0.0

Packet number: 1119  Packet Len: 1294

	Ethernet Header
		Dest MAC: 34:c9:3d:d:55:9d
		Source MAC: a0:7f:8a:2f:ab:cf
		Type: IPv6

	IP Header
		IP PDU Len: 0
		Header Len (bytes): 0
		TTL: 38
		Protocol: Unknown
		Checksum: Incorrect (0xf8b0)
		Sender IP: 64.5.0.16
		Dest IP: 0.0.0.0

Packet number: 1120  Packet Len: 1294

	Ethernet Header
		Dest MAC: 34:c9:3d:d:55:9d
		Source MAC: a0:7f:8a:2f:ab:cf
		Type: IPv6

	IP Header
		IP PDU Len: 0
		Header Len (bytes): 0
		TTL: 38
		Protocol: Unknown
		Checksum: Incorrect (0xf8b0)
		Sender IP: 64.5.0.16
		Dest IP: 0.0.0.0

Packet number: 1121  Packet Len: 1294

	Ethernet Header
		Dest MAC: 34:c9:3d:d:55:9d
		Source MAC: a0:7f:8a:2f:ab:cf
		Type: IPv6

	IP Header
		IP PDU Len: 0
		Header Len (bytes): 0
		TTL: 38
		Protocol: Unknown
		Checksum: Incorrect (0xf8b0)
		Sender IP: 64.5.0.16
		Dest IP: 0.0.0.0

Packet number: 1122  Packet Len: 95

	Ethernet Header
		Dest MAC: a0:7f:8a:2f:ab:cf
		Source MAC: 34:c9:3d:d:55:9d
		Type: IPv6

	IP Header
		IP PDU Len: 10831
		Header Len (bytes): 0
		TTL: 38
		Protocol: Unknown
		Checksum: Incorrect (0x6c52)
		Sender IP: 125.240.137.160
		Dest IP: 173.18.185.215

Packet number: 1123  Packet Len: 1294

	Ethernet Header
		Dest MAC: 34:c9:3d:d:55:9d
		Source MAC: a0:7f:8a:2f:ab:cf
		Type: IPv6

	IP Header
		IP PDU Len: 0
		Header Len (bytes): 0
		TTL: 38
		Protocol: Unknown
		Checksum: Incorrect (0xf8b0)
		Sender IP: 64.5.0.16
		Dest IP: 0.0.0.0

Packet number: 1124  Packet Len: 1294

	Ethernet Header
		Dest MAC: 34:c9:3d:d:55:9d
		Source MAC: a0:7f:8a:2f:ab:cf
		Type: IPv6

	IP Header
		IP PDU Len: 0
		Header Len (bytes): 0
		TTL: 38
		Protocol: Unknown
		Checksum: Incorrect (0xf8b0)
		Sender IP: 64.5.0.16
		Dest IP: 0.0.0.0

Packet number: 1125  Packet Len: 1294

	Ethernet Header
		Dest MAC: 34:c9:3d:d:55:9d
		Source MAC: a0:7f:8a:2f:ab:cf
		Type: IPv6

	IP Header
		IP PDU Len: 0
		Header Len (bytes): 0
		TTL: 38
		Protocol: Unknown
		Checksum: Incorrect (0xf8b0)
		Sender IP: 64.5.0.16
		Dest IP: 0.0.0.0

Packet number: 1126  Packet Len: 1294

	Ethernet Header
		Dest MAC: 34:c9:3d:d:55:9d
		Source MAC: a0:7f:8a:2f:ab:cf
		Type: IPv6

	IP Header
		IP PDU Len: 0
		Header Len (bytes): 0
		TTL: 38
		Protocol: Unknown
		Checksum: Incorrect (0xf8b0)
		Sender IP: 64.5.0.16
		Dest IP: 0.0.0.0

Packet number: 1127  Packet Len: 1294

	Ethernet Header
		Dest MAC: 34:c9:3d:d:55:9d
		Source MAC: a0:7f:8a:2f:ab:cf
		Type: IPv6

	IP Header
		IP PDU Len: 0
		Header Len (bytes): 0
		TTL: 38
		Protocol: Unknown
		Checksum: Incorrect (0xf8b0)
		Sender IP: 64.5.0.16
		Dest IP: 0.0.0.0

Packet number: 1128  Packet Len: 1294

	Ethernet Header
		Dest MAC: 34:c9:3d:d:55:9d
		Source MAC: a0:7f:8a:2f:ab:cf
		Type: IPv6

	IP Header
		IP PDU Len: 0
		Header Len (bytes): 0
		TTL: 38
		Protocol: Unknown
		Checksum: Incorrect (0xf8b0)
		Sender IP: 64.5.0.16
		Dest IP: 0.0.0.0

Packet number: 1129  Packet Len: 1294

	Ethernet Header
		Dest MAC: 34:c9:3d:d:55:9d
		Source MAC: a0:7f:8a:2f:ab:cf
		Type: IPv6

	IP Header
		IP PDU Len: 0
		Header Len (bytes): 0
		TTL: 38
		Protocol: Unknown
		Checksum: Incorrect (0xf8b0)
		Sender IP: 64.5.0.16
		Dest IP: 0.0.0.0

Packet number: 1130  Packet Len: 1294

	Ethernet Header
		Dest MAC: 34:c9:3d:d:55:9d
		Source MAC: a0:7f:8a:2f:ab:cf
		Type: IPv6

	IP Header
		IP PDU Len: 0
		Header Len (bytes): 0
		TTL: 38
		Protocol: Unknown
		Checksum: Incorrect (0xf8b0)
		Sender IP: 64.5.0.16
		Dest IP: 0.0.0.0

Packet number: 1131  Packet Len: 1294

	Ethernet Header
		Dest MAC: 34:c9:3d:d:55:9d
		Source MAC: a0:7f:8a:2f:ab:cf
		Type: IPv6

	IP Header
		IP PDU Len: 0
		Header Len (bytes): 0
		TTL: 38
		Protocol: Unknown
		Checksum: Incorrect (0xf8b0)
		Sender IP: 64.5.0.16
		Dest IP: 0.0.0.0

Packet number: 1132  Packet Len: 1294

	Ethernet Header
		Dest MAC: 34:c9:3d:d:55:9d
		Source MAC: a0:7f:8a:2f:ab:cf
		Type: IPv6

	IP Header
		IP PDU Len: 0
		Header Len (bytes): 0
		TTL: 38
		Protocol: Unknown
		Checksum: Incorrect (0xf8b0)
		Sender IP: 64.5.0.16
		Dest IP: 0.0.0.0

Packet number: 1133  Packet Len: 1294

	Ethernet Header
		Dest MAC: 34:c9:3d:d:55:9d
		Source MAC: a0:7f:8a:2f:ab:cf
		Type: IPv6

	IP Header
		IP PDU Len: 0
		Header Len (bytes): 0
		TTL: 38
		Protocol: Unknown
		Checksum: Incorrect (0xf8b0)
		Sender IP: 64.5.0.16
		Dest IP: 0.0.0.0

Packet number: 1134  Packet Len: 1294

	Ethernet Header
		Dest MAC: 34:c9:3d:d:55:9d
		Source MAC: a0:7f:8a:2f:ab:cf
		Type: IPv6

	IP Header
		IP PDU Len: 0
		Header Len (bytes): 0
		TTL: 38
		Protocol: Unknown
		Checksum: Incorrect (0xf8b0)
		Sender IP: 64.5.0.16
		Dest IP: 0.0.0.0

Packet number: 1135  Packet Len: 95

	Ethernet Header
		Dest MAC: a0:7f:8a:2f:ab:cf
		Source MAC: 34:c9:3d:d:55:9d
		Type: IPv6

	IP Header
		IP PDU Len: 10831
		Header Len (bytes): 0
		TTL: 38
		Protocol: Unknown
		Checksum: Incorrect (0x6c52)
		Sender IP: 125.240.137.160
		Dest IP: 173.18.185.215

Packet number: 1136  Packet Len: 1294

	Ethernet Header
		Dest MAC: 34:c9:3d:d:55:9d
		Source MAC: a0:7f:8a:2f:ab:cf
		Type: IPv6

	IP Header
		IP PDU Len: 0
		Header Len (bytes): 0
		TTL: 38
		Protocol: Unknown
		Checksum: Incorrect (0xf8b0)
		Sender IP: 64.5.0.16
		Dest IP: 0.0.0.0

Packet number: 1137  Packet Len: 1294

	Ethernet Header
		Dest MAC: 34:c9:3d:d:55:9d
		Source MAC: a0:7f:8a:2f:ab:cf
		Type: IPv6

	IP Header
		IP PDU Len: 0
		Header Len (bytes): 0
		TTL: 38
		Protocol: Unknown
		Checksum: Incorrect (0xf8b0)
		Sender IP: 64.5.0.16
		Dest IP: 0.0.0.0

Packet number: 1138  Packet Len: 1294

	Ethernet Header
		Dest MAC: 34:c9:3d:d:55:9d
		Source MAC: a0:7f:8a:2f:ab:cf
		Type: IPv6

	IP Header
		IP PDU Len: 0
		Header Len (bytes): 0
		TTL: 38
		Protocol: Unknown
		Checksum: Incorrect (0xf8b0)
		Sender IP: 64.5.0.16
		Dest IP: 0.0.0.0

Packet number: 1139  Packet Len: 1294

	Ethernet Header
		Dest MAC: 34:c9:3d:d:55:9d
		Source MAC: a0:7f:8a:2f:ab:cf
		Type: IPv6

	IP Header
		IP PDU Len: 0
		Header Len (bytes): 0
		TTL: 38
		Protocol: Unknown
		Checksum: Incorrect (0xf8b0)
		Sender IP: 64.5.0.16
		Dest IP: 0.0.0.0

Packet number: 1140  Packet Len: 1294

	Ethernet Header
		Dest MAC: 34:c9:3d:d:55:9d
		Source MAC: a0:7f:8a:2f:ab:cf
		Type: IPv6

	IP Header
		IP PDU Len: 0
		Header Len (bytes): 0
		TTL: 38
		Protocol: Unknown
		Checksum: Incorrect (0xf8b0)
		Sender IP: 64.5.0.16
		Dest IP: 0.0.0.0

Packet number: 1141  Packet Len: 1294

	Ethernet Header
		Dest MAC: 34:c9:3d:d:55:9d
		Source MAC: a0:7f:8a:2f:ab:cf
		Type: IPv6

	IP Header
		IP PDU Len: 0
		Header Len (bytes): 0
		TTL: 38
		Protocol: Unknown
		Checksum: Incorrect (0xf8b0)
		Sender IP: 64.5.0.16
		Dest IP: 0.0.0.0

Packet number: 1142  Packet Len: 1294

	Ethernet Header
		Dest MAC: 34:c9:3d:d:55:9d
		Source MAC: a0:7f:8a:2f:ab:cf
		Type: IPv6

	IP Header
		IP PDU Len: 0
		Header Len (bytes): 0
		TTL: 38
		Protocol: Unknown
		Checksum: Incorrect (0xf8b0)
		Sender IP: 64.5.0.16
		Dest IP: 0.0.0.0

Packet number: 1143  Packet Len: 1294

	Ethernet Header
		Dest MAC: 34:c9:3d:d:55:9d
		Source MAC: a0:7f:8a:2f:ab:cf
		Type: IPv6

	IP Header
		IP PDU Len: 0
		Header Len (bytes): 0
		TTL: 38
		Protocol: Unknown
		Checksum: Incorrect (0xf8b0)
		Sender IP: 64.5.0.16
		Dest IP: 0.0.0.0

Packet number: 1144  Packet Len: 1294

	Ethernet Header
		Dest MAC: 34:c9:3d:d:55:9d
		Source MAC: a0:7f:8a:2f:ab:cf
		Type: IPv6

	IP Header
		IP PDU Len: 0
		Header Len (bytes): 0
		TTL: 38
		Protocol: Unknown
		Checksum: Incorrect (0xf8b0)
		Sender IP: 64.5.0.16
		Dest IP: 0.0.0.0

Packet number: 1145  Packet Len: 1294

	Ethernet Header
		Dest MAC: 34:c9:3d:d:55:9d
		Source MAC: a0:7f:8a:2f:ab:cf
		Type: IPv6

	IP Header
		IP PDU Len: 0
		Header Len (bytes): 0
		TTL: 38
		Protocol: Unknown
		Checksum: Incorrect (0xf8b0)
		Sender IP: 64.5.0.16
		Dest IP: 0.0.0.0

Packet number: 1146  Packet Len: 1294

	Ethernet Header
		Dest MAC: 34:c9:3d:d:55:9d
		Source MAC: a0:7f:8a:2f:ab:cf
		Type: IPv6

	IP Header
		IP PDU Len: 0
		Header Len (bytes): 0
		TTL: 38
		Protocol: Unknown
		Checksum: Incorrect (0xf8b0)
		Sender IP: 64.5.0.16
		Dest IP: 0.0.0.0

Packet number: 1147  Packet Len: 1294

	Ethernet Header
		Dest MAC: 34:c9:3d:d:55:9d
		Source MAC: a0:7f:8a:2f:ab:cf
		Type: IPv6

	IP Header
		IP PDU Len: 0
		Header Len (bytes): 0
		TTL: 38
		Protocol: Unknown
		Checksum: Incorrect (0xf8b0)
		Sender IP: 64.5.0.16
		Dest IP: 0.0.0.0

Packet number: 1148  Packet Len: 1294

	Ethernet Header
		Dest MAC: 34:c9:3d:d:55:9d
		Source MAC: a0:7f:8a:2f:ab:cf
		Type: IPv6

	IP Header
		IP PDU Len: 0
		Header Len (bytes): 0
		TTL: 38
		Protocol: Unknown
		Checksum: Incorrect (0xf8b0)
		Sender IP: 64.5.0.16
		Dest IP: 0.0.0.0

Packet number: 1149  Packet Len: 1294

	Ethernet Header
		Dest MAC: 34:c9:3d:d:55:9d
		Source MAC: a0:7f:8a:2f:ab:cf
		Type: IPv6

	IP Header
		IP PDU Len: 0
		Header Len (bytes): 0
		TTL: 38
		Protocol: Unknown
		Checksum: Incorrect (0xf8b0)
		Sender IP: 64.5.0.16
		Dest IP: 0.0.0.0

Packet number: 1150  Packet Len: 1294

	Ethernet Header
		Dest MAC: 34:c9:3d:d:55:9d
		Source MAC: a0:7f:8a:2f:ab:cf
		Type: IPv6

	IP Header
		IP PDU Len: 0
		Header Len (bytes): 0
		TTL: 38
		Protocol: Unknown
		Checksum: Incorrect (0xf8b0)
		Sender IP: 64.5.0.16
		Dest IP: 0.0.0.0

Packet number: 1151  Packet Len: 1294

	Ethernet Header
		Dest MAC: 34:c9:3d:d:55:9d
		Source MAC: a0:7f:8a:2f:ab:cf
		Type: IPv6

	IP Header
		IP PDU Len: 0
		Header Len (bytes): 0
		TTL: 38
		Protocol: Unknown
		Checksum: Incorrect (0xf8b0)
		Sender IP: 64.5.0.16
		Dest IP: 0.0.0.0

Packet number: 1152  Packet Len: 1294

	Ethernet Header
		Dest MAC: 34:c9:3d:d:55:9d
		Source MAC: a0:7f:8a:2f:ab:cf
		Type: IPv6

	IP Header
		IP PDU Len: 0
		Header Len (bytes): 0
		TTL: 38
		Protocol: Unknown
		Checksum: Incorrect (0xf8b0)
		Sender IP: 64.5.0.16
		Dest IP: 0.0.0.0

Packet number: 1153  Packet Len: 1294

	Ethernet Header
		Dest MAC: 34:c9:3d:d:55:9d
		Source MAC: a0:7f:8a:2f:ab:cf
		Type: IPv6

	IP Header
		IP PDU Len: 0
		Header Len (bytes): 0
		TTL: 38
		Protocol: Unknown
		Checksum: Incorrect (0xf8b0)
		Sender IP: 64.5.0.16
		Dest IP: 0.0.0.0

Packet number: 1154  Packet Len: 1294

	Ethernet Header
		Dest MAC: 34:c9:3d:d:55:9d
		Source MAC: a0:7f:8a:2f:ab:cf
		Type: IPv6

	IP Header
		IP PDU Len: 0
		Header Len (bytes): 0
		TTL: 38
		Protocol: Unknown
		Checksum: Incorrect (0xf8b0)
		Sender IP: 64.5.0.16
		Dest IP: 0.0.0.0

Packet number: 1155  Packet Len: 1294

	Ethernet Header
		Dest MAC: 34:c9:3d:d:55:9d
		Source MAC: a0:7f:8a:2f:ab:cf
		Type: IPv6

	IP Header
		IP PDU Len: 0
		Header Len (bytes): 0
		TTL: 38
		Protocol: Unknown
		Checksum: Incorrect (0xf8b0)
		Sender IP: 64.5.0.16
		Dest IP: 0.0.0.0

Packet number: 1156  Packet Len: 1294

	Ethernet Header
		Dest MAC: 34:c9:3d:d:55:9d
		Source MAC: a0:7f:8a:2f:ab:cf
		Type: IPv6

	IP Header
		IP PDU Len: 0
		Header Len (bytes): 0
		TTL: 38
		Protocol: Unknown
		Checksum: Incorrect (0xf8b0)
		Sender IP: 64.5.0.16
		Dest IP: 0.0.0.0

Packet number: 1157  Packet Len: 1294

	Ethernet Header
		Dest MAC: 34:c9:3d:d:55:9d
		Source MAC: a0:7f:8a:2f:ab:cf
		Type: IPv6

	IP Header
		IP PDU Len: 0
		Header Len (bytes): 0
		TTL: 38
		Protocol: Unknown
		Checksum: Incorrect (0xf8b0)
		Sender IP: 64.5.0.16
		Dest IP: 0.0.0.0

Packet number: 1158  Packet Len: 1294

	Ethernet Header
		Dest MAC: 34:c9:3d:d:55:9d
		Source MAC: a0:7f:8a:2f:ab:cf
		Type: IPv6

	IP Header
		IP PDU Len: 0
		Header Len (bytes): 0
		TTL: 38
		Protocol: Unknown
		Checksum: Incorrect (0xf8b0)
		Sender IP: 64.5.0.16
		Dest IP: 0.0.0.0

Packet number: 1159  Packet Len: 1294

	Ethernet Header
		Dest MAC: 34:c9:3d:d:55:9d
		Source MAC: a0:7f:8a:2f:ab:cf
		Type: IPv6

	IP Header
		IP PDU Len: 0
		Header Len (bytes): 0
		TTL: 38
		Protocol: Unknown
		Checksum: Incorrect (0xf8b0)
		Sender IP: 64.5.0.16
		Dest IP: 0.0.0.0

Packet number: 1160  Packet Len: 1294

	Ethernet Header
		Dest MAC: 34:c9:3d:d:55:9d
		Source MAC: a0:7f:8a:2f:ab:cf
		Type: IPv6

	IP Header
		IP PDU Len: 0
		Header Len (bytes): 0
		TTL: 38
		Protocol: Unknown
		Checksum: Incorrect (0xf8b0)
		Sender IP: 64.5.0.16
		Dest IP: 0.0.0.0

Packet number: 1161  Packet Len: 1294

	Ethernet Header
		Dest MAC: 34:c9:3d:d:55:9d
		Source MAC: a0:7f:8a:2f:ab:cf
		Type: IPv6

	IP Header
		IP PDU Len: 0
		Header Len (bytes): 0
		TTL: 38
		Protocol: Unknown
		Checksum: Incorrect (0xf8b0)
		Sender IP: 64.5.0.16
		Dest IP: 0.0.0.0

Packet number: 1162  Packet Len: 1294

	Ethernet Header
		Dest MAC: 34:c9:3d:d:55:9d
		Source MAC: a0:7f:8a:2f:ab:cf
		Type: IPv6

	IP Header
		IP PDU Len: 0
		Header Len (bytes): 0
		TTL: 38
		Protocol: Unknown
		Checksum: Incorrect (0xf8b0)
		Sender IP: 64.5.0.16
		Dest IP: 0.0.0.0

Packet number: 1163  Packet Len: 1294

	Ethernet Header
		Dest MAC: 34:c9:3d:d:55:9d
		Source MAC: a0:7f:8a:2f:ab:cf
		Type: IPv6

	IP Header
		IP PDU Len: 0
		Header Len (bytes): 0
		TTL: 38
		Protocol: Unknown
		Checksum: Incorrect (0xf8b0)
		Sender IP: 64.5.0.16
		Dest IP: 0.0.0.0

Packet number: 1164  Packet Len: 1294

	Ethernet Header
		Dest MAC: 34:c9:3d:d:55:9d
		Source MAC: a0:7f:8a:2f:ab:cf
		Type: IPv6

	IP Header
		IP PDU Len: 0
		Header Len (bytes): 0
		TTL: 38
		Protocol: Unknown
		Checksum: Incorrect (0xf8b0)
		Sender IP: 64.5.0.16
		Dest IP: 0.0.0.0

Packet number: 1165  Packet Len: 1294

	Ethernet Header
		Dest MAC: 34:c9:3d:d:55:9d
		Source MAC: a0:7f:8a:2f:ab:cf
		Type: IPv6

	IP Header
		IP PDU Len: 0
		Header Len (bytes): 0
		TTL: 38
		Protocol: Unknown
		Checksum: Incorrect (0xf8b0)
		Sender IP: 64.5.0.16
		Dest IP: 0.0.0.0

Packet number: 1166  Packet Len: 1294

	Ethernet Header
		Dest MAC: 34:c9:3d:d:55:9d
		Source MAC: a0:7f:8a:2f:ab:cf
		Type: IPv6

	IP Header
		IP PDU Len: 0
		Header Len (bytes): 0
		TTL: 38
		Protocol: Unknown
		Checksum: Incorrect (0xf8b0)
		Sender IP: 64.5.0.16
		Dest IP: 0.0.0.0

Packet number: 1167  Packet Len: 1294

	Ethernet Header
		Dest MAC: 34:c9:3d:d:55:9d
		Source MAC: a0:7f:8a:2f:ab:cf
		Type: IPv6

	IP Header
		IP PDU Len: 0
		Header Len (bytes): 0
		TTL: 38
		Protocol: Unknown
		Checksum: Incorrect (0xf8b0)
		Sender IP: 64.5.0.16
		Dest IP: 0.0.0.0

Packet number: 1168  Packet Len: 1294

	Ethernet Header
		Dest MAC: 34:c9:3d:d:55:9d
		Source MAC: a0:7f:8a:2f:ab:cf
		Type: IPv6

	IP Header
		IP PDU Len: 0
		Header Len (bytes): 0
		TTL: 38
		Protocol: Unknown
		Checksum: Incorrect (0xf8b0)
		Sender IP: 64.5.0.16
		Dest IP: 0.0.0.0

Packet number: 1169  Packet Len: 1294

	Ethernet Header
		Dest MAC: 34:c9:3d:d:55:9d
		Source MAC: a0:7f:8a:2f:ab:cf
		Type: IPv6

	IP Header
		IP PDU Len: 0
		Header Len (bytes): 0
		TTL: 38
		Protocol: Unknown
		Checksum: Incorrect (0xf8b0)
		Sender IP: 64.5.0.16
		Dest IP: 0.0.0.0

Packet number: 1170  Packet Len: 1294

	Ethernet Header
		Dest MAC: 34:c9:3d:d:55:9d
		Source MAC: a0:7f:8a:2f:ab:cf
		Type: IPv6

	IP Header
		IP PDU Len: 0
		Header Len (bytes): 0
		TTL: 38
		Protocol: Unknown
		Checksum: Incorrect (0xf8b0)
		Sender IP: 64.5.0.16
		Dest IP: 0.0.0.0

Packet number: 1171  Packet Len: 1294

	Ethernet Header
		Dest MAC: 34:c9:3d:d:55:9d
		Source MAC: a0:7f:8a:2f:ab:cf
		Type: IPv6

	IP Header
		IP PDU Len: 0
		Header Len (bytes): 0
		TTL: 38
		Protocol: Unknown
		Checksum: Incorrect (0xf8b0)
		Sender IP: 64.5.0.16
		Dest IP: 0.0.0.0

Packet number: 1172  Packet Len: 1294

	Ethernet Header
		Dest MAC: 34:c9:3d:d:55:9d
		Source MAC: a0:7f:8a:2f:ab:cf
		Type: IPv6

	IP Header
		IP PDU Len: 0
		Header Len (bytes): 0
		TTL: 38
		Protocol: Unknown
		Checksum: Incorrect (0xf8b0)
		Sender IP: 64.5.0.16
		Dest IP: 0.0.0.0

Packet number: 1173  Packet Len: 1294

	Ethernet Header
		Dest MAC: 34:c9:3d:d:55:9d
		Source MAC: a0:7f:8a:2f:ab:cf
		Type: IPv6

	IP Header
		IP PDU Len: 0
		Header Len (bytes): 0
		TTL: 38
		Protocol: Unknown
		Checksum: Incorrect (0xf8b0)
		Sender IP: 64.5.0.16
		Dest IP: 0.0.0.0

Packet number: 1174  Packet Len: 1294

	Ethernet Header
		Dest MAC: 34:c9:3d:d:55:9d
		Source MAC: a0:7f:8a:2f:ab:cf
		Type: IPv6

	IP Header
		IP PDU Len: 0
		Header Len (bytes): 0
		TTL: 38
		Protocol: Unknown
		Checksum: Incorrect (0xf8b0)
		Sender IP: 64.5.0.16
		Dest IP: 0.0.0.0

Packet number: 1175  Packet Len: 1294

	Ethernet Header
		Dest MAC: 34:c9:3d:d:55:9d
		Source MAC: a0:7f:8a:2f:ab:cf
		Type: IPv6

	IP Header
		IP PDU Len: 0
		Header Len (bytes): 0
		TTL: 38
		Protocol: Unknown
		Checksum: Incorrect (0xf8b0)
		Sender IP: 64.5.0.16
		Dest IP: 0.0.0.0

Packet number: 1176  Packet Len: 95

	Ethernet Header
		Dest MAC: a0:7f:8a:2f:ab:cf
		Source MAC: 34:c9:3d:d:55:9d
		Type: IPv6

	IP Header
		IP PDU Len: 10831
		Header Len (bytes): 0
		TTL: 38
		Protocol: Unknown
		Checksum: Incorrect (0x6c52)
		Sender IP: 125.240.137.160
		Dest IP: 173.18.185.215

Packet number: 1177  Packet Len: 1294

	Ethernet Header
		Dest MAC: 34:c9:3d:d:55:9d
		Source MAC: a0:7f:8a:2f:ab:cf
		Type: IPv6

	IP Header
		IP PDU Len: 0
		Header Len (bytes): 0
		TTL: 38
		Protocol: Unknown
		Checksum: Incorrect (0xf8b0)
		Sender IP: 64.5.0.16
		Dest IP: 0.0.0.0

Packet number: 1178  Packet Len: 1294

	Ethernet Header
		Dest MAC: 34:c9:3d:d:55:9d
		Source MAC: a0:7f:8a:2f:ab:cf
		Type: IPv6

	IP Header
		IP PDU Len: 0
		Header Len (bytes): 0
		TTL: 38
		Protocol: Unknown
		Checksum: Incorrect (0xf8b0)
		Sender IP: 64.5.0.16
		Dest IP: 0.0.0.0

Packet number: 1179  Packet Len: 1294

	Ethernet Header
		Dest MAC: 34:c9:3d:d:55:9d
		Source MAC: a0:7f:8a:2f:ab:cf
		Type: IPv6

	IP Header
		IP PDU Len: 0
		Header Len (bytes): 0
		TTL: 38
		Protocol: Unknown
		Checksum: Incorrect (0xf8b0)
		Sender IP: 64.5.0.16
		Dest IP: 0.0.0.0

Packet number: 1180  Packet Len: 1294

	Ethernet Header
		Dest MAC: 34:c9:3d:d:55:9d
		Source MAC: a0:7f:8a:2f:ab:cf
		Type: IPv6

	IP Header
		IP PDU Len: 0
		Header Len (bytes): 0
		TTL: 38
		Protocol: Unknown
		Checksum: Incorrect (0xf8b0)
		Sender IP: 64.5.0.16
		Dest IP: 0.0.0.0

Packet number: 1181  Packet Len: 1294

	Ethernet Header
		Dest MAC: 34:c9:3d:d:55:9d
		Source MAC: a0:7f:8a:2f:ab:cf
		Type: IPv6

	IP Header
		IP PDU Len: 0
		Header Len (bytes): 0
		TTL: 38
		Protocol: Unknown
		Checksum: Incorrect (0xf8b0)
		Sender IP: 64.5.0.16
		Dest IP: 0.0.0.0

Packet number: 1182  Packet Len: 1294

	Ethernet Header
		Dest MAC: 34:c9:3d:d:55:9d
		Source MAC: a0:7f:8a:2f:ab:cf
		Type: IPv6

	IP Header
		IP PDU Len: 0
		Header Len (bytes): 0
		TTL: 38
		Protocol: Unknown
		Checksum: Incorrect (0xf8b0)
		Sender IP: 64.5.0.16
		Dest IP: 0.0.0.0

Packet number: 1183  Packet Len: 1294

	Ethernet Header
		Dest MAC: 34:c9:3d:d:55:9d
		Source MAC: a0:7f:8a:2f:ab:cf
		Type: IPv6

	IP Header
		IP PDU Len: 0
		Header Len (bytes): 0
		TTL: 38
		Protocol: Unknown
		Checksum: Incorrect (0xf8b0)
		Sender IP: 64.5.0.16
		Dest IP: 0.0.0.0

Packet number: 1184  Packet Len: 1294

	Ethernet Header
		Dest MAC: 34:c9:3d:d:55:9d
		Source MAC: a0:7f:8a:2f:ab:cf
		Type: IPv6

	IP Header
		IP PDU Len: 0
		Header Len (bytes): 0
		TTL: 38
		Protocol: Unknown
		Checksum: Incorrect (0xf8b0)
		Sender IP: 64.5.0.16
		Dest IP: 0.0.0.0

Packet number: 1185  Packet Len: 1294

	Ethernet Header
		Dest MAC: 34:c9:3d:d:55:9d
		Source MAC: a0:7f:8a:2f:ab:cf
		Type: IPv6

	IP Header
		IP PDU Len: 0
		Header Len (bytes): 0
		TTL: 38
		Protocol: Unknown
		Checksum: Incorrect (0xf8b0)
		Sender IP: 64.5.0.16
		Dest IP: 0.0.0.0

Packet number: 1186  Packet Len: 1294

	Ethernet Header
		Dest MAC: 34:c9:3d:d:55:9d
		Source MAC: a0:7f:8a:2f:ab:cf
		Type: IPv6

	IP Header
		IP PDU Len: 0
		Header Len (bytes): 0
		TTL: 38
		Protocol: Unknown
		Checksum: Incorrect (0xf8b0)
		Sender IP: 64.5.0.16
		Dest IP: 0.0.0.0

Packet number: 1187  Packet Len: 1294

	Ethernet Header
		Dest MAC: 34:c9:3d:d:55:9d
		Source MAC: a0:7f:8a:2f:ab:cf
		Type: IPv6

	IP Header
		IP PDU Len: 0
		Header Len (bytes): 0
		TTL: 38
		Protocol: Unknown
		Checksum: Incorrect (0xf8b0)
		Sender IP: 64.5.0.16
		Dest IP: 0.0.0.0

Packet number: 1188  Packet Len: 1294

	Ethernet Header
		Dest MAC: 34:c9:3d:d:55:9d
		Source MAC: a0:7f:8a:2f:ab:cf
		Type: IPv6

	IP Header
		IP PDU Len: 0
		Header Len (bytes): 0
		TTL: 38
		Protocol: Unknown
		Checksum: Incorrect (0xf8b0)
		Sender IP: 64.5.0.16
		Dest IP: 0.0.0.0

Packet number: 1189  Packet Len: 95

	Ethernet Header
		Dest MAC: a0:7f:8a:2f:ab:cf
		Source MAC: 34:c9:3d:d:55:9d
		Type: IPv6

	IP Header
		IP PDU Len: 10831
		Header Len (bytes): 0
		TTL: 38
		Protocol: Unknown
		Checksum: Incorrect (0x6c52)
		Sender IP: 125.240.137.160
		Dest IP: 173.18.185.215

Packet number: 1190  Packet Len: 1294

	Ethernet Header
		Dest MAC: 34:c9:3d:d:55:9d
		Source MAC: a0:7f:8a:2f:ab:cf
		Type: IPv6

	IP Header
		IP PDU Len: 0
		Header Len (bytes): 0
		TTL: 38
		Protocol: Unknown
		Checksum: Incorrect (0xf8b0)
		Sender IP: 64.5.0.16
		Dest IP: 0.0.0.0

Packet number: 1191  Packet Len: 626

	Ethernet Header
		Dest MAC: 34:c9:3d:d:55:9d
		Source MAC: a0:7f:8a:2f:ab:cf
		Type: IPv6

	IP Header
		IP PDU Len: 0
		Header Len (bytes): 0
		TTL: 38
		Protocol: Unknown
		Checksum: Incorrect (0xf8b0)
		Sender IP: 64.5.0.16
		Dest IP: 0.0.0.0

Packet number: 1192  Packet Len: 95

	Ethernet Header
		Dest MAC: a0:7f:8a:2f:ab:cf
		Source MAC: 34:c9:3d:d:55:9d
		Type: IPv6

	IP Header
		IP PDU Len: 10831
		Header Len (bytes): 0
		TTL: 38
		Protocol: Unknown
		Checksum: Incorrect (0x6c52)
		Sender IP: 125.240.137.160
		Dest IP: 173.18.185.215

Packet number: 1193  Packet Len: 91

	Ethernet Header
		Dest MAC: 34:c9:3d:d:55:9d
		Source MAC: a0:7f:8a:2f:ab:cf
		Type: IPv6

	IP Header
		IP PDU Len: 0
		Header Len (bytes): 0
		TTL: 38
		Protocol: Unknown
		Checksum: Incorrect (0xf8b0)
		Sender IP: 64.5.0.16
		Dest IP: 0.0.0.0
